player_name,season,team,innings,not_outs,total_runs,highest_score,avg_runs_per_innings,centuries,fifties,thirties,ducks,total_balls,total_fours,total_sixes,total_dot_balls,total_pp_runs,total_middle_runs,total_death_runs,season_strike_rate,season_boundary_pct,season_dot_ball_pct,batting_average
SE Marsh,2008,Punjab Kings,11,1,616,115,56.0,1,5,3,0,452,59,26,151,212,353,51,136.28,18.81,33.41,61.6
G Gambhir,2008,Delhi Capitals,14,1,534,86,38.14,0,5,3,0,394,68,8,112,300,210,24,135.53,19.29,28.43,41.08
ST Jayasuriya,2008,Mumbai Indians,14,2,514,114,36.71,1,2,4,0,333,57,31,127,350,164,0,154.35,26.43,38.14,42.83
SR Watson,2008,Rajasthan Royals,15,6,472,76,31.47,0,4,2,1,322,47,19,95,58,351,63,146.58,20.5,29.5,52.44
GC Smith,2008,Rajasthan Royals,11,2,441,91,40.09,0,3,3,0,375,54,8,137,181,204,56,117.6,16.53,36.53,49.0
AC Gilchrist,2008,Sunrisers Hyderabad,14,1,436,109,31.14,1,3,1,0,328,51,19,134,274,162,0,132.93,21.34,40.85,33.54
YK Pathan,2008,Rajasthan Royals,15,3,435,68,29.0,0,4,3,0,253,43,25,75,115,207,113,171.94,26.88,29.64,36.25
SK Raina,2008,Chennai Super Kings,14,5,421,55,30.07,0,3,4,0,304,35,18,84,93,281,47,138.49,17.43,27.63,46.78
MS Dhoni,2008,Chennai Super Kings,14,4,414,65,29.57,0,2,6,0,319,38,15,105,0,229,185,129.78,16.61,32.92,41.4
V Sehwag,2008,Delhi Capitals,14,3,406,94,29.0,0,3,2,2,229,46,21,58,236,170,0,177.29,29.26,25.33,36.91
RG Sharma,2008,Sunrisers Hyderabad,12,1,404,76,33.67,0,4,3,1,276,38,19,90,16,232,156,146.38,20.65,32.61,36.73
R Dravid,2008,Royal Challengers Bengaluru,14,1,371,75,26.5,0,2,4,2,299,35,11,100,37,221,113,124.08,15.38,33.44,28.54
SC Ganguly,2008,Kolkata Knight Riders,13,1,349,91,26.85,0,3,1,0,324,33,15,142,128,159,62,107.72,14.81,43.83,29.08
S Dhawan,2008,Delhi Capitals,14,4,340,68,24.29,0,4,0,1,308,35,8,114,65,198,77,110.39,13.96,37.01,34.0
RV Uthappa,2008,Mumbai Indians,14,4,320,48,22.86,0,0,5,0,291,34,9,110,54,212,54,109.97,14.78,37.8,32.0
KC Sangakkara,2008,Punjab Kings,9,0,320,94,35.56,0,4,0,0,207,41,8,56,134,138,48,154.59,23.67,27.05,35.56
DJ Hussey,2008,Kolkata Knight Riders,13,2,319,71,24.54,0,2,3,2,267,19,17,95,20,174,125,119.48,13.48,35.58,29.0
SA Asnodkar,2008,Rajasthan Royals,9,1,311,60,34.56,0,2,4,0,241,43,6,81,208,103,0,129.05,20.33,33.61,38.88
PA Patel,2008,Chennai Super Kings,13,2,302,54,23.23,0,2,1,1,315,42,3,143,198,104,0,95.87,14.29,45.4,27.45
Yuvraj Singh,2008,Punjab Kings,14,2,299,57,21.36,0,1,2,0,191,24,19,60,27,163,109,156.54,22.51,31.41,24.92
Y Venugopal Rao,2008,Sunrisers Hyderabad,10,2,288,71,28.8,0,2,2,0,217,22,15,73,35,112,141,132.72,17.05,33.64,36.0
JA Morkel,2008,Chennai Super Kings,10,3,241,71,24.1,0,1,2,0,168,18,14,56,0,135,106,143.45,19.05,33.33,34.43
MV Boucher,2008,Royal Challengers Bengaluru,10,2,225,50,22.5,0,1,3,0,181,24,6,59,22,89,114,124.31,16.57,32.6,28.13
JR Hopes,2008,Punjab Kings,11,0,221,71,20.09,0,2,0,1,152,27,8,57,145,76,0,145.39,23.03,37.5,20.09
AM Nayar,2008,Mumbai Indians,10,2,206,45,20.6,0,0,3,0,142,16,9,34,0,107,99,145.07,17.61,23.94,25.75
JH Kallis,2008,Royal Challengers Bengaluru,11,1,199,54,18.09,0,1,1,0,188,23,4,71,95,77,27,105.85,14.36,37.77,19.9
SP Fleming,2008,Chennai Super Kings,10,1,196,45,19.6,0,0,3,1,171,27,3,74,120,76,0,114.62,17.54,43.27,21.78
Salman Butt,2008,Kolkata Knight Riders,7,0,193,73,27.57,0,1,1,0,172,30,2,70,104,73,16,112.21,18.6,40.7,27.57
S Badrinath,2008,Chennai Super Kings,11,5,192,64,17.45,0,2,1,1,138,21,8,49,34,61,97,139.13,21.01,35.51,32.0
ML Hayden,2008,Chennai Super Kings,4,2,189,81,47.25,0,2,0,0,135,24,6,42,77,69,43,140.0,22.22,31.11,94.5
SR Tendulkar,2008,Mumbai Indians,7,1,188,65,26.86,0,1,2,1,189,26,2,79,92,75,21,99.47,14.81,41.8,31.33
BB McCullum,2008,Kolkata Knight Riders,4,1,188,158,47.0,1,0,0,0,96,13,15,25,71,58,59,195.83,29.17,26.04,62.67
DPMD Jayawardene,2008,Punjab Kings,12,4,179,45,14.92,0,0,2,0,138,15,7,42,39,95,45,129.71,15.94,30.43,22.38
DJ Bravo,2008,Mumbai Indians,7,1,178,64,25.43,0,1,2,0,137,19,5,46,24,92,62,129.93,17.52,33.58,29.67
M Kaif,2008,Rajasthan Royals,14,5,176,34,12.57,0,0,2,0,176,14,6,76,22,117,37,100.0,11.36,43.18,19.56
MEK Hussey,2008,Chennai Super Kings,3,1,168,116,56.0,1,0,1,0,100,12,11,29,24,78,66,168.0,23.0,29.0,84.0
HH Gibbs,2008,Sunrisers Hyderabad,9,0,167,47,18.56,0,0,2,0,159,17,8,80,98,69,0,105.03,15.72,50.31,18.56
V Kohli,2008,Royal Challengers Bengaluru,12,1,165,38,13.75,0,0,2,1,168,18,4,67,53,90,22,98.21,13.1,39.88,15.0
LR Shukla,2008,Kolkata Knight Riders,12,4,163,42,13.58,0,0,2,1,127,17,5,32,1,54,108,128.35,17.32,25.2,20.38
A Symonds,2008,Sunrisers Hyderabad,3,1,161,117,53.67,1,0,1,0,111,15,9,39,23,91,47,145.05,21.62,35.14,80.5
WP Saha,2008,Kolkata Knight Riders,10,4,159,59,15.9,0,1,0,0,119,12,7,44,37,49,73,133.61,15.97,36.97,26.5
VVS Laxman,2008,Sunrisers Hyderabad,6,1,155,52,25.83,0,1,2,1,134,22,1,49,78,74,3,115.67,17.16,36.57,31.0
LA Pomersbach,2008,Punjab Kings,5,4,152,79,30.4,0,1,1,0,101,13,9,28,35,76,41,150.5,21.78,27.72,152.0
LRPL Taylor,2008,Royal Challengers Bengaluru,4,0,149,53,37.25,0,1,1,0,85,13,10,22,94,55,0,175.29,27.06,25.88,37.25
SM Pollock,2008,Mumbai Indians,8,0,147,33,18.38,0,0,2,2,116,12,8,40,1,66,80,126.72,17.24,34.48,18.38
S Vidyut,2008,Chennai Super Kings,8,0,145,54,18.13,0,1,1,1,115,21,3,48,103,42,0,126.09,20.87,41.74,18.13
KD Karthik,2008,Delhi Capitals,8,1,145,56,18.13,0,1,0,0,108,13,4,31,0,100,45,134.26,15.74,28.7,20.71
RA Jadeja,2008,Rajasthan Royals,9,2,135,36,15.0,0,0,2,2,108,11,6,34,0,79,56,125.0,15.74,31.48,19.29
IK Pathan,2008,Punjab Kings,10,5,131,40,13.1,0,0,1,0,120,9,6,46,7,26,98,109.17,12.5,38.33,26.2
Kamran Akmal,2008,Rajasthan Royals,6,2,128,53,21.33,0,1,0,0,78,13,8,31,51,51,26,164.1,26.92,39.74,32.0
MF Maharoof,2008,Delhi Capitals,8,2,125,39,15.63,0,0,1,1,79,10,7,25,0,14,111,158.23,21.52,31.65,20.83
Misbah-ul-Haq,2008,Royal Challengers Bengaluru,8,0,117,47,14.63,0,0,2,2,82,10,6,28,27,48,42,142.68,19.51,34.15,14.63
W Jaffer,2008,Royal Challengers Bengaluru,6,1,115,50,19.17,0,1,1,1,110,12,3,45,62,53,0,104.55,13.64,40.91,23.0
CL White,2008,Royal Challengers Bengaluru,8,3,114,31,14.25,0,0,2,1,105,8,4,37,7,90,17,108.57,11.43,35.24,22.8
P Kumar,2008,Royal Challengers Bengaluru,12,3,112,34,9.33,0,0,1,2,100,10,6,48,6,33,73,112.0,16.0,48.0,12.44
SB Styris,2008,Sunrisers Hyderabad,8,2,112,36,14.0,0,0,1,0,124,9,2,47,8,77,27,90.32,8.87,37.9,18.67
DB Ravi Teja,2008,Sunrisers Hyderabad,6,0,109,40,18.17,0,0,2,0,85,10,5,29,10,38,61,128.24,17.65,34.12,18.17
MK Tiwary,2008,Delhi Capitals,7,4,104,39,14.86,0,0,2,1,87,16,0,29,14,58,32,119.54,18.39,33.33,34.67
TM Dilshan,2008,Delhi Capitals,7,3,104,33,14.86,0,0,1,1,79,14,3,33,8,64,32,131.65,21.52,41.77,26.0
NK Patel,2008,Rajasthan Royals,4,1,103,57,25.75,0,1,1,0,83,13,1,29,35,31,37,124.1,16.87,34.94,34.33
DB Das,2008,Kolkata Knight Riders,6,0,103,31,17.17,0,0,1,1,95,9,5,42,35,49,19,108.42,14.74,44.21,17.17
SM Katich,2008,Punjab Kings,2,1,96,75,48.0,0,1,0,0,72,11,2,22,35,41,20,133.33,18.06,30.56,96.0
AB de Villiers,2008,Delhi Capitals,6,2,95,26,15.83,0,0,0,1,100,5,1,37,28,56,11,95.0,6.0,37.0,23.75
PP Chawla,2008,Punjab Kings,7,3,90,24,12.86,0,0,0,2,61,10,3,23,0,12,78,147.54,21.31,37.7,22.5
SP Goswami,2008,Royal Challengers Bengaluru,3,0,82,52,27.33,0,1,0,0,86,9,1,41,34,48,0,95.35,11.63,47.67,27.33
Shahid Afridi,2008,Sunrisers Hyderabad,9,1,81,33,9.0,0,0,1,1,46,7,6,19,43,16,22,176.09,28.26,41.3,10.13
K Goel,2008,Punjab Kings,6,1,76,26,12.67,0,0,0,0,79,7,4,44,61,15,0,96.2,13.92,55.7,15.2
RR Sarwan,2008,Punjab Kings,4,1,73,31,18.25,0,0,1,0,78,6,1,30,45,28,0,93.59,8.97,38.46,24.33
SK Warne,2008,Rajasthan Royals,7,0,70,22,10.0,0,0,0,1,60,7,2,22,0,9,61,116.67,15.0,36.67,10.0
YV Takawale,2008,Mumbai Indians,4,2,70,27,17.5,0,0,0,0,69,7,2,32,32,9,29,101.45,13.04,46.38,35.0
Mohammad Hafeez,2008,Kolkata Knight Riders,8,1,64,16,8.0,0,0,0,0,84,7,2,46,28,26,10,76.19,10.71,54.76,9.14
AB Agarkar,2008,Kolkata Knight Riders,6,2,54,20,9.0,0,0,0,0,49,5,2,19,20,22,12,110.2,14.29,38.78,13.5
Shoaib Malik,2008,Delhi Capitals,5,1,52,24,10.4,0,0,0,0,49,5,0,13,17,27,8,106.12,10.2,26.53,13.0
AS Yadav,2008,Sunrisers Hyderabad,6,1,49,16,8.17,0,0,0,1,40,5,2,15,0,10,39,122.5,17.5,37.5,9.8
SB Bangar,2008,Sunrisers Hyderabad,6,1,47,17,7.83,0,0,0,0,49,1,3,20,0,15,32,95.92,8.16,40.82,9.4
B Akhil,2008,Royal Challengers Bengaluru,7,4,46,27,6.57,0,0,0,1,32,4,3,11,0,5,41,143.75,21.88,34.38,15.33
DR Smith,2008,Mumbai Indians,3,1,45,20,15.0,0,0,0,0,41,5,1,16,18,19,8,109.76,14.63,39.02,22.5
A Chopra,2008,Kolkata Knight Riders,5,1,42,24,8.4,0,0,0,0,55,5,0,27,23,18,1,76.36,9.09,49.09,10.5
LPC Silva,2008,Sunrisers Hyderabad,3,1,40,23,13.33,0,0,0,1,27,5,1,7,9,8,23,148.15,22.22,25.93,20.0
RT Ponting,2008,Kolkata Knight Riders,4,1,39,20,9.75,0,0,0,2,53,2,1,24,5,34,0,73.58,5.66,45.28,13.0
Umar Gul,2008,Kolkata Knight Riders,4,1,39,24,9.75,0,0,0,0,19,1,5,6,0,0,39,205.26,31.58,31.58,13.0
DJ Thornely,2008,Mumbai Indians,4,1,39,30,9.75,0,0,1,1,54,2,2,26,4,35,0,72.22,7.41,48.15,13.0
A Mishra,2008,Delhi Capitals,3,0,37,31,12.33,0,0,1,0,42,3,0,16,0,31,6,88.1,7.14,38.1,12.33
Sohail Tanvir,2008,Rajasthan Royals,5,2,36,13,7.2,0,0,0,0,31,3,1,9,13,11,12,116.13,12.9,29.03,12.0
MS Gony,2008,Chennai Super Kings,5,4,35,15,7.0,0,0,0,0,25,2,3,9,0,0,35,140.0,20.0,36.0,35.0
R Bhatia,2008,Delhi Capitals,3,1,34,17,11.33,0,0,0,0,28,2,2,8,0,5,29,121.43,14.29,28.57,17.0
Z Khan,2008,Royal Challengers Bengaluru,7,3,34,17,4.86,0,0,0,1,43,4,0,21,0,4,30,79.07,9.3,48.84,8.5
M Rawat,2008,Rajasthan Royals,7,3,34,23,4.86,0,0,0,1,39,3,1,19,0,10,24,87.18,10.26,48.72,8.5
PR Shah,2008,Mumbai Indians,4,0,34,19,8.5,0,0,0,1,38,4,0,13,0,19,15,89.47,10.53,34.21,8.5
L Ronchi,2008,Mumbai Indians,4,2,34,13,8.5,0,0,0,0,34,6,1,21,34,0,0,100.0,20.59,61.76,17.0
D Salunkhe,2008,Rajasthan Royals,3,2,33,26,11.0,0,0,0,0,24,5,0,8,0,8,25,137.5,20.83,33.33,33.0
T Taibu,2008,Kolkata Knight Riders,3,0,31,15,10.33,0,0,0,0,26,3,0,9,0,19,12,119.23,11.54,34.62,10.33
Harbhajan Singh,2008,Mumbai Indians,3,1,30,28,10.0,0,0,0,1,17,1,3,6,0,0,30,176.47,23.53,35.29,15.0
M Kartik,2008,Kolkata Knight Riders,3,0,30,17,10.0,0,0,0,0,28,3,0,8,0,17,13,107.14,10.71,28.57,10.0
RR Powar,2008,Punjab Kings,1,1,28,28,28.0,0,0,0,0,21,4,1,9,0,0,28,133.33,23.81,42.86,
RP Singh,2008,Sunrisers Hyderabad,9,4,27,10,3.0,0,0,0,0,25,2,1,7,0,0,27,108.0,12.0,28.0,5.4
WA Mota,2008,Punjab Kings,2,1,26,25,13.0,0,0,0,0,28,2,0,9,0,12,14,92.86,7.14,32.14,26.0
SS Tiwary,2008,Mumbai Indians,2,0,26,17,13.0,0,0,0,0,20,3,1,8,0,17,9,130.0,20.0,40.0,13.0
S Chanderpaul,2008,Royal Challengers Bengaluru,3,0,25,16,8.33,0,0,0,0,33,4,0,18,25,0,0,75.76,12.12,54.55,8.33
R Vinay Kumar,2008,Royal Challengers Bengaluru,4,1,25,23,6.25,0,0,0,1,28,2,1,9,0,8,17,89.29,10.71,32.14,8.33
MA Khote,2008,Mumbai Indians,3,1,24,9,8.0,0,0,0,0,22,2,1,7,0,6,18,109.09,13.64,31.82,12.0
J Arunkumar,2008,Royal Challengers Bengaluru,3,0,23,22,7.67,0,0,0,1,24,5,0,14,23,0,0,95.83,20.83,58.33,7.67
WPUJC Vaas,2008,Sunrisers Hyderabad,4,2,21,12,5.25,0,0,0,1,18,0,1,6,0,2,19,116.67,5.56,33.33,10.5
B Chipli,2008,Royal Challengers Bengaluru,3,0,20,10,6.67,0,0,0,0,30,3,0,17,20,0,0,66.67,10.0,56.67,6.67
SD Chitnis,2008,Mumbai Indians,2,0,18,15,9.0,0,0,0,0,10,1,1,1,0,0,18,180.0,20.0,10.0,9.0
DS Lehmann,2008,Rajasthan Royals,2,0,18,17,9.0,0,0,0,0,19,3,0,8,4,14,0,94.74,15.79,42.11,9.0
JDP Oram,2008,Chennai Super Kings,2,1,18,13,9.0,0,0,0,0,13,1,1,3,0,7,11,138.46,15.38,23.08,18.0
B Lee,2008,Punjab Kings,3,1,17,16,5.67,0,0,0,1,14,2,1,6,0,0,17,121.43,21.43,42.86,8.5
CK Kapugedera,2008,Chennai Super Kings,3,0,16,8,5.33,0,0,0,1,24,0,0,7,0,1,15,66.67,0.0,29.17,5.33
Joginder Sharma,2008,Chennai Super Kings,2,0,16,16,8.0,0,0,0,1,11,1,1,3,0,0,16,145.45,18.18,27.27,8.0
VY Mahesh,2008,Delhi Capitals,5,3,15,6,3.0,0,0,0,0,28,0,0,13,0,3,12,53.57,0.0,46.43,7.5
DT Patil,2008,Royal Challengers Bengaluru,2,1,13,9,6.5,0,0,0,0,13,1,0,5,0,9,4,100.0,7.69,38.46,13.0
A Kumble,2008,Royal Challengers Bengaluru,4,3,13,8,3.25,0,0,0,0,17,1,0,7,0,0,13,76.47,5.88,41.18,13.0
BJ Hodge,2008,Kolkata Knight Riders,3,1,12,10,4.0,0,0,0,0,18,2,0,11,12,0,0,66.67,11.11,61.11,6.0
I Sharma,2008,Kolkata Knight Riders,5,4,11,4,2.2,0,0,0,0,11,1,0,4,0,4,7,100.0,9.09,36.36,11.0
M Ntini,2008,Chennai Super Kings,2,1,11,11,5.5,0,0,0,0,19,2,0,14,0,0,11,57.89,10.53,73.68,11.0
DNT Zoysa,2008,Sunrisers Hyderabad,2,1,11,10,5.5,0,0,0,0,9,1,0,1,0,1,10,122.22,11.11,11.11,11.0
T Kohli,2008,Rajasthan Royals,2,0,10,7,5.0,0,0,0,0,16,0,1,10,7,0,3,62.5,6.25,62.5,5.0
AA Noffke,2008,Royal Challengers Bengaluru,1,0,9,9,9.0,0,0,0,0,12,1,0,4,0,9,0,75.0,8.33,33.33,9.0
AD Mascarenhas,2008,Rajasthan Royals,1,0,9,9,9.0,0,0,0,0,8,0,1,4,0,3,6,112.5,12.5,50.0,9.0
TM Srivastava,2008,Punjab Kings,2,1,8,7,4.0,0,0,0,0,10,0,0,4,0,2,6,80.0,0.0,40.0,8.0
RR Raje,2008,Mumbai Indians,3,3,8,6,2.67,0,0,0,0,9,1,0,4,0,0,8,88.89,11.11,44.44,
SB Joshi,2008,Royal Challengers Bengaluru,2,0,6,3,3.0,0,0,0,0,16,0,0,8,0,6,0,37.5,0.0,50.0,3.0
Pankaj Singh,2008,Rajasthan Royals,2,2,5,4,2.5,0,0,0,0,8,0,0,4,0,0,5,62.5,0.0,50.0,
SK Trivedi,2008,Rajasthan Royals,3,2,5,3,1.67,0,0,0,0,12,0,0,7,0,0,5,41.67,0.0,58.33,5.0
S Sohal,2008,Punjab Kings,2,0,4,4,2.0,0,0,0,1,8,0,0,5,0,0,4,50.0,0.0,62.5,2.0
VRV Singh,2008,Punjab Kings,2,1,4,4,2.0,0,0,0,1,3,1,0,1,0,0,4,133.33,33.33,33.33,4.0
AM Rahane,2008,Mumbai Indians,2,0,4,4,2.0,0,0,0,1,19,1,0,16,4,0,0,21.05,5.26,84.21,2.0
GD McGrath,2008,Delhi Capitals,2,1,4,4,2.0,0,0,0,1,5,1,0,4,0,0,4,80.0,20.0,80.0,4.0
A Nehra,2008,Mumbai Indians,3,3,3,2,1.0,0,0,0,0,13,0,0,9,0,0,3,23.08,0.0,69.23,
MK Pandey,2008,Mumbai Indians,2,0,3,3,1.5,0,0,0,1,10,0,0,6,0,0,3,30.0,0.0,60.0,1.5
D Kalyankrishna,2008,Sunrisers Hyderabad,1,0,3,3,3.0,0,0,0,0,8,0,0,4,0,0,3,37.5,0.0,50.0,3.0
Younis Khan,2008,Rajasthan Royals,1,0,3,3,3.0,0,0,0,0,7,0,0,4,3,0,0,42.86,0.0,57.14,3.0
Mohammad Asif,2008,Delhi Capitals,2,0,3,3,1.5,0,0,0,1,6,0,0,3,0,2,1,50.0,0.0,50.0,1.5
PP Ojha,2008,Sunrisers Hyderabad,3,2,2,1,0.67,0,0,0,1,4,0,0,1,0,0,2,50.0,0.0,25.0,2.0
VS Yeligati,2008,Mumbai Indians,1,0,2,2,2.0,0,0,0,0,2,0,0,1,0,0,2,100.0,0.0,50.0,2.0
Shoaib Akhtar,2008,Kolkata Knight Riders,1,0,2,2,2.0,0,0,0,0,8,0,0,5,0,2,0,25.0,0.0,62.5,2.0
PJ Sangwan,2008,Delhi Capitals,2,0,2,2,1.0,0,0,0,1,5,0,0,3,0,0,2,40.0,0.0,60.0,1.0
DS Kulkarni,2008,Mumbai Indians,1,1,2,2,2.0,0,0,0,0,17,0,0,14,0,0,2,11.76,0.0,82.35,
DW Steyn,2008,Royal Challengers Bengaluru,2,0,2,1,1.0,0,0,0,0,5,0,0,3,0,0,2,40.0,0.0,60.0,1.0
H Das,2008,Sunrisers Hyderabad,1,0,2,2,2.0,0,0,0,0,5,0,0,3,0,0,2,40.0,0.0,60.0,2.0
AB Dinda,2008,Kolkata Knight Riders,2,1,2,1,1.0,0,0,0,0,4,0,0,1,0,1,1,50.0,0.0,25.0,2.0
CRD Fernando,2008,Mumbai Indians,1,0,2,2,2.0,0,0,0,0,1,0,0,0,0,0,2,200.0,0.0,0.0,2.0
Iqbal Abdulla,2008,Kolkata Knight Riders,1,1,1,1,1.0,0,0,0,0,2,0,0,1,0,0,1,50.0,0.0,50.0,
DP Vijaykumar,2008,Sunrisers Hyderabad,1,1,1,1,1.0,0,0,0,0,1,0,0,0,0,0,1,100.0,0.0,0.0,
PM Sarvesh Kumar,2008,Sunrisers Hyderabad,1,1,1,1,1.0,0,0,0,0,2,0,0,1,0,0,1,50.0,0.0,50.0,
S Anirudha,2008,Chennai Super Kings,1,0,1,1,1.0,0,0,0,0,8,0,0,5,1,0,0,12.5,0.0,62.5,1.0
L Balaji,2008,Chennai Super Kings,1,0,0,0,0.0,0,0,0,1,5,0,0,3,0,0,0,0.0,0.0,60.0,0.0
S Sreesanth,2008,Punjab Kings,2,1,0,0,0.0,0,0,0,1,3,0,0,2,0,0,0,0.0,0.0,66.67,0.0
MM Patel,2008,Rajasthan Royals,1,1,0,0,0.0,0,0,0,0,1,0,0,1,0,0,0,0.0,0.0,100.0,
M Muralitharan,2008,Chennai Super Kings,1,0,0,0,0.0,0,0,0,1,3,0,0,3,0,0,0,0.0,0.0,100.0,0.0
U Kaul,2008,Punjab Kings,1,1,0,0,0.0,0,0,0,0,1,0,0,1,0,0,0,0.0,0.0,100.0,
A Mukund,2008,Chennai Super Kings,1,0,0,0,0.0,0,0,0,1,1,0,0,1,0,0,0,0.0,0.0,100.0,0.0
Abdur Razzak,2008,Royal Challengers Bengaluru,1,1,0,0,0.0,0,0,0,0,2,0,0,2,0,0,0,0.0,0.0,100.0,
ML Hayden,2009,Chennai Super Kings,12,2,572,89,47.67,0,5,5,0,409,60,22,135,285,234,53,139.85,20.05,33.01,57.2
AC Gilchrist,2009,Sunrisers Hyderabad,16,0,495,85,30.94,0,3,4,2,337,54,29,143,382,113,0,146.88,24.63,42.43,30.94
AB de Villiers,2009,Delhi Capitals,13,4,465,105,35.77,1,3,2,1,359,39,12,107,61,228,176,129.53,14.21,29.81,51.67
SK Raina,2009,Chennai Super Kings,14,0,434,98,31.0,0,2,4,0,318,37,21,105,141,216,77,136.48,18.24,33.02,31.0
TM Dilshan,2009,Delhi Capitals,13,3,418,67,32.15,0,4,3,0,357,42,13,133,151,171,96,117.09,15.41,37.25,41.8
JP Duminy,2009,Mumbai Indians,12,4,372,62,31.0,0,5,1,1,334,26,11,105,68,168,136,111.38,11.08,31.44,46.5
HH Gibbs,2009,Sunrisers Hyderabad,14,3,371,69,26.5,0,4,1,4,344,32,12,131,172,152,47,107.85,12.79,38.08,33.73
BJ Hodge,2009,Kolkata Knight Riders,12,2,365,73,30.42,0,3,2,1,317,34,9,115,52,208,105,115.14,13.56,36.28,36.5
SR Tendulkar,2009,Mumbai Indians,13,2,364,68,28.0,0,2,5,1,315,39,10,117,131,211,22,115.56,15.56,37.14,33.09
RG Sharma,2009,Sunrisers Hyderabad,16,3,362,52,22.63,0,1,5,0,323,22,18,117,33,204,125,112.07,12.38,36.22,27.85
JH Kallis,2009,Royal Challengers Bengaluru,15,2,361,69,24.07,0,3,1,2,349,37,8,145,198,119,44,103.44,12.89,41.55,27.77
Yuvraj Singh,2009,Punjab Kings,14,2,340,58,24.29,0,2,3,0,317,25,16,119,39,235,66,107.26,12.93,37.54,28.33
KC Sangakkara,2009,Punjab Kings,13,1,332,60,25.54,0,2,2,1,332,29,5,120,39,232,61,100.0,10.24,36.14,27.67
MS Dhoni,2009,Chennai Super Kings,13,5,332,58,25.54,0,2,2,0,270,22,9,64,4,197,131,122.96,11.48,23.7,41.5
RA Jadeja,2009,Rajasthan Royals,13,2,295,42,22.69,0,0,4,0,276,21,6,89,7,207,81,106.88,9.78,32.25,26.82
KD Karthik,2009,Delhi Capitals,13,5,288,52,22.15,0,1,4,0,224,20,9,57,0,157,131,128.57,12.95,25.45,36.0
G Gambhir,2009,Delhi Capitals,15,2,286,71,19.07,0,1,1,2,283,32,2,120,197,64,25,101.06,12.01,42.4,22.0
BB McCullum,2009,Kolkata Knight Riders,13,1,285,84,21.92,0,2,1,1,247,27,12,105,162,71,52,115.38,15.79,42.51,23.75
LRPL Taylor,2009,Royal Challengers Bengaluru,11,2,280,81,25.45,0,1,3,1,211,20,15,75,31,159,90,132.7,16.59,35.55,31.11
R Dravid,2009,Royal Challengers Bengaluru,12,1,271,66,22.58,0,1,3,1,239,28,3,81,44,194,33,113.39,12.97,33.89,24.64
A Symonds,2009,Sunrisers Hyderabad,8,1,249,60,31.13,0,1,3,0,171,15,11,46,19,172,58,145.61,15.2,26.9,35.57
V Kohli,2009,Royal Challengers Bengaluru,13,2,246,50,18.92,0,1,1,0,225,22,8,89,21,129,96,109.33,13.33,39.56,22.36
YK Pathan,2009,Rajasthan Royals,13,1,243,62,18.69,0,1,1,0,188,24,12,82,45,127,71,129.26,19.15,43.62,20.25
TL Suman,2009,Sunrisers Hyderabad,12,3,237,41,19.75,0,0,2,1,193,18,8,69,80,128,29,122.8,13.47,35.75,26.33
ST Jayasuriya,2009,Mumbai Indians,12,0,221,52,18.42,0,2,1,2,205,23,7,93,131,90,0,107.8,14.63,45.37,18.42
DPMD Jayawardene,2009,Punjab Kings,10,4,219,52,21.9,0,1,3,0,172,17,7,44,7,108,104,127.33,13.95,25.58,36.5
DJ Bravo,2009,Mumbai Indians,10,2,218,70,21.8,0,2,1,0,211,15,8,87,41,113,64,103.32,10.9,41.23,27.25
DR Smith,2009,Sunrisers Hyderabad,8,0,215,49,26.88,0,0,4,0,134,12,15,36,36,127,52,160.45,20.15,26.87,26.88
GC Smith,2009,Rajasthan Royals,12,1,212,77,17.67,0,1,2,2,222,27,1,96,111,91,10,95.5,12.61,43.24,19.27
V Sehwag,2009,Delhi Capitals,11,1,198,50,18.0,0,1,2,1,146,24,7,52,136,62,0,135.62,21.23,35.62,19.8
IK Pathan,2009,Punjab Kings,12,2,196,39,16.33,0,0,2,1,164,17,6,55,32,71,93,119.51,14.02,33.54,19.6
AM Nayar,2009,Mumbai Indians,11,1,193,35,17.55,0,0,3,0,155,14,7,49,0,64,129,124.52,13.55,31.61,19.3
SC Ganguly,2009,Kolkata Knight Riders,11,0,189,46,17.18,0,0,4,2,213,13,6,97,51,100,38,88.73,8.92,45.54,17.18
S Badrinath,2009,Chennai Super Kings,11,2,177,59,16.09,0,1,1,2,166,20,4,72,23,98,56,106.63,14.46,43.37,19.67
RV Uthappa,2009,Royal Challengers Bengaluru,13,2,175,66,13.46,0,1,0,1,177,18,3,75,57,90,28,98.87,11.86,42.37,15.91
CH Gayle,2009,Kolkata Knight Riders,7,1,171,44,24.43,0,0,3,0,153,15,10,72,131,40,0,111.76,16.34,47.06,28.5
NV Ojha,2009,Rajasthan Royals,8,1,168,68,21.0,0,2,0,2,145,11,11,72,76,79,13,115.86,15.17,49.66,24.0
MK Pandey,2009,Royal Challengers Bengaluru,4,2,168,114,42.0,1,0,1,0,120,17,4,38,49,84,35,140.0,17.5,31.67,84.0
MN van Wyk,2009,Kolkata Knight Riders,5,2,167,74,33.4,0,1,2,1,135,19,1,37,28,73,66,123.7,14.81,27.41,55.67
DA Warner,2009,Delhi Capitals,7,0,163,51,23.29,0,1,2,1,137,16,5,53,119,44,0,118.98,15.33,38.69,23.29
MV Boucher,2009,Royal Challengers Bengaluru,9,4,150,48,16.67,0,0,2,0,121,8,6,37,0,46,104,123.97,11.57,30.58,30.0
SM Katich,2009,Punjab Kings,9,1,145,50,16.11,0,1,1,1,119,15,6,51,110,35,0,121.85,17.65,42.86,18.13
AM Rahane,2009,Mumbai Indians,7,1,144,62,20.57,0,2,0,1,128,12,3,36,19,55,70,112.5,11.72,28.13,24.0
PA Patel,2009,Chennai Super Kings,9,1,142,36,15.78,0,0,3,3,131,19,2,53,128,14,0,108.4,16.03,40.46,17.75
RS Bopara,2009,Punjab Kings,5,0,138,84,27.6,0,1,0,0,124,8,7,42,69,32,37,111.29,12.1,33.87,27.6
K Goel,2009,Punjab Kings,8,0,124,38,15.5,0,0,1,1,140,9,4,61,99,11,14,88.57,9.29,43.57,15.5
Y Venugopal Rao,2009,Sunrisers Hyderabad,12,2,124,32,10.33,0,0,1,2,118,6,3,35,0,17,107,105.08,7.63,29.66,12.4
RE van der Merwe,2009,Royal Challengers Bengaluru,8,0,122,35,15.25,0,0,2,0,101,8,8,45,28,55,39,120.79,15.84,44.55,15.25
S Sohal,2009,Punjab Kings,8,1,115,43,14.38,0,0,2,1,102,9,8,49,115,0,0,112.75,16.67,48.04,16.43
SK Warne,2009,Rajasthan Royals,10,3,108,34,10.8,0,0,1,2,118,6,4,49,0,48,60,91.53,8.47,41.53,15.43
RJ Quiney,2009,Rajasthan Royals,7,0,103,51,14.71,0,1,0,0,105,12,3,49,65,37,1,98.1,14.29,46.67,14.71
SA Asnodkar,2009,Rajasthan Royals,8,0,98,44,12.25,0,0,1,2,98,11,4,52,56,42,0,100.0,15.31,53.06,12.25
DJ Hussey,2009,Kolkata Knight Riders,4,1,98,43,24.5,0,0,2,0,61,7,6,19,23,32,43,160.66,21.31,31.15,32.67
JA Morkel,2009,Chennai Super Kings,10,5,97,21,9.7,0,0,0,0,73,8,4,17,0,6,91,132.88,16.44,23.29,19.4
KP Pietersen,2009,Royal Challengers Bengaluru,6,0,93,37,15.5,0,0,2,2,89,8,2,36,47,45,1,104.49,11.24,40.45,15.5
JDP Oram,2009,Chennai Super Kings,8,2,88,41,11.0,0,0,1,0,94,5,4,40,0,37,51,93.62,9.57,42.55,14.67
Harbhajan Singh,2009,Mumbai Indians,10,1,84,20,8.4,0,0,0,1,57,6,5,15,6,18,60,147.37,19.3,26.32,9.33
LR Shukla,2009,Kolkata Knight Riders,6,0,83,48,13.83,0,0,1,0,86,5,3,39,1,49,33,96.51,9.3,45.35,13.83
LA Carseldine,2009,Rajasthan Royals,5,2,81,39,16.2,0,0,1,0,71,11,0,26,38,23,20,114.08,15.49,36.62,27.0
AS Raut,2009,Rajasthan Royals,7,3,78,36,11.14,0,0,1,0,65,5,3,21,0,29,49,120.0,12.31,32.31,19.5
M Manhas,2009,Delhi Capitals,6,3,75,26,12.5,0,0,0,2,65,7,1,22,0,26,49,115.38,12.31,33.85,25.0
WP Saha,2009,Kolkata Knight Riders,7,4,72,25,10.29,0,0,0,1,41,3,4,5,0,12,60,175.61,17.07,12.2,24.0
AA Bilakhia,2009,Sunrisers Hyderabad,6,2,67,22,11.17,0,0,0,0,84,5,0,34,23,10,34,79.76,5.95,40.48,16.75
AB Agarkar,2009,Kolkata Knight Riders,5,3,66,39,13.2,0,0,1,0,58,3,3,18,0,9,57,113.79,10.34,31.03,33.0
P Kumar,2009,Royal Challengers Bengaluru,8,3,65,14,8.13,0,0,0,1,46,1,6,19,0,0,65,141.3,15.22,41.3,13.0
DB Ravi Teja,2009,Sunrisers Hyderabad,6,2,65,27,10.83,0,0,0,0,71,7,0,27,1,20,44,91.55,9.86,38.03,16.25
A Flintoff,2009,Chennai Super Kings,3,1,62,24,20.67,0,0,0,0,57,5,2,17,14,23,25,108.77,12.28,29.82,31.0
M Vijay,2009,Chennai Super Kings,4,0,60,31,15.0,0,0,1,0,69,4,2,31,44,16,0,86.96,8.7,44.93,15.0
JD Ryder,2009,Royal Challengers Bengaluru,5,0,56,32,11.2,0,0,1,2,49,9,0,25,53,3,0,114.29,18.37,51.02,11.2
PR Shah,2009,Mumbai Indians,4,1,53,29,13.25,0,0,0,0,54,4,2,23,30,11,12,98.15,11.11,42.59,17.67
SP Goswami,2009,Royal Challengers Bengaluru,2,0,53,43,26.5,0,0,1,0,64,6,0,30,39,14,0,82.81,9.38,46.88,26.5
J Botha,2009,Rajasthan Royals,3,0,47,37,15.67,0,0,1,0,42,5,0,11,11,30,6,111.9,11.9,26.19,15.67
Yashpal Singh,2009,Kolkata Knight Riders,4,0,47,20,11.75,0,0,0,0,67,5,0,37,17,13,17,70.15,7.46,55.22,11.75
R Vinay Kumar,2009,Royal Challengers Bengaluru,7,3,47,12,6.71,0,0,0,0,44,4,1,19,0,7,40,106.82,11.36,43.18,11.75
GJ Bailey,2009,Chennai Super Kings,2,0,45,30,22.5,0,0,1,0,40,7,0,16,36,9,0,112.5,17.5,40.0,22.5
LA Pomersbach,2009,Punjab Kings,4,1,41,26,10.25,0,0,0,0,49,3,1,22,28,13,0,83.67,8.16,44.9,13.67
S Dhawan,2009,Mumbai Indians,4,0,40,22,10.0,0,0,0,0,46,3,0,18,4,24,12,86.96,6.52,39.13,10.0
AD Mascarenhas,2009,Rajasthan Royals,4,0,39,27,9.75,0,0,0,1,39,4,0,14,4,22,13,100.0,10.26,35.9,9.75
MC Henriques,2009,Kolkata Knight Riders,3,1,38,30,12.67,0,0,1,0,40,2,1,19,0,11,27,95.0,7.5,47.5,19.0
DL Vettori,2009,Delhi Capitals,3,1,34,29,11.33,0,0,0,0,32,3,0,8,0,17,17,106.25,9.38,25.0,17.0
MM Patel,2009,Rajasthan Royals,5,2,33,23,6.6,0,0,0,2,26,5,0,8,0,0,33,126.92,19.23,30.77,11.0
PP Chawla,2009,Punjab Kings,8,5,31,8,3.88,0,0,0,1,39,3,0,14,0,6,25,79.49,7.69,35.9,10.33
WPUJC Vaas,2009,Sunrisers Hyderabad,2,1,30,20,15.0,0,0,0,0,21,1,1,3,0,17,13,142.86,9.52,14.29,30.0
WA Mota,2009,Punjab Kings,6,2,30,12,5.0,0,0,0,0,48,0,0,18,0,21,9,62.5,0.0,37.5,7.5
B Lee,2009,Punjab Kings,4,2,28,14,7.0,0,0,0,0,35,2,1,16,0,2,26,80.0,8.57,45.71,14.0
A Mishra,2009,Delhi Capitals,5,3,26,13,5.2,0,0,0,1,20,2,2,10,0,0,26,130.0,20.0,50.0,13.0
RR Powar,2009,Punjab Kings,3,3,23,10,7.67,0,0,0,0,22,2,0,7,0,0,23,104.55,9.09,31.82,
MF Maharoof,2009,Delhi Capitals,2,1,21,18,10.5,0,0,0,0,21,0,0,7,0,0,21,100.0,0.0,33.33,21.0
RJ Harris,2009,Sunrisers Hyderabad,5,4,21,9,4.2,0,0,0,0,18,0,0,5,0,1,20,116.67,0.0,27.78,21.0
M Kartik,2009,Kolkata Knight Riders,2,2,21,11,10.5,0,0,0,0,20,0,0,2,0,0,21,105.0,0.0,10.0,
Y Nagar,2009,Delhi Capitals,1,0,20,20,20.0,0,0,0,0,22,1,0,7,0,11,9,90.91,4.55,31.82,20.0
SB Jakati,2009,Chennai Super Kings,2,0,20,13,10.0,0,0,0,0,16,3,0,5,0,0,20,125.0,18.75,31.25,10.0
Joginder Sharma,2009,Chennai Super Kings,2,1,20,16,10.0,0,0,0,0,18,0,1,6,0,0,20,111.11,5.56,33.33,20.0
VVS Laxman,2009,Sunrisers Hyderabad,5,0,19,10,3.8,0,0,0,2,33,1,1,22,14,5,0,57.58,6.06,66.67,3.8
R Bishnoi,2009,Royal Challengers Bengaluru,3,0,19,18,6.33,0,0,0,1,17,1,2,11,18,0,1,111.76,17.65,64.71,6.33
YV Takawale,2009,Mumbai Indians,1,0,18,18,18.0,0,0,0,0,22,2,0,12,18,0,0,81.82,9.09,54.55,18.0
NK Patel,2009,Rajasthan Royals,2,0,18,14,9.0,0,0,0,0,41,1,0,25,10,8,0,43.9,2.44,60.98,9.0
B Akhil,2009,Royal Challengers Bengaluru,3,0,17,9,5.67,0,0,0,1,16,1,1,8,0,9,8,106.25,12.5,50.0,5.67
M Rawat,2009,Rajasthan Royals,3,3,16,8,5.33,0,0,0,0,20,1,0,5,0,4,12,80.0,5.0,25.0,
I Sharma,2009,Kolkata Knight Riders,3,1,16,9,5.33,0,0,0,0,13,1,1,5,0,6,10,123.08,15.38,38.46,8.0
A Kumble,2009,Royal Challengers Bengaluru,6,5,16,7,2.67,0,0,0,0,20,2,0,9,0,1,15,80.0,10.0,45.0,16.0
AD Mathews,2009,Kolkata Knight Riders,1,0,16,16,16.0,0,0,0,0,14,2,0,3,0,5,11,114.29,14.29,21.43,16.0
W Jaffer,2009,Royal Challengers Bengaluru,2,0,15,8,7.5,0,0,0,0,19,2,0,10,15,0,0,78.95,10.53,52.63,7.5
GR Napier,2009,Mumbai Indians,1,0,15,15,15.0,0,0,0,0,16,1,0,7,0,10,5,93.75,6.25,43.75,15.0
SB Styris,2009,Sunrisers Hyderabad,1,0,14,14,14.0,0,0,0,0,8,0,1,1,0,6,8,175.0,12.5,12.5,14.0
SS Tiwary,2009,Mumbai Indians,3,2,13,6,4.33,0,0,0,0,12,0,0,3,0,0,13,108.33,0.0,25.0,13.0
MS Gony,2009,Chennai Super Kings,2,0,13,7,6.5,0,0,0,0,7,0,2,4,0,7,6,185.71,28.57,57.14,6.5
RR Raje,2009,Mumbai Indians,2,1,12,11,6.0,0,0,0,0,9,0,1,2,0,0,12,133.33,11.11,22.22,12.0
A Chopra,2009,Kolkata Knight Riders,1,0,11,11,11.0,0,0,0,0,20,2,0,13,4,7,0,55.0,10.0,65.0,11.0
T Henderson,2009,Rajasthan Royals,2,1,11,11,5.5,0,0,0,0,16,0,1,10,2,9,0,68.75,6.25,62.5,11.0
D du Preez,2009,Royal Challengers Bengaluru,1,0,10,10,10.0,0,0,0,0,13,0,0,5,0,3,7,76.92,0.0,38.46,10.0
DS Kulkarni,2009,Mumbai Indians,3,1,9,7,3.0,0,0,0,0,18,0,0,7,0,0,9,50.0,0.0,38.89,4.5
SK Trivedi,2009,Rajasthan Royals,3,1,9,6,3.0,0,0,0,0,19,0,0,9,0,0,9,47.37,0.0,47.37,4.5
SM Harwood,2009,Rajasthan Royals,2,2,9,6,4.5,0,0,0,0,14,0,0,4,0,0,9,64.29,0.0,28.57,
MK Tiwary,2009,Delhi Capitals,1,0,9,9,9.0,0,0,0,0,13,1,0,7,0,0,9,69.23,7.69,53.85,9.0
M Morkel,2009,Rajasthan Royals,1,0,8,8,8.0,0,0,0,0,9,1,0,4,0,8,0,88.89,11.11,44.44,8.0
R Ashwin,2009,Chennai Super Kings,1,0,8,8,8.0,0,0,0,0,15,1,0,10,0,0,8,53.33,6.67,66.67,8.0
Z Khan,2009,Mumbai Indians,3,2,8,4,2.67,0,0,0,0,11,0,0,3,0,0,8,72.73,0.0,27.27,8.0
M Muralitharan,2009,Chennai Super Kings,4,2,8,4,2.0,0,0,0,0,8,1,0,3,0,0,8,100.0,12.5,37.5,4.0
R Bhatia,2009,Delhi Capitals,5,0,8,4,1.6,0,0,0,2,18,1,0,13,0,1,7,44.44,5.56,72.22,1.6
RP Singh,2009,Sunrisers Hyderabad,5,1,8,4,1.6,0,0,0,2,17,0,0,9,0,2,6,47.06,0.0,52.94,2.0
AN Ghosh,2009,Kolkata Knight Riders,2,0,7,7,3.5,0,0,0,1,8,1,0,5,7,0,0,87.5,12.5,62.5,3.5
PJ Sangwan,2009,Delhi Capitals,4,2,6,5,1.5,0,0,0,2,10,0,0,5,0,0,6,60.0,0.0,50.0,3.0
SS Shaikh,2009,Kolkata Knight Riders,1,1,6,6,6.0,0,0,0,0,7,1,0,4,0,6,0,85.71,14.29,57.14,
PC Valthaty,2009,Rajasthan Royals,2,0,6,5,3.0,0,0,0,0,12,1,0,9,6,0,0,50.0,8.33,75.0,3.0
SD Chitnis,2009,Rajasthan Royals,1,0,6,6,6.0,0,0,0,0,9,1,0,5,0,0,6,66.67,11.11,55.56,6.0
S Sreesanth,2009,Punjab Kings,2,2,5,4,2.5,0,0,0,0,19,1,0,15,0,0,5,26.32,5.26,78.95,
L Balaji,2009,Chennai Super Kings,3,1,4,2,1.33,0,0,0,1,10,0,0,5,0,0,4,40.0,0.0,50.0,2.0
FH Edwards,2009,Sunrisers Hyderabad,2,1,4,3,2.0,0,0,0,0,5,0,0,3,0,0,4,80.0,0.0,60.0,4.0
AB McDonald,2009,Delhi Capitals,1,0,3,3,3.0,0,0,0,0,4,0,0,1,0,3,0,75.0,0.0,25.0,3.0
Kamran Khan,2009,Rajasthan Royals,1,0,3,3,3.0,0,0,0,0,5,0,0,3,0,3,0,60.0,0.0,60.0,3.0
T Thushara,2009,Chennai Super Kings,2,1,2,1,1.0,0,0,0,0,8,0,0,5,0,0,2,25.0,0.0,62.5,2.0
AB Dinda,2009,Kolkata Knight Riders,2,0,2,2,1.0,0,0,0,1,3,0,0,2,0,0,2,66.67,0.0,66.67,1.0
SB Bangar,2009,Kolkata Knight Riders,1,0,2,2,2.0,0,0,0,0,9,0,0,5,0,2,0,22.22,0.0,55.56,2.0
Mohammad Ashraful,2009,Mumbai Indians,1,0,2,2,2.0,0,0,0,0,12,0,0,7,2,0,0,16.67,0.0,58.33,2.0
Mashrafe Mortaza,2009,Kolkata Knight Riders,1,1,2,2,2.0,0,0,0,0,2,0,0,1,0,0,2,100.0,0.0,50.0,
Shoaib Ahmed,2009,Sunrisers Hyderabad,3,1,1,1,0.33,0,0,0,2,6,0,0,5,0,1,0,16.67,0.0,83.33,0.5
T Kohli,2009,Punjab Kings,1,0,1,1,1.0,0,0,0,0,4,0,0,3,0,0,1,25.0,0.0,75.0,1.0
Pankaj Singh,2009,Royal Challengers Bengaluru,2,1,1,1,0.5,0,0,0,1,2,0,0,1,0,0,1,50.0,0.0,50.0,1.0
A Singh,2009,Rajasthan Royals,2,1,1,1,0.5,0,0,0,1,3,0,0,2,0,0,1,33.33,0.0,66.67,1.0
PP Ojha,2009,Sunrisers Hyderabad,4,1,1,1,0.25,0,0,0,2,7,0,0,5,0,0,1,14.29,0.0,71.43,0.33
KV Sharma,2009,Royal Challengers Bengaluru,1,0,1,1,1.0,0,0,0,0,3,0,0,2,0,0,1,33.33,0.0,66.67,1.0
A Nehra,2009,Delhi Capitals,1,1,1,1,1.0,0,0,0,0,1,0,0,0,0,0,1,100.0,0.0,0.0,
L Ronchi,2009,Mumbai Indians,1,0,0,0,0.0,0,0,0,1,3,0,0,2,0,0,0,0.0,0.0,66.67,0.0
KP Appanna,2009,Royal Challengers Bengaluru,1,1,0,0,0.0,0,0,0,0,1,0,0,0,0,0,0,0.0,0.0,0.0,
SL Malinga,2009,Mumbai Indians,1,0,0,0,0.0,0,0,0,1,1,0,0,1,0,0,0,0.0,0.0,100.0,0.0
BAW Mendis,2009,Kolkata Knight Riders,1,0,0,0,0.0,0,0,0,1,1,0,0,1,0,0,0,0.0,0.0,100.0,0.0
C Nanda,2009,Mumbai Indians,1,0,0,0,0.0,0,0,0,1,1,0,0,1,0,0,0,0.0,0.0,100.0,0.0
TM Srivastava,2009,Punjab Kings,1,1,0,0,0.0,0,0,0,0,1,0,0,1,0,0,0,0.0,0.0,100.0,
DW Steyn,2009,Royal Challengers Bengaluru,1,0,0,0,0.0,0,0,0,1,3,0,0,3,0,0,0,0.0,0.0,100.0,0.0
SR Tendulkar,2010,Mumbai Indians,15,2,618,89,41.2,0,5,4,0,489,86,3,149,327,203,88,126.38,18.2,30.47,47.54
JH Kallis,2010,Royal Challengers Bengaluru,16,4,572,89,35.75,0,6,1,1,517,67,9,186,274,197,101,110.64,14.7,35.98,47.67
SK Raina,2010,Chennai Super Kings,16,5,520,83,32.5,0,4,3,0,384,45,22,105,149,275,96,135.42,17.45,27.34,47.27
SC Ganguly,2010,Kolkata Knight Riders,14,1,493,88,35.21,0,4,5,1,440,58,15,183,219,213,61,112.05,16.59,41.59,37.92
M Vijay,2010,Chennai Super Kings,15,3,458,127,30.53,1,2,2,1,305,36,26,102,241,153,64,150.16,20.33,33.44,38.17
DPMD Jayawardene,2010,Punjab Kings,13,3,439,110,33.77,1,1,3,1,310,55,11,89,156,164,119,141.61,21.29,28.71,43.9
A Symonds,2010,Sunrisers Hyderabad,16,3,429,54,26.81,0,4,2,0,356,35,18,125,29,294,106,120.51,14.89,35.11,33.0
SS Tiwary,2010,Mumbai Indians,15,2,419,61,27.93,0,3,5,1,319,29,18,90,43,285,91,131.35,14.73,28.21,32.23
RG Sharma,2010,Sunrisers Hyderabad,16,1,404,73,25.25,0,3,3,1,310,36,14,95,14,246,144,130.32,16.13,30.65,26.93
NV Ojha,2010,Rajasthan Royals,14,3,377,94,26.93,0,2,1,1,294,42,15,115,208,122,47,128.23,19.39,39.12,34.27
RV Uthappa,2010,Royal Challengers Bengaluru,14,2,374,68,26.71,0,3,1,0,224,21,27,60,24,220,130,166.96,21.43,26.79,31.17
KC Sangakkara,2010,Punjab Kings,12,0,357,56,29.75,0,2,5,1,260,47,5,81,132,189,36,137.31,20.0,31.15,29.75
V Sehwag,2010,Delhi Capitals,14,0,356,75,25.43,0,3,1,1,227,47,14,75,240,116,0,156.83,26.87,33.04,25.43
AT Rayudu,2010,Mumbai Indians,14,2,356,55,25.43,0,2,4,1,258,34,13,69,47,206,103,137.98,18.22,26.74,29.67
S Badrinath,2010,Chennai Super Kings,15,4,356,55,23.73,0,2,5,0,310,41,5,100,24,194,138,114.84,14.84,32.26,32.36
ML Hayden,2010,Chennai Super Kings,16,1,346,93,21.63,0,1,4,1,294,37,16,130,237,109,0,117.69,18.03,44.22,23.07
YK Pathan,2010,Rajasthan Royals,14,3,333,100,23.79,1,1,0,1,210,22,24,67,2,295,36,158.57,21.9,31.9,30.27
V Kohli,2010,Royal Challengers Bengaluru,13,1,307,58,23.62,0,1,4,0,216,26,12,56,2,150,155,142.13,17.59,25.93,25.58
TL Suman,2010,Sunrisers Hyderabad,14,6,307,78,21.93,0,2,1,1,264,23,12,94,42,167,98,116.29,13.26,35.61,38.38
CH Gayle,2010,Kolkata Knight Riders,9,0,292,88,32.44,0,2,3,1,197,30,16,62,125,127,40,148.22,23.35,31.47,32.44
AC Gilchrist,2010,Sunrisers Hyderabad,16,0,289,54,18.06,0,1,4,2,200,31,16,73,249,40,0,144.5,23.5,36.5,18.06
MS Dhoni,2010,Chennai Super Kings,11,2,287,66,26.09,0,2,3,2,215,26,8,55,6,190,91,133.49,15.81,25.58,31.89
DA Warner,2010,Delhi Capitals,11,2,282,107,25.64,1,1,3,2,195,27,14,69,177,89,16,144.62,21.03,35.38,31.33
MJ Lumb,2010,Rajasthan Royals,11,2,278,83,25.27,0,1,4,2,196,45,6,81,225,53,0,141.84,26.02,41.33,30.89
KD Karthik,2010,Delhi Capitals,14,2,278,69,19.86,0,1,1,1,242,26,6,75,16,169,93,114.88,13.22,30.99,23.17
G Gambhir,2010,Delhi Capitals,10,2,277,72,27.7,0,2,2,0,223,32,2,71,117,117,43,124.22,15.25,31.84,34.63
IK Pathan,2010,Punjab Kings,13,5,276,60,21.23,0,1,2,0,188,21,10,40,41,84,151,146.81,16.49,21.28,34.5
KA Pollard,2010,Mumbai Indians,14,2,273,45,19.5,0,0,2,0,152,23,17,42,1,67,205,179.61,26.32,27.63,22.75
HH Gibbs,2010,Sunrisers Hyderabad,10,0,267,50,26.7,0,1,2,0,243,26,9,97,138,122,7,109.88,14.4,39.92,26.7
R Dravid,2010,Royal Challengers Bengaluru,11,2,256,52,23.27,0,1,2,0,203,34,3,66,94,147,15,126.11,18.23,32.51,28.44
Yuvraj Singh,2010,Punjab Kings,14,2,255,43,18.21,0,0,3,0,204,20,14,79,32,136,87,125.0,16.67,38.73,21.25
MK Pandey,2010,Royal Challengers Bengaluru,13,2,249,42,19.15,0,0,4,2,233,27,7,104,178,71,0,106.87,14.59,44.64,22.64
RS Bopara,2010,Punjab Kings,9,2,248,77,27.56,0,2,2,1,223,25,3,74,61,132,55,111.21,12.56,33.18,35.43
MK Tiwary,2010,Kolkata Knight Riders,11,1,237,75,21.55,0,2,1,3,192,23,5,56,60,115,62,123.44,14.58,29.17,23.7
KP Pietersen,2010,Royal Challengers Bengaluru,7,3,236,66,33.71,0,2,0,0,159,23,8,42,84,109,43,148.43,19.5,26.42,59.0
AD Mathews,2010,Kolkata Knight Riders,10,4,233,65,23.3,0,1,2,0,197,18,8,61,9,94,130,118.27,13.2,30.96,38.83
MS Bisla,2010,Punjab Kings,10,1,218,75,21.8,0,1,1,0,189,27,6,82,146,65,7,115.34,17.46,43.39,24.22
PD Collingwood,2010,Delhi Capitals,7,3,203,75,29.0,0,3,0,0,159,9,13,54,26,96,81,127.67,13.84,33.96,50.75
JA Morkel,2010,Chennai Super Kings,11,4,198,62,18.0,0,1,1,1,134,10,13,36,0,64,134,147.76,17.16,26.87,28.29
S Dhawan,2010,Mumbai Indians,10,0,191,56,19.1,0,2,0,1,180,23,3,74,147,44,0,106.11,14.44,41.11,19.1
SR Watson,2010,Rajasthan Royals,5,0,185,60,37.0,0,2,1,0,117,18,9,37,57,122,6,158.12,23.08,31.62,37.0
AA Jhunjhunwala,2010,Rajasthan Royals,10,1,183,53,18.3,0,1,1,0,172,16,4,62,19,104,60,106.4,11.63,36.05,20.33
AC Voges,2010,Rajasthan Royals,7,2,181,45,25.86,0,0,2,0,143,15,3,38,7,89,85,126.57,12.59,26.57,36.2
MD Mishra,2010,Sunrisers Hyderabad,11,1,166,41,15.09,0,0,1,1,149,18,6,67,108,58,0,111.41,16.11,44.97,16.6
FY Fazal,2010,Rajasthan Royals,9,1,164,45,18.22,0,0,3,1,160,19,1,53,58,68,38,102.5,12.5,33.13,20.5
M Manhas,2010,Delhi Capitals,8,4,157,32,19.63,0,0,2,0,151,14,0,43,11,82,64,103.97,9.27,28.48,39.25
JP Duminy,2010,Mumbai Indians,7,3,157,42,22.43,0,0,3,0,134,13,5,42,24,46,87,117.16,13.43,31.34,39.25
SE Marsh,2010,Punjab Kings,4,1,147,88,36.75,0,2,0,1,117,14,6,42,38,87,22,125.64,17.09,35.9,49.0
CA Pujara,2010,Kolkata Knight Riders,6,2,122,45,20.33,0,0,1,0,119,14,3,50,55,46,21,102.52,14.29,42.02,30.5
OA Shah,2010,Kolkata Knight Riders,5,2,115,58,23.0,0,1,1,0,96,7,5,30,5,42,68,119.79,12.5,31.25,38.33
BB McCullum,2010,Kolkata Knight Riders,5,2,114,57,22.8,0,1,1,1,117,14,2,50,25,81,8,97.44,13.68,42.74,38.0
R Sathish,2010,Mumbai Indians,10,4,112,24,11.2,0,0,0,0,98,11,0,28,0,53,59,114.29,11.22,28.57,18.67
AB de Villiers,2010,Delhi Capitals,7,1,111,45,15.86,0,0,1,0,123,7,0,41,48,61,2,90.24,5.69,33.33,18.5
P Dogra,2010,Rajasthan Royals,8,2,107,41,13.38,0,0,1,1,108,4,5,45,0,50,57,99.07,8.33,41.67,17.83
Harbhajan Singh,2010,Mumbai Indians,7,2,105,49,15.0,0,0,2,0,64,12,5,17,0,1,104,164.06,26.56,26.56,21.0
BJ Hodge,2010,Kolkata Knight Riders,4,0,99,50,24.75,0,1,1,1,95,11,1,35,44,55,0,104.21,12.63,36.84,24.75
DJ Hussey,2010,Kolkata Knight Riders,6,2,94,31,15.67,0,0,1,1,89,5,5,29,2,45,47,105.62,11.24,32.58,23.5
LRPL Taylor,2010,Royal Challengers Bengaluru,7,3,88,31,12.57,0,0,1,0,77,2,6,24,0,56,32,114.29,10.39,31.17,22.0
KM Jadhav,2010,Delhi Capitals,5,1,76,50,15.2,0,1,0,0,60,7,2,17,2,36,38,126.67,15.0,28.33,19.0
PA Patel,2010,Chennai Super Kings,4,0,72,57,18.0,0,1,0,0,83,6,2,35,29,33,10,86.75,9.64,42.17,18.0
WP Saha,2010,Kolkata Knight Riders,6,3,67,22,11.17,0,0,0,0,53,9,1,18,22,8,37,126.42,18.87,33.96,22.33
R McLaren,2010,Mumbai Indians,7,4,66,40,9.43,0,0,1,1,71,7,0,25,12,30,24,92.96,9.86,35.21,22.0
AB McDonald,2010,Delhi Capitals,3,3,65,33,21.67,0,0,1,0,54,3,2,12,0,10,55,120.37,9.26,22.22,
VVS Laxman,2010,Sunrisers Hyderabad,6,2,64,22,10.67,0,0,0,0,62,7,1,24,64,0,0,103.23,12.9,38.71,16.0
Anirudh Singh,2010,Sunrisers Hyderabad,4,0,63,40,15.75,0,0,1,1,69,6,1,31,18,32,13,91.3,10.14,44.93,15.75
PP Chawla,2010,Punjab Kings,6,1,62,22,10.33,0,0,0,0,63,7,0,22,0,8,54,98.41,11.11,34.92,12.4
DJ Bravo,2010,Mumbai Indians,8,1,61,23,7.63,0,0,0,0,53,3,4,24,14,18,29,115.09,13.21,45.28,8.71
AM Nayar,2010,Mumbai Indians,3,1,58,27,19.33,0,0,0,0,51,4,2,17,19,30,9,113.73,11.76,33.33,29.0
AS Raut,2010,Rajasthan Royals,5,3,56,32,11.2,0,0,1,1,48,3,3,19,0,13,43,116.67,12.5,39.58,28.0
AP Tare,2010,Mumbai Indians,4,0,50,23,12.5,0,0,0,0,41,5,3,19,44,6,0,121.95,19.51,46.34,12.5
CL White,2010,Royal Challengers Bengaluru,5,3,48,21,9.6,0,0,0,0,33,3,3,11,4,0,44,145.45,18.18,33.33,24.0
RJ Harris,2010,Sunrisers Hyderabad,5,1,45,15,9.0,0,0,0,0,39,2,2,15,0,9,36,115.38,10.26,38.46,11.25
TM Dilshan,2010,Delhi Capitals,6,0,44,17,7.33,0,0,0,2,55,6,0,26,36,8,0,80.0,10.91,47.27,7.33
GC Smith,2010,Rajasthan Royals,2,0,44,26,22.0,0,0,0,0,40,7,0,19,43,1,0,110.0,17.5,47.5,22.0
AB Barath,2010,Punjab Kings,3,1,42,33,14.0,0,0,1,0,43,5,1,20,18,22,2,97.67,13.95,46.51,21.0
AB Agarkar,2010,Kolkata Knight Riders,4,3,40,17,10.0,0,0,0,0,30,4,0,6,0,0,40,133.33,13.33,20.0,40.0
A Mishra,2010,Delhi Capitals,7,3,39,12,5.57,0,0,0,1,54,1,0,15,0,13,26,72.22,1.85,27.78,9.75
MEK Hussey,2010,Chennai Super Kings,3,1,37,15,12.33,0,0,0,0,44,2,0,17,4,20,13,84.09,4.55,38.64,18.5
LR Shukla,2010,Kolkata Knight Riders,2,0,36,19,18.0,0,0,0,0,27,3,2,9,0,19,17,133.33,18.52,33.33,18.0
EJG Morgan,2010,Royal Challengers Bengaluru,4,1,35,17,8.75,0,0,0,0,31,2,1,9,0,27,8,112.9,9.68,29.03,11.67
B Sumanth,2010,Sunrisers Hyderabad,4,3,35,16,8.75,0,0,0,0,38,3,0,14,0,9,26,92.11,7.89,36.84,35.0
AP Dole,2010,Rajasthan Royals,2,0,34,30,17.0,0,0,1,0,23,3,1,6,0,1,33,147.83,17.39,26.09,17.0
Y Venugopal Rao,2010,Sunrisers Hyderabad,4,0,34,24,8.5,0,0,0,0,44,3,1,23,0,32,2,77.27,9.09,52.27,8.5
DL Vettori,2010,Delhi Capitals,3,2,33,19,11.0,0,0,0,0,28,4,0,5,0,3,30,117.86,14.29,17.86,33.0
ST Jayasuriya,2010,Mumbai Indians,4,0,33,23,8.25,0,0,0,0,35,4,1,16,33,0,0,94.29,14.29,45.71,8.25
MF Maharoof,2010,Delhi Capitals,4,1,31,28,7.75,0,0,0,1,24,2,2,8,0,28,3,129.17,16.67,33.33,10.33
S Anirudha,2010,Chennai Super Kings,2,1,30,24,15.0,0,0,0,0,19,2,2,5,0,0,30,157.89,21.05,26.32,30.0
WPUJC Vaas,2010,Sunrisers Hyderabad,5,1,30,16,6.0,0,0,0,1,34,1,1,13,0,3,27,88.24,5.88,38.24,7.5
R Ashwin,2010,Chennai Super Kings,6,3,30,11,5.0,0,0,0,1,40,2,0,15,0,6,24,75.0,5.0,37.5,10.0
R Sharma,2010,Sunrisers Hyderabad,4,1,29,14,7.25,0,0,0,1,26,3,1,15,0,0,29,111.54,15.38,57.69,9.67
M Kaif,2010,Punjab Kings,3,0,28,14,9.33,0,0,0,0,31,2,0,10,0,23,5,90.32,6.45,32.26,9.33
MR Marsh,2010,Sunrisers Hyderabad,2,0,28,15,14.0,0,0,0,0,31,1,1,10,0,14,14,90.32,6.45,32.26,14.0
S Sriram,2010,Royal Challengers Bengaluru,1,0,27,27,27.0,0,0,0,0,31,3,0,11,13,14,0,87.1,9.68,35.48,27.0
R Vinay Kumar,2010,Royal Challengers Bengaluru,5,2,27,10,5.4,0,0,0,0,35,1,0,11,0,0,27,77.14,2.86,31.43,9.0
S Sreesanth,2010,Punjab Kings,3,3,27,15,9.0,0,0,0,0,22,5,0,10,0,0,27,122.73,22.73,45.45,
JM Kemp,2010,Chennai Super Kings,2,0,26,22,13.0,0,0,0,0,25,1,1,10,2,20,4,104.0,8.0,40.0,13.0
Z Khan,2010,Mumbai Indians,3,1,24,23,8.0,0,0,0,1,13,3,1,5,0,0,24,184.62,30.77,38.46,12.0
R Bhatia,2010,Delhi Capitals,3,0,24,21,8.0,0,0,0,0,17,1,2,6,0,1,23,141.18,17.65,35.29,8.0
A Nehra,2010,Delhi Capitals,2,1,23,22,11.5,0,0,0,0,20,2,1,8,0,0,23,115.0,15.0,40.0,23.0
DR Smith,2010,Sunrisers Hyderabad,3,1,22,13,7.33,0,0,0,0,25,1,1,12,0,7,15,88.0,8.0,48.0,11.0
M Kartik,2010,Kolkata Knight Riders,2,1,22,21,11.0,0,0,0,0,22,2,0,9,0,7,15,100.0,9.09,40.91,22.0
AJ Finch,2010,Rajasthan Royals,1,0,21,21,21.0,0,0,0,0,21,0,1,7,0,21,0,100.0,4.76,33.33,21.0
SK Trivedi,2010,Rajasthan Royals,4,1,20,9,5.0,0,0,0,1,15,3,1,8,0,0,20,133.33,26.67,53.33,6.67
DR Martyn,2010,Rajasthan Royals,1,0,19,19,19.0,0,0,0,0,26,1,0,8,1,13,5,73.08,3.85,30.77,19.0
K Goel,2010,Punjab Kings,2,1,18,17,9.0,0,0,0,0,20,1,1,9,0,2,16,90.0,10.0,45.0,18.0
GJ Bailey,2010,Chennai Super Kings,1,0,18,18,18.0,0,0,0,0,27,2,0,15,7,11,0,66.67,7.41,55.56,18.0
DE Bollinger,2010,Chennai Super Kings,2,2,18,16,9.0,0,0,0,0,17,1,1,6,0,0,18,105.88,11.76,35.29,
L Balaji,2010,Chennai Super Kings,3,1,18,15,6.0,0,0,0,0,20,1,1,10,0,1,17,90.0,10.0,50.0,9.0
C Madan,2010,Mumbai Indians,1,0,15,15,15.0,0,0,0,0,21,3,0,12,15,0,0,71.43,14.29,57.14,15.0
S Narwal,2010,Rajasthan Royals,3,0,14,12,4.67,0,0,0,1,13,2,0,5,0,12,2,107.69,15.38,38.46,4.67
MV Boucher,2010,Royal Challengers Bengaluru,2,1,13,11,6.5,0,0,0,0,10,0,1,2,0,1,12,130.0,10.0,20.0,13.0
DW Steyn,2010,Royal Challengers Bengaluru,4,0,13,8,3.25,0,0,0,2,17,2,0,9,0,0,13,76.47,11.76,52.94,3.25
AD Mascarenhas,2010,Rajasthan Royals,2,0,12,9,6.0,0,0,0,0,11,0,0,1,0,0,12,109.09,0.0,9.09,6.0
SW Tait,2010,Rajasthan Royals,2,1,12,11,6.0,0,0,0,0,13,0,1,6,0,8,4,92.31,7.69,46.15,12.0
B Lee,2010,Punjab Kings,3,2,11,7,3.67,0,0,0,0,11,1,0,2,0,0,11,100.0,9.09,18.18,11.0
MC Henriques,2010,Delhi Capitals,1,0,11,11,11.0,0,0,0,0,5,2,0,1,0,4,7,220.0,40.0,20.0,11.0
KAJ Roach,2010,Sunrisers Hyderabad,1,0,10,10,10.0,0,0,0,0,9,1,0,3,0,5,5,111.11,11.11,33.33,10.0
SK Warne,2010,Rajasthan Royals,6,3,10,4,1.67,0,0,0,1,21,0,0,11,0,0,10,47.62,0.0,52.38,3.33
T Thushara,2010,Chennai Super Kings,2,1,10,8,5.0,0,0,0,0,11,0,0,4,0,0,10,90.91,0.0,36.36,10.0
PJ Sangwan,2010,Delhi Capitals,2,2,10,6,5.0,0,0,0,0,15,0,0,5,0,4,6,66.67,0.0,33.33,
RP Singh,2010,Sunrisers Hyderabad,5,3,9,4,1.8,0,0,0,0,20,0,0,11,0,0,9,45.0,0.0,55.0,4.5
M Morkel,2010,Rajasthan Royals,2,0,9,7,4.5,0,0,0,0,16,1,0,11,0,0,9,56.25,6.25,68.75,4.5
Bipul Sharma,2010,Punjab Kings,2,2,9,8,4.5,0,0,0,0,7,1,0,1,0,0,9,128.57,14.29,14.29,
Jaskaran Singh,2010,Sunrisers Hyderabad,4,2,8,4,2.0,0,0,0,0,11,0,0,5,0,1,7,72.73,0.0,45.45,4.0
STR Binny,2010,Mumbai Indians,1,0,8,8,8.0,0,0,0,0,5,1,0,1,0,0,8,160.0,20.0,20.0,8.0
SP Goswami,2010,Royal Challengers Bengaluru,1,0,8,8,8.0,0,0,0,0,10,2,0,8,8,0,0,80.0,20.0,80.0,8.0
VS Malik,2010,Punjab Kings,1,0,6,6,6.0,0,0,0,0,5,1,0,1,0,0,6,120.0,20.0,20.0,6.0
I Sharma,2010,Kolkata Knight Riders,2,0,6,6,3.0,0,0,0,1,17,0,0,11,0,1,5,35.29,0.0,64.71,3.0
A Kumble,2010,Royal Challengers Bengaluru,5,5,6,2,1.2,0,0,0,0,12,0,0,4,0,0,6,50.0,0.0,33.33,
SA Asnodkar,2010,Rajasthan Royals,1,0,5,5,5.0,0,0,0,0,4,1,0,2,5,0,0,125.0,25.0,50.0,5.0
RR Powar,2010,Punjab Kings,2,1,5,3,2.5,0,0,0,0,8,0,0,5,0,0,5,62.5,0.0,62.5,5.0
A Mithun,2010,Royal Challengers Bengaluru,1,0,5,5,5.0,0,0,0,0,4,1,0,2,0,0,5,125.0,25.0,50.0,5.0
A Uniyal,2010,Rajasthan Royals,2,1,4,4,2.0,0,0,0,1,7,0,0,3,0,0,4,57.14,0.0,42.86,4.0
Mandeep Singh,2010,Kolkata Knight Riders,2,0,4,4,2.0,0,0,0,1,11,1,0,10,4,0,0,36.36,9.09,90.91,2.0
RS Sodhi,2010,Punjab Kings,1,1,4,4,4.0,0,0,0,0,2,1,0,1,0,0,4,200.0,50.0,50.0,
DP Nannes,2010,Delhi Capitals,2,1,4,3,2.0,0,0,0,0,13,0,0,9,0,2,2,30.77,0.0,69.23,4.0
AN Ahmed,2010,Mumbai Indians,1,1,4,4,4.0,0,0,0,0,8,0,0,3,0,0,4,50.0,0.0,37.5,
P Kumar,2010,Royal Challengers Bengaluru,3,1,4,3,1.33,0,0,0,1,8,0,0,4,0,1,3,50.0,0.0,50.0,2.0
MM Patel,2010,Rajasthan Royals,2,2,4,4,2.0,0,0,0,0,5,0,0,1,0,0,4,80.0,0.0,20.0,
KB Arun Karthik,2010,Chennai Super Kings,1,1,3,3,3.0,0,0,0,0,5,0,0,1,0,0,3,60.0,0.0,20.0,
PP Ojha,2010,Sunrisers Hyderabad,3,0,3,2,1.0,0,0,0,1,8,0,0,6,0,0,3,37.5,0.0,75.0,1.0
UT Yadav,2010,Delhi Capitals,1,1,3,3,3.0,0,0,0,0,4,0,0,1,0,0,3,75.0,0.0,25.0,
S Tyagi,2010,Chennai Super Kings,1,1,3,3,3.0,0,0,0,0,4,0,0,1,0,0,3,75.0,0.0,25.0,
J Theron,2010,Punjab Kings,2,0,2,2,1.0,0,0,0,1,6,0,0,3,0,0,2,33.33,0.0,50.0,1.0
AA Bilakhia,2010,Sunrisers Hyderabad,1,0,2,2,2.0,0,0,0,0,4,0,0,2,0,0,2,50.0,0.0,50.0,2.0
KP Appanna,2010,Royal Challengers Bengaluru,2,1,2,1,1.0,0,0,0,0,3,0,0,1,0,0,2,66.67,0.0,33.33,2.0
RS Gavaskar,2010,Kolkata Knight Riders,1,0,2,2,2.0,0,0,0,0,8,0,0,6,0,2,0,25.0,0.0,75.0,2.0
MS Gony,2010,Chennai Super Kings,1,0,2,2,2.0,0,0,0,0,7,0,0,4,0,0,2,28.57,0.0,57.14,2.0
CRD Fernando,2010,Mumbai Indians,1,1,2,2,2.0,0,0,0,0,2,0,0,0,0,0,2,100.0,0.0,0.0,
Y Nagar,2010,Delhi Capitals,1,0,1,1,1.0,0,0,0,0,7,0,0,3,0,0,1,14.29,0.0,42.86,1.0
SJ Srivastava,2010,Punjab Kings,2,1,1,1,0.5,0,0,0,1,2,0,0,1,0,0,1,50.0,0.0,50.0,1.0
BAW Mendis,2010,Kolkata Knight Riders,1,1,1,1,1.0,0,0,0,0,1,0,0,0,0,0,1,100.0,0.0,0.0,
SL Malinga,2010,Mumbai Indians,1,1,1,1,1.0,0,0,0,0,1,0,0,0,0,0,1,100.0,0.0,0.0,
SE Bond,2010,Kolkata Knight Riders,1,0,1,1,1.0,0,0,0,0,2,0,0,1,0,1,0,50.0,0.0,50.0,1.0
Pankaj Singh,2010,Royal Challengers Bengaluru,1,0,1,1,1.0,0,0,0,0,2,0,0,1,0,0,1,50.0,0.0,50.0,1.0
RE van der Merwe,2010,Royal Challengers Bengaluru,1,0,1,1,1.0,0,0,0,0,2,0,0,1,0,0,1,50.0,0.0,50.0,1.0
M Muralitharan,2010,Chennai Super Kings,1,0,1,1,1.0,0,0,0,0,2,0,0,1,0,0,1,50.0,0.0,50.0,1.0
Iqbal Abdulla,2010,Kolkata Knight Riders,1,1,0,0,0.0,0,0,0,0,1,0,0,0,0,0,0,0.0,0.0,0.0,
YA Abdulla,2010,Punjab Kings,1,1,0,0,0.0,0,0,0,0,1,0,0,0,0,0,0,0.0,0.0,0.0,
AB Dinda,2010,Kolkata Knight Riders,1,0,0,0,0.0,0,0,0,1,1,0,0,1,0,0,0,0.0,0.0,100.0,0.0
AG Paunikar,2010,Rajasthan Royals,1,0,0,0,0.0,0,0,0,1,1,0,0,1,0,0,0,0.0,0.0,100.0,0.0
Harmeet Singh,2010,Sunrisers Hyderabad,1,0,0,0,0.0,0,0,0,1,1,0,0,1,0,0,0,0.0,0.0,100.0,0.0
S Ladda,2010,Delhi Capitals,2,0,0,0,0.0,0,0,0,2,10,0,0,9,0,0,0,0.0,0.0,90.0,0.0
CK Langeveldt,2010,Kolkata Knight Riders,1,0,0,0,0.0,0,0,0,1,1,0,0,1,0,0,0,0.0,0.0,100.0,0.0
CH Gayle,2011,Royal Challengers Bengaluru,12,3,608,107,50.67,2,3,3,2,342,57,44,115,295,282,31,177.78,29.53,33.63,67.56
V Kohli,2011,Royal Challengers Bengaluru,16,4,557,71,34.81,0,4,5,0,473,55,16,171,151,282,124,117.76,15.01,36.15,46.42
SR Tendulkar,2011,Mumbai Indians,16,2,553,100,34.56,1,2,7,0,511,67,5,173,246,234,73,108.22,14.09,33.86,39.5
SE Marsh,2011,Punjab Kings,13,1,504,95,38.77,0,4,4,0,349,52,20,105,89,352,63,144.41,20.63,30.09,42.0
MEK Hussey,2011,Chennai Super Kings,14,2,492,83,35.14,0,4,4,1,423,53,6,130,190,235,67,116.31,13.95,30.73,41.0
PC Valthaty,2011,Punjab Kings,14,1,463,120,33.07,1,2,2,0,351,56,20,155,274,143,46,131.91,21.65,44.16,35.62
SK Raina,2011,Chennai Super Kings,16,2,438,73,27.38,0,4,3,1,335,36,17,107,105,226,107,130.75,15.82,31.94,31.29
M Vijay,2011,Chennai Super Kings,16,0,434,95,27.13,0,3,4,0,349,34,20,144,222,206,6,124.36,15.47,41.26,27.13
JH Kallis,2011,Kolkata Knight Riders,14,1,424,80,30.29,0,4,3,1,386,46,6,144,210,167,47,109.84,13.47,37.31,32.62
V Sehwag,2011,Delhi Capitals,11,2,424,119,38.55,1,2,2,0,247,51,18,76,190,208,26,171.66,27.94,30.77,47.11
S Dhawan,2011,Sunrisers Hyderabad,14,3,400,95,28.57,0,2,1,0,315,47,7,98,225,110,65,126.98,17.14,31.11,36.36
S Badrinath,2011,Chennai Super Kings,12,6,396,71,33.0,0,5,1,1,320,38,9,95,22,248,126,123.75,14.69,29.69,66.0
AT Rayudu,2011,Mumbai Indians,16,3,395,63,24.69,0,4,1,1,355,44,9,137,79,246,70,111.27,14.93,38.59,30.38
MS Dhoni,2011,Chennai Super Kings,13,3,392,70,30.15,0,2,2,0,247,25,23,65,0,127,265,158.7,19.43,26.32,39.2
AC Gilchrist,2011,Punjab Kings,14,0,383,106,27.36,1,2,1,2,309,41,18,123,170,182,31,123.95,19.09,39.81,27.36
G Gambhir,2011,Kolkata Knight Riders,15,4,378,75,25.2,0,2,4,1,332,44,3,103,123,217,38,113.86,14.16,31.02,34.36
RG Sharma,2011,Mumbai Indians,13,3,372,87,28.62,0,3,1,0,304,32,13,101,40,197,135,122.37,14.8,33.22,37.2
MK Tiwary,2011,Kolkata Knight Riders,13,5,359,61,27.62,0,1,6,0,336,26,14,134,65,211,83,106.85,11.9,39.88,44.88
KC Sangakkara,2011,Sunrisers Hyderabad,13,0,358,65,27.54,0,1,5,2,298,44,5,100,104,242,12,120.13,16.44,33.56,27.54
BB McCullum,2011,Kochi Tuskers Kerala,13,0,357,81,27.46,0,1,5,2,292,35,16,107,234,108,15,122.26,17.47,36.64,27.46
Yuvraj Singh,2011,Pune Warriors,13,4,343,66,26.38,0,2,3,1,269,24,18,104,7,211,125,127.51,15.61,38.66,38.11
R Dravid,2011,Rajasthan Royals,12,1,343,66,28.58,0,1,5,0,320,45,2,130,175,165,3,107.19,14.69,40.63,31.18
Y Venugopal Rao,2011,Delhi Capitals,14,2,336,60,24.0,0,1,4,0,292,30,13,108,11,226,99,115.07,14.73,36.99,28.0
SR Watson,2011,Rajasthan Royals,11,1,330,89,30.0,0,1,3,0,256,31,17,114,170,152,8,128.91,18.75,44.53,33.0
DA Warner,2011,Delhi Capitals,13,0,324,77,24.92,0,3,1,0,281,34,11,118,178,120,26,115.3,16.01,41.99,24.92
AB de Villiers,2011,Royal Challengers Bengaluru,13,5,312,65,24.0,0,2,2,2,248,21,14,77,33,162,117,125.81,14.11,31.05,39.0
DPMD Jayawardene,2011,Kochi Tuskers Kerala,13,2,299,76,23.0,0,3,0,0,272,35,5,97,126,135,38,109.93,14.71,35.66,27.18
JD Ryder,2011,Pune Warriors,13,0,292,60,22.46,0,2,2,1,201,37,11,81,233,59,0,145.27,23.88,40.3,22.46
BJ Hodge,2011,Kochi Tuskers Kerala,14,4,285,51,20.36,0,1,3,1,245,26,9,88,40,158,87,116.33,14.29,35.92,28.5
RA Jadeja,2011,Kochi Tuskers Kerala,12,3,283,47,23.58,0,0,2,0,234,20,14,84,19,172,92,120.94,14.53,35.9,31.44
YK Pathan,2011,Kolkata Knight Riders,11,2,283,47,25.73,0,0,4,0,205,24,13,65,4,171,108,138.05,18.05,31.71,31.44
KD Karthik,2011,Punjab Kings,13,2,282,69,21.69,0,1,3,1,225,32,7,76,17,190,75,125.33,17.33,33.78,25.64
RV Uthappa,2011,Pune Warriors,13,3,264,45,20.31,0,0,5,1,215,27,10,82,39,177,48,122.79,17.21,38.14,26.4
S Sohal,2011,Sunrisers Hyderabad,10,1,249,62,24.9,0,2,2,1,201,25,10,76,164,85,0,123.88,17.41,37.81,27.67
MK Pandey,2011,Pune Warriors,9,0,246,59,27.33,0,1,2,0,233,28,6,101,107,120,19,105.58,14.59,43.35,27.33
J Botha,2011,Rajasthan Royals,9,4,230,67,25.56,0,1,2,0,200,20,2,61,9,150,71,115.0,11.0,30.5,46.0
TM Dilshan,2011,Royal Challengers Bengaluru,10,2,226,59,22.6,0,2,2,2,185,33,3,69,137,69,20,122.16,19.46,37.3,28.25
B Chipli,2011,Sunrisers Hyderabad,13,5,207,61,15.92,0,1,1,0,172,21,4,58,20,107,80,120.35,14.53,33.72,25.88
JP Duminy,2011,Sunrisers Hyderabad,10,0,205,55,20.5,0,1,1,0,176,9,8,48,0,115,90,116.48,9.66,27.27,20.5
PA Patel,2011,Kochi Tuskers Kerala,13,4,202,37,15.54,0,0,3,2,189,25,2,76,84,116,2,106.88,14.29,40.21,22.44
JR Hopes,2011,Delhi Capitals,8,3,196,55,24.5,0,2,0,0,162,22,3,53,22,111,63,120.99,15.43,32.72,39.2
DT Christian,2011,Sunrisers Hyderabad,13,3,190,30,14.62,0,0,1,1,161,9,7,47,0,70,120,118.01,9.94,29.19,19.0
SS Tiwary,2011,Royal Challengers Bengaluru,13,5,187,42,14.38,0,0,1,0,196,13,5,75,6,79,102,95.41,9.18,38.27,23.38
DB Ravi Teja,2011,Sunrisers Hyderabad,9,2,183,60,20.33,0,1,2,0,147,17,4,43,42,85,56,124.49,14.29,29.25,26.14
LRPL Taylor,2011,Rajasthan Royals,11,6,181,47,16.45,0,0,2,1,158,11,7,51,0,55,126,114.56,11.39,32.28,36.2
AL Menaria,2011,Rajasthan Royals,10,1,180,34,18.0,0,0,2,0,158,10,10,60,8,152,20,113.92,12.66,37.97,20.0
NV Ojha,2011,Delhi Capitals,14,1,160,29,11.43,0,0,0,2,169,11,11,92,92,33,35,94.67,13.02,54.44,12.31
IK Pathan,2011,Delhi Capitals,12,5,150,44,12.5,0,0,1,1,146,12,6,52,0,49,101,102.74,12.33,35.62,21.43
KA Pollard,2011,Mumbai Indians,12,2,146,28,12.17,0,0,0,1,141,12,6,53,0,48,98,103.55,12.77,37.59,14.6
MA Agarwal,2011,Royal Challengers Bengaluru,7,0,141,41,20.14,0,0,3,1,129,16,4,50,97,44,0,109.3,15.5,38.76,20.14
JA Morkel,2011,Chennai Super Kings,12,7,138,30,11.5,0,0,1,1,108,8,8,33,0,14,124,127.78,14.81,30.56,27.6
EJG Morgan,2011,Kolkata Knight Riders,9,1,137,66,15.22,0,1,0,1,123,17,3,52,64,44,29,111.38,16.26,42.28,17.13
A Symonds,2011,Mumbai Indians,9,6,135,44,15.0,0,0,2,0,143,9,3,52,1,52,82,94.41,8.39,36.36,45.0
AC Blizzard,2011,Mumbai Indians,6,0,120,51,20.0,0,1,1,0,88,21,2,42,99,21,0,136.36,26.14,47.73,20.0
AM Rahane,2011,Rajasthan Royals,7,2,120,52,17.14,0,1,0,0,99,12,2,33,23,78,19,121.21,14.14,33.33,24.0
M Manhas,2011,Pune Warriors,10,0,114,35,11.4,0,0,1,4,128,8,4,62,35,56,23,89.06,9.38,48.44,11.4
Y Nagar,2011,Delhi Capitals,10,3,111,23,11.1,0,0,0,1,108,6,6,40,0,51,60,102.78,11.11,37.04,15.86
RN ten Doeschate,2011,Kolkata Knight Riders,3,0,107,70,35.67,0,1,0,0,76,9,5,22,5,37,65,140.79,18.42,28.95,35.67
JEC Franklin,2011,Mumbai Indians,5,3,107,45,21.4,0,0,1,0,80,10,2,20,6,36,65,133.75,15.0,25.0,53.5
CL White,2011,Sunrisers Hyderabad,6,2,104,31,17.33,0,0,2,0,109,6,2,42,0,50,54,95.41,7.34,38.53,26.0
Harbhajan Singh,2011,Mumbai Indians,8,4,103,30,12.88,0,0,1,0,74,9,6,29,40,15,48,139.19,20.27,39.19,25.75
DJ Jacobs,2011,Mumbai Indians,6,0,92,32,15.33,0,0,1,0,91,10,4,44,83,9,0,101.1,15.38,48.35,15.33
R McLaren,2011,Punjab Kings,4,1,90,51,22.5,0,1,0,0,101,7,1,36,0,47,43,89.11,7.92,35.64,30.0
S Anirudha,2011,Chennai Super Kings,5,1,83,64,16.6,0,1,0,1,78,6,3,27,25,34,24,106.41,11.54,34.62,20.75
TR Birt,2011,Delhi Capitals,5,0,75,27,15.0,0,0,0,0,59,9,2,24,0,15,60,127.12,18.64,40.68,15.0
M Klinger,2011,Kochi Tuskers Kerala,4,0,73,29,18.25,0,0,0,0,78,9,0,33,50,23,0,93.59,11.54,42.31,18.25
MS Bisla,2011,Kolkata Knight Riders,5,1,72,27,14.4,0,0,0,0,90,8,0,40,60,12,0,80.0,8.89,44.44,18.0
WP Saha,2011,Chennai Super Kings,2,1,68,46,34.0,0,0,1,0,67,2,4,22,6,35,27,101.49,8.96,32.84,68.0
A Mishra,2011,Sunrisers Hyderabad,9,4,68,25,7.56,0,0,0,3,52,9,1,14,0,1,67,130.77,19.23,26.92,13.6
MD Mishra,2011,Pune Warriors,5,1,67,37,13.4,0,0,1,0,60,5,2,23,17,23,27,111.67,11.67,38.33,16.75
TL Suman,2011,Mumbai Indians,6,0,65,36,10.83,0,0,1,0,53,5,5,25,9,39,17,122.64,18.87,47.17,10.83
DJ Hussey,2011,Punjab Kings,8,2,64,21,8.0,0,0,0,1,65,3,3,24,0,37,27,98.46,9.23,36.92,10.67
AM Nayar,2011,Punjab Kings,9,3,61,17,6.78,0,0,0,1,67,9,0,32,11,14,36,91.04,13.43,47.76,10.17
AS Raut,2011,Rajasthan Royals,4,1,60,25,15.0,0,0,0,0,59,5,1,22,7,25,28,101.69,10.17,37.29,20.0
LA Pomersbach,2011,Royal Challengers Bengaluru,4,0,51,29,12.75,0,0,0,0,41,4,2,14,16,28,7,124.39,14.63,34.15,12.75
R Vinay Kumar,2011,Kochi Tuskers Kerala,7,1,50,18,7.14,0,0,0,0,48,4,1,16,0,17,33,104.17,10.42,33.33,8.33
MR Marsh,2011,Pune Warriors,3,1,50,37,16.67,0,0,1,0,50,2,3,23,0,14,36,100.0,10.0,46.0,25.0
SC Ganguly,2011,Pune Warriors,3,1,50,32,16.67,0,0,1,1,61,3,2,29,4,38,8,81.97,8.2,47.54,25.0
AG Paunikar,2011,Rajasthan Royals,4,0,49,20,12.25,0,0,0,0,60,9,0,34,49,0,0,81.67,15.0,56.67,12.25
PP Chawla,2011,Punjab Kings,6,2,48,15,8.0,0,0,0,0,55,2,2,24,0,15,33,87.27,7.27,43.64,12.0
CJ Ferguson,2011,Pune Warriors,4,2,48,16,12.0,0,0,0,0,56,6,0,26,6,25,17,85.71,10.71,46.43,24.0
Mandeep Singh,2011,Punjab Kings,5,1,47,15,9.4,0,0,0,0,42,4,1,14,0,7,40,111.9,11.9,33.33,11.75
AJ Finch,2011,Delhi Capitals,6,0,47,25,7.83,0,0,0,2,51,3,3,24,18,2,27,92.16,11.76,47.06,7.83
RV Gomez,2011,Kochi Tuskers Kerala,8,2,46,26,5.75,0,0,0,3,52,4,1,22,0,0,46,88.46,9.62,42.31,7.67
VVS Laxman,2011,Kochi Tuskers Kerala,3,1,44,36,14.67,0,0,1,1,42,3,2,18,31,13,0,104.76,11.9,42.86,22.0
Sunny Singh,2011,Punjab Kings,5,1,43,20,8.6,0,0,0,0,31,6,1,11,15,21,7,138.71,22.58,35.48,10.75
GC Smith,2011,Pune Warriors,4,0,42,24,10.5,0,0,0,1,54,6,0,31,39,3,0,77.78,11.11,57.41,10.5
M Kaif,2011,Royal Challengers Bengaluru,4,1,41,15,10.25,0,0,0,0,35,5,0,15,0,30,11,117.14,14.29,42.86,13.67
M Morkel,2011,Delhi Capitals,5,3,40,16,8.0,0,0,0,1,25,3,2,8,0,0,40,160.0,20.0,32.0,20.0
STR Binny,2011,Rajasthan Royals,2,1,37,30,18.5,0,0,1,0,31,2,1,10,4,26,7,119.35,9.68,32.26,37.0
WD Parnell,2011,Pune Warriors,5,2,37,16,7.4,0,0,0,0,42,2,1,16,0,5,32,88.1,7.14,38.1,12.33
DW Steyn,2011,Sunrisers Hyderabad,5,2,36,13,7.2,0,0,0,0,37,3,0,12,0,0,36,97.3,8.11,32.43,12.0
CA Pujara,2011,Royal Challengers Bengaluru,3,0,34,25,11.33,0,0,0,0,32,4,0,10,0,21,13,106.25,12.5,31.25,11.33
AUK Pathan,2011,Royal Challengers Bengaluru,5,1,33,14,6.6,0,0,0,2,18,5,2,8,14,7,12,183.33,38.89,44.44,8.25
RJ Harris,2011,Punjab Kings,7,2,31,17,4.43,0,0,0,1,39,3,0,19,0,10,21,79.49,7.69,48.72,6.2
Shakib Al Hasan,2011,Kolkata Knight Riders,3,1,29,26,9.67,0,0,0,0,23,4,0,6,0,18,11,126.09,17.39,26.09,14.5
SP Goswami,2011,Kolkata Knight Riders,4,1,29,22,7.25,0,0,0,1,31,5,0,16,29,0,0,93.55,16.13,51.61,9.67
IR Jaggi,2011,Sunrisers Hyderabad,2,0,28,25,14.0,0,0,0,0,38,3,0,21,19,9,0,73.68,7.89,55.26,14.0
P Kumar,2011,Punjab Kings,7,4,27,15,3.86,0,0,0,1,33,2,1,16,0,0,27,81.82,9.09,48.48,9.0
A Mithun,2011,Royal Challengers Bengaluru,4,1,27,11,6.75,0,0,0,1,20,3,1,6,0,15,12,135.0,20.0,30.0,9.0
NL McCullum,2011,Pune Warriors,2,1,26,15,13.0,0,0,0,0,23,0,1,6,0,6,20,113.04,4.35,26.09,26.0
OA Shah,2011,Kochi Tuskers Kerala,2,1,26,23,13.0,0,0,0,0,16,1,2,2,0,0,26,162.5,18.75,12.5,26.0
R Bhatia,2011,Kolkata Knight Riders,6,4,25,11,4.17,0,0,0,0,23,3,0,5,0,0,25,108.7,13.04,21.74,12.5
R Sathish,2011,Mumbai Indians,3,1,25,18,8.33,0,0,0,1,35,1,0,16,0,5,20,71.43,2.86,45.71,12.5
R Sharma,2011,Pune Warriors,5,3,24,13,4.8,0,0,0,1,23,1,2,11,0,1,23,104.35,13.04,47.83,12.0
Bipul Sharma,2011,Punjab Kings,3,2,23,16,7.67,0,0,0,0,18,1,0,3,0,0,23,127.78,5.56,16.67,23.0
DL Vettori,2011,Royal Challengers Bengaluru,4,3,23,18,5.75,0,0,0,1,30,1,1,10,0,3,20,76.67,6.67,33.33,23.0
NLTC Perera,2011,Kochi Tuskers Kerala,2,0,23,22,11.5,0,0,0,0,29,4,0,17,14,8,1,79.31,13.79,58.62,11.5
MS Wade,2011,Delhi Capitals,3,0,22,11,7.33,0,0,0,0,33,0,0,14,2,20,0,66.67,0.0,42.42,7.33
CA Ingram,2011,Delhi Capitals,3,1,21,13,7.0,0,0,0,0,26,2,0,9,7,14,0,80.77,7.69,34.62,10.5
Z Khan,2011,Royal Challengers Bengaluru,2,0,21,21,10.5,0,0,0,1,24,2,0,12,0,3,18,87.5,8.33,50.0,10.5
FY Fazal,2011,Rajasthan Royals,2,1,19,16,9.5,0,0,0,0,19,3,0,9,18,1,0,100.0,15.79,47.37,19.0
Y Gnaneswara Rao,2011,Kochi Tuskers Kerala,1,0,19,19,19.0,0,0,0,0,18,3,0,8,15,4,0,105.56,16.67,44.44,19.0
BJ Haddin,2011,Kolkata Knight Riders,1,0,18,18,18.0,0,0,0,0,11,2,1,5,18,0,0,163.64,27.27,45.45,18.0
KM Jadhav,2011,Kochi Tuskers Kerala,4,1,18,12,4.5,0,0,0,1,23,1,0,9,0,12,6,78.26,4.35,39.13,6.0
S Rana,2011,Pune Warriors,1,0,18,18,18.0,0,0,0,0,16,2,0,4,0,1,17,112.5,12.5,25.0,18.0
JJ van der Wath,2011,Royal Challengers Bengaluru,3,1,18,14,6.0,0,0,0,1,17,1,1,7,0,4,14,105.88,11.76,41.18,9.0
AN Ahmed,2011,Mumbai Indians,1,1,18,18,18.0,0,0,0,0,13,1,1,5,0,0,18,138.46,15.38,38.46,
DH Yagnik,2011,Rajasthan Royals,4,3,16,10,4.0,0,0,0,0,23,1,0,9,0,0,16,69.57,4.35,39.13,16.0
Iqbal Abdulla,2011,Kolkata Knight Riders,2,2,15,12,7.5,0,0,0,0,12,1,0,3,0,0,15,125.0,8.33,25.0,
J Syed Mohammad,2011,Royal Challengers Bengaluru,2,2,15,13,7.5,0,0,0,0,13,2,0,3,0,0,15,115.38,15.38,23.08,
LR Shukla,2011,Kolkata Knight Riders,1,0,14,14,14.0,0,0,0,0,10,2,0,3,0,0,14,140.0,20.0,30.0,14.0
Harpreet Singh,2011,Pune Warriors,2,1,14,13,7.0,0,0,0,0,20,0,0,7,0,6,8,70.0,0.0,35.0,14.0
RE van der Merwe,2011,Delhi Capitals,4,3,14,8,3.5,0,0,0,0,16,1,0,5,0,1,13,87.5,6.25,31.25,14.0
B Akhil,2011,Kochi Tuskers Kerala,1,0,13,13,13.0,0,0,0,0,9,0,1,3,0,13,0,144.44,11.11,33.33,13.0
S Aravind,2011,Royal Challengers Bengaluru,2,2,13,11,6.5,0,0,0,0,10,2,0,1,0,0,13,130.0,20.0,10.0,
M Kartik,2011,Pune Warriors,2,1,12,11,6.0,0,0,0,0,15,1,0,5,0,11,1,80.0,6.67,33.33,12.0
RR Powar,2011,Kochi Tuskers Kerala,3,1,11,8,3.67,0,0,0,1,13,0,0,5,0,0,11,84.62,0.0,38.46,5.5
DJ Bravo,2011,Chennai Super Kings,2,1,11,6,5.5,0,0,0,0,6,1,1,3,0,5,6,183.33,33.33,50.0,11.0
SK Warne,2011,Rajasthan Royals,4,2,10,5,2.5,0,0,0,1,20,1,0,13,0,4,6,50.0,5.0,65.0,5.0
AA Jhunjhunwala,2011,Pune Warriors,2,0,10,10,5.0,0,0,0,1,19,2,0,12,5,5,0,52.63,10.53,63.16,5.0
SW Tait,2011,Rajasthan Royals,2,1,10,10,5.0,0,0,0,1,10,1,0,3,0,2,8,100.0,10.0,30.0,10.0
TD Paine,2011,Pune Warriors,2,0,10,8,5.0,0,0,0,0,29,0,0,14,10,0,0,34.48,0.0,48.28,5.0
SA Asnodkar,2011,Rajasthan Royals,1,0,9,9,9.0,0,0,0,0,9,1,0,4,9,0,0,100.0,11.11,44.44,9.0
SD Chitnis,2011,Punjab Kings,1,0,9,9,9.0,0,0,0,0,9,1,0,3,0,0,9,100.0,11.11,33.33,9.0
CK Langeveldt,2011,Royal Challengers Bengaluru,1,0,8,8,8.0,0,0,0,0,8,0,1,5,0,1,7,100.0,12.5,62.5,8.0
AB McDonald,2011,Delhi Capitals,1,0,8,8,8.0,0,0,0,0,7,0,0,2,0,0,8,114.29,0.0,28.57,8.0
SL Malinga,2011,Mumbai Indians,2,0,8,7,4.0,0,0,0,0,9,0,1,6,0,1,7,88.89,11.11,66.67,4.0
I Malhotra,2011,Sunrisers Hyderabad,1,1,7,7,7.0,0,0,0,0,4,1,0,0,0,0,7,175.0,25.0,0.0,
AB Agarkar,2011,Delhi Capitals,1,1,7,7,7.0,0,0,0,0,7,1,0,1,0,0,7,100.0,14.29,14.29,
KB Arun Karthik,2011,Royal Challengers Bengaluru,2,0,7,6,3.5,0,0,0,0,8,1,0,3,0,7,0,87.5,12.5,37.5,3.5
MV Boucher,2011,Kolkata Knight Riders,2,1,6,5,3.0,0,0,0,0,6,0,0,1,0,1,5,100.0,0.0,16.67,6.0
B Lee,2011,Kolkata Knight Riders,4,2,5,2,1.25,0,0,0,0,9,0,0,4,0,0,5,55.56,0.0,44.44,2.5
SB Styris,2011,Chennai Super Kings,1,1,5,5,5.0,0,0,0,0,2,1,0,0,0,0,5,250.0,50.0,0.0,
PR Shah,2011,Rajasthan Royals,1,0,5,5,5.0,0,0,0,0,5,1,0,3,0,5,0,100.0,20.0,60.0,5.0
M Muralitharan,2011,Kochi Tuskers Kerala,1,1,5,5,5.0,0,0,0,0,8,0,0,2,0,0,5,62.5,0.0,25.0,
SJ Srivastava,2011,Punjab Kings,2,2,4,3,2.0,0,0,0,0,3,0,0,0,0,0,4,133.33,0.0,0.0,
S Sriram,2011,Delhi Capitals,1,0,4,4,4.0,0,0,0,0,7,0,0,4,0,4,0,57.14,0.0,57.14,4.0
I Sharma,2011,Sunrisers Hyderabad,4,4,4,1,1.0,0,0,0,0,5,0,0,1,0,0,4,80.0,0.0,20.0,
L Balaji,2011,Kolkata Knight Riders,2,2,4,3,2.0,0,0,0,0,2,0,0,0,0,0,4,200.0,0.0,0.0,
JE Taylor,2011,Pune Warriors,2,2,3,2,1.5,0,0,0,0,4,0,0,1,0,0,3,75.0,0.0,25.0,
R Ninan,2011,Royal Challengers Bengaluru,1,0,3,3,3.0,0,0,0,0,6,0,0,2,0,0,3,50.0,0.0,33.33,3.0
DS Kulkarni,2011,Mumbai Indians,1,0,2,2,2.0,0,0,0,0,4,0,0,2,0,2,0,50.0,0.0,50.0,2.0
RP Singh,2011,Kochi Tuskers Kerala,4,2,2,1,0.5,0,0,0,1,4,0,0,1,0,0,2,50.0,0.0,25.0,1.0
R Ashwin,2011,Chennai Super Kings,2,0,2,2,1.0,0,0,0,1,6,0,0,4,0,0,2,33.33,0.0,66.67,1.0
UBT Chand,2011,Delhi Capitals,2,0,2,2,1.0,0,0,0,1,12,0,0,9,0,2,0,16.67,0.0,75.0,1.0
AG Murtaza,2011,Mumbai Indians,1,1,2,2,2.0,0,0,0,0,5,0,0,3,0,0,2,40.0,0.0,60.0,
SB Wagh,2011,Pune Warriors,2,0,2,2,1.0,0,0,0,1,3,0,0,2,0,0,2,66.67,0.0,66.67,1.0
S Randiv,2011,Chennai Super Kings,1,0,2,2,2.0,0,0,0,0,4,0,0,3,0,0,2,50.0,0.0,75.0,2.0
AC Thomas,2011,Pune Warriors,2,2,1,1,0.5,0,0,0,0,4,0,0,3,0,0,1,25.0,0.0,75.0,
UT Yadav,2011,Delhi Capitals,2,1,1,1,0.5,0,0,0,1,6,0,0,4,0,0,1,16.67,0.0,66.67,1.0
A Singh,2011,Rajasthan Royals,2,0,1,1,0.5,0,0,0,1,4,0,0,3,0,0,1,25.0,0.0,75.0,0.5
AA Chavan,2011,Rajasthan Royals,1,1,1,1,1.0,0,0,0,0,3,0,0,2,0,1,0,33.33,0.0,66.67,
S Sreesanth,2011,Kochi Tuskers Kerala,3,2,1,1,0.33,0,0,0,1,9,0,0,7,0,0,1,11.11,0.0,77.78,1.0
B Kumar,2011,Pune Warriors,1,1,1,1,1.0,0,0,0,0,1,0,0,0,0,0,1,100.0,0.0,0.0,
P Parameswaran,2011,Kochi Tuskers Kerala,1,1,1,1,1.0,0,0,0,0,1,0,0,0,0,0,1,100.0,0.0,0.0,
NJ Rimmington,2011,Punjab Kings,1,1,1,1,1.0,0,0,0,0,1,0,0,0,0,0,1,100.0,0.0,0.0,
SK Trivedi,2011,Rajasthan Royals,1,0,0,0,0.0,0,0,0,1,2,0,0,2,0,0,0,0.0,0.0,100.0,0.0
MM Patel,2011,Mumbai Indians,1,0,0,0,0.0,0,0,0,1,1,0,0,1,0,0,0,0.0,0.0,100.0,0.0
MJ Lumb,2011,Sunrisers Hyderabad,1,0,0,0,0.0,0,0,0,1,2,0,0,2,0,0,0,0.0,0.0,100.0,0.0
MS Gony,2011,Sunrisers Hyderabad,2,1,0,0,0.0,0,0,0,1,2,0,0,1,0,0,0,0.0,0.0,50.0,0.0
JDP Oram,2011,Rajasthan Royals,1,0,0,0,0.0,0,0,0,1,3,0,0,3,0,0,0,0.0,0.0,100.0,0.0
DE Bollinger,2011,Chennai Super Kings,1,1,0,0,0.0,0,0,0,0,1,0,0,1,0,0,0,0.0,0.0,100.0,
L Ablish,2011,Punjab Kings,1,1,0,0,0.0,0,0,0,0,2,0,0,2,0,0,0,0.0,0.0,100.0,
VR Aaron,2011,Delhi Capitals,1,1,0,0,0.0,0,0,0,0,5,0,0,5,0,0,0,0.0,0.0,100.0,
Joginder Sharma,2011,Chennai Super Kings,1,0,0,0,0.0,0,0,0,1,1,0,0,1,0,0,0,0.0,0.0,100.0,0.0
S Nadeem,2011,Delhi Capitals,1,0,0,0,0.0,0,0,0,1,1,0,0,1,0,0,0,0.0,0.0,100.0,0.0
BA Bhatt,2011,Punjab Kings,1,1,0,0,0.0,0,0,0,0,5,0,0,5,0,0,0,0.0,0.0,100.0,
ND Doshi,2011,Rajasthan Royals,1,0,0,0,0.0,0,0,0,1,13,0,0,13,0,0,0,0.0,0.0,100.0,0.0
AB Dinda,2011,Delhi Capitals,1,0,0,0,0.0,0,0,0,1,5,0,0,5,0,0,0,0.0,0.0,100.0,0.0
CH Gayle,2012,Royal Challengers Bengaluru,14,2,733,128,52.36,1,7,0,0,472,46,59,168,219,361,153,155.3,22.25,35.59,61.08
G Gambhir,2012,Kolkata Knight Riders,17,3,590,93,34.71,0,6,3,2,429,64,17,126,360,189,41,137.53,18.88,29.37,42.14
S Dhawan,2012,Sunrisers Hyderabad,15,2,569,84,37.93,0,5,3,0,448,58,18,159,309,213,47,127.01,16.96,35.49,43.77
AM Rahane,2012,Rajasthan Royals,16,2,560,103,35.0,1,3,3,1,448,73,10,156,247,216,97,125.0,18.53,34.82,40.0
V Sehwag,2012,Delhi Capitals,16,0,495,87,30.94,0,5,2,1,317,57,19,89,257,226,12,156.15,23.97,28.08,30.94
CL White,2012,Sunrisers Hyderabad,13,2,479,78,36.85,0,5,2,1,327,41,20,87,40,252,187,146.48,18.65,26.61,43.55
R Dravid,2012,Rajasthan Royals,16,0,462,58,28.88,0,2,4,0,424,63,4,179,323,124,15,108.96,15.8,42.22,28.88
SK Raina,2012,Chennai Super Kings,18,1,441,73,24.5,0,1,4,2,335,36,19,109,116,280,45,131.64,16.42,32.54,25.94
RG Sharma,2012,Mumbai Indians,16,2,433,109,27.06,1,3,1,2,350,39,18,125,126,215,92,123.71,16.29,35.71,30.93
Mandeep Singh,2012,Punjab Kings,16,0,432,75,27.0,0,2,3,1,349,53,7,128,219,188,25,123.78,17.19,36.68,27.0
JH Kallis,2012,Kolkata Knight Riders,17,1,409,79,24.06,0,2,5,1,393,34,10,138,96,205,108,104.07,11.2,35.11,25.56
RV Uthappa,2012,Pune Warriors,16,2,405,69,25.31,0,2,3,0,357,38,10,126,142,212,51,113.45,13.45,35.29,28.93
F du Plessis,2012,Chennai Super Kings,12,2,398,73,33.17,0,3,3,0,310,29,17,104,232,155,11,128.39,14.84,33.55,39.8
DJ Hussey,2012,Punjab Kings,15,4,396,68,26.4,0,2,4,0,313,28,17,101,16,276,104,126.52,14.38,32.27,36.0
DJ Bravo,2012,Chennai Super Kings,16,8,371,48,23.19,0,0,6,0,271,20,20,82,6,92,273,136.9,14.76,30.26,46.38
V Kohli,2012,Royal Challengers Bengaluru,15,3,364,73,24.27,0,2,3,0,333,33,10,126,99,181,84,109.31,12.91,37.84,30.33
SPD Smith,2012,Pune Warriors,14,4,362,47,25.86,0,0,5,0,272,24,14,64,11,153,198,133.09,13.97,23.53,36.2
MS Dhoni,2012,Chennai Super Kings,17,6,358,51,21.06,0,1,3,0,283,26,9,78,4,131,223,126.5,12.37,27.56,32.55
OA Shah,2012,Rajasthan Royals,13,6,340,76,26.15,0,3,1,0,269,24,16,84,18,162,160,126.39,14.87,31.23,48.57
M Vijay,2012,Chennai Super Kings,13,1,336,113,25.85,1,0,4,1,273,39,10,116,196,124,16,123.08,17.95,42.49,28.0
SE Marsh,2012,Punjab Kings,13,3,336,68,25.85,0,2,3,0,288,39,7,108,127,170,39,116.67,15.97,37.5,33.6
DPMD Jayawardene,2012,Delhi Capitals,15,5,335,56,22.33,0,3,2,1,306,39,3,110,129,179,27,109.48,13.73,35.95,33.5
AT Rayudu,2012,Mumbai Indians,15,6,333,81,22.2,0,2,2,1,261,21,14,72,23,200,110,127.59,13.41,27.59,37.0
SR Tendulkar,2012,Mumbai Indians,13,1,324,74,24.92,0,2,2,1,297,39,4,111,168,146,10,109.09,14.48,37.37,27.0
AB de Villiers,2012,Royal Challengers Bengaluru,13,5,319,64,24.54,0,3,2,1,203,26,15,49,9,131,179,157.14,20.2,24.14,39.88
KP Pietersen,2012,Delhi Capitals,8,2,305,103,38.13,1,1,3,0,210,22,20,77,77,169,59,145.24,20.0,36.67,50.83
BB McCullum,2012,Kolkata Knight Riders,12,0,289,56,24.08,0,1,5,0,287,37,3,126,134,153,2,100.7,13.94,43.9,24.08
TM Dilshan,2012,Royal Challengers Bengaluru,9,2,285,76,31.67,0,3,1,0,274,33,5,105,103,131,51,104.01,13.87,38.32,40.71
SC Ganguly,2012,Pune Warriors,15,1,268,45,17.87,0,0,3,0,288,30,4,116,127,120,21,93.06,11.81,40.28,19.14
MEK Hussey,2012,Chennai Super Kings,8,0,261,56,32.63,0,2,2,0,241,28,8,108,145,114,2,108.3,14.94,44.81,32.63
MK Tiwary,2012,Kolkata Knight Riders,15,5,260,59,17.33,0,1,2,1,251,21,3,84,23,148,89,103.59,9.56,33.47,26.0
DA Warner,2012,Delhi Capitals,8,1,256,109,32.0,1,1,0,0,161,28,14,64,141,100,15,159.01,26.09,39.75,36.57
JD Ryder,2012,Pune Warriors,11,1,256,86,23.27,0,2,1,1,216,23,8,74,154,57,45,118.52,14.35,34.26,25.6
NV Ojha,2012,Delhi Capitals,16,5,255,64,15.94,0,1,2,0,230,21,13,106,77,122,56,110.87,14.78,46.09,23.18
SR Watson,2012,Rajasthan Royals,7,1,255,90,36.43,0,2,2,0,171,26,14,65,100,144,11,149.12,23.39,38.01,42.5
BJ Hodge,2012,Rajasthan Royals,12,4,245,48,20.42,0,0,4,0,180,18,9,47,0,98,147,136.11,15.0,26.11,30.63
JP Duminy,2012,Sunrisers Hyderabad,9,6,244,74,27.11,0,2,0,0,195,13,11,55,2,76,166,125.13,12.31,28.21,81.33
KD Karthik,2012,Mumbai Indians,14,0,238,44,17.0,0,0,4,1,217,30,2,84,51,153,34,109.68,14.75,38.71,17.0
MA Agarwal,2012,Royal Challengers Bengaluru,12,1,225,64,18.75,0,1,2,0,164,19,15,68,98,52,75,137.2,20.73,41.46,20.45
KA Pollard,2012,Mumbai Indians,11,2,220,64,20.0,0,2,0,0,163,15,14,55,0,118,102,134.97,17.79,33.74,24.44
JEC Franklin,2012,Mumbai Indians,11,2,220,79,20.0,0,1,1,0,229,15,7,89,73,115,32,96.07,9.61,38.86,24.44
AL Menaria,2012,Rajasthan Royals,12,1,220,40,18.33,0,0,3,1,207,14,8,77,0,144,76,106.28,10.63,37.2,20.0
MS Bisla,2012,Kolkata Knight Riders,7,0,213,89,30.43,0,1,1,0,171,16,10,53,75,138,0,124.56,15.2,30.99,30.43
KC Sangakkara,2012,Sunrisers Hyderabad,12,1,200,82,16.67,0,1,1,0,190,21,4,68,54,101,45,105.26,13.16,35.79,18.18
LRPL Taylor,2012,Delhi Capitals,12,3,197,55,16.42,0,1,0,1,177,12,7,57,19,144,34,111.3,10.73,32.2,21.89
S Badrinath,2012,Chennai Super Kings,9,2,196,57,21.78,0,1,1,0,188,23,2,74,69,122,5,104.26,13.3,39.36,28.0
PA Patel,2012,Sunrisers Hyderabad,12,1,194,45,16.17,0,0,1,1,166,19,4,53,109,71,14,116.87,13.86,31.93,17.64
YK Pathan,2012,Kolkata Knight Riders,16,5,194,40,12.13,0,0,2,2,179,10,7,50,1,63,130,108.38,9.5,27.93,17.64
SS Tiwary,2012,Royal Challengers Bengaluru,11,2,191,36,17.36,0,0,3,0,173,9,8,58,22,94,75,110.4,9.83,33.53,21.22
RA Jadeja,2012,Chennai Super Kings,14,2,191,48,13.64,0,0,2,0,153,13,9,49,0,105,86,124.84,14.38,32.03,15.92
Azhar Mahmood,2012,Punjab Kings,10,2,186,36,18.6,0,0,3,0,145,16,8,50,7,103,76,128.28,16.55,34.48,23.25
IK Pathan,2012,Delhi Capitals,12,5,176,42,14.67,0,0,2,1,133,14,6,30,0,84,92,132.33,15.04,22.56,25.14
AC Gilchrist,2012,Punjab Kings,7,3,172,64,24.57,0,1,1,0,147,21,4,59,116,44,12,117.01,17.01,40.14,43.0
DR Smith,2012,Mumbai Indians,6,2,157,87,26.17,0,1,1,1,102,18,7,34,65,55,37,153.92,24.51,33.33,39.25
Y Nagar,2012,Delhi Capitals,8,3,153,44,19.13,0,0,1,1,134,13,3,41,2,42,109,114.18,11.94,30.6,30.6
DT Christian,2012,Sunrisers Hyderabad,7,2,145,39,20.71,0,0,1,0,122,8,6,31,2,67,76,118.85,11.48,25.41,29.0
MK Pandey,2012,Pune Warriors,9,2,143,80,15.89,0,1,0,4,115,12,6,43,68,39,36,124.35,15.65,37.39,20.43
N Saini,2012,Punjab Kings,10,0,140,50,14.0,0,1,1,0,143,16,0,63,80,53,7,97.9,11.19,44.06,14.0
Y Venugopal Rao,2012,Delhi Capitals,7,2,132,36,18.86,0,0,1,0,129,8,5,47,21,93,18,102.33,10.08,36.43,26.4
AD Mathews,2012,Pune Warriors,8,2,127,35,15.88,0,0,1,0,110,5,4,28,0,68,59,115.45,8.18,25.45,21.17
DB Das,2012,Kolkata Knight Riders,10,9,126,35,12.6,0,0,1,0,96,9,6,28,23,20,83,131.25,15.63,29.17,126.0
MN Samuels,2012,Pune Warriors,8,2,124,46,15.5,0,0,2,0,124,7,5,45,8,91,25,100.0,9.68,36.29,20.67
M Manhas,2012,Pune Warriors,7,3,120,42,17.14,0,0,2,0,99,10,4,32,0,48,72,121.21,14.14,32.32,30.0
DJ Harris,2012,Sunrisers Hyderabad,4,1,111,47,27.75,0,0,2,0,103,11,5,48,57,54,0,107.77,15.53,46.6,37.0
Harbhajan Singh,2012,Mumbai Indians,11,2,108,33,9.82,0,0,1,3,82,14,3,30,0,29,79,131.71,20.73,36.59,12.0
JA Morkel,2012,Chennai Super Kings,12,5,107,28,8.92,0,0,0,1,71,5,6,15,0,16,91,150.7,15.49,21.13,15.29
PP Chawla,2012,Punjab Kings,12,4,106,21,8.83,0,0,0,1,88,9,4,32,0,28,78,120.45,14.77,36.36,13.25
MJ Clarke,2012,Pune Warriors,6,0,98,41,16.33,0,0,1,0,96,12,0,38,76,22,0,102.08,12.5,39.58,16.33
DA Miller,2012,Punjab Kings,6,4,98,34,16.33,0,0,1,0,76,6,4,19,0,33,65,128.95,13.16,25.0,49.0
Shakib Al Hasan,2012,Kolkata Knight Riders,7,1,91,42,13.0,0,0,1,0,77,6,3,19,0,51,40,118.18,11.69,24.68,15.17
STR Binny,2012,Rajasthan Royals,6,2,90,30,15.0,0,0,1,1,70,9,3,24,0,66,24,128.57,17.14,34.29,22.5
AP Majumdar,2012,Pune Warriors,4,0,87,31,21.75,0,0,2,0,77,7,2,25,21,64,2,112.99,11.69,32.47,21.75
Gurkeerat Singh,2012,Punjab Kings,4,1,86,29,21.5,0,0,0,0,54,12,2,13,0,23,63,159.26,25.93,24.07,28.67
RE Levi,2012,Mumbai Indians,6,0,83,50,13.83,0,1,0,2,74,10,4,36,62,21,0,112.16,18.92,48.65,13.83
HH Gibbs,2012,Mumbai Indians,3,1,81,66,27.0,0,1,0,0,91,8,2,46,39,24,18,89.01,10.99,50.55,40.5
LR Shukla,2012,Kolkata Knight Riders,7,1,75,26,10.71,0,0,0,1,57,4,5,23,0,35,40,131.58,15.79,40.35,12.5
PA Reddy,2012,Sunrisers Hyderabad,3,0,73,42,24.33,0,0,1,0,63,6,2,21,37,21,15,115.87,12.7,33.33,24.33
Bipul Sharma,2012,Punjab Kings,4,2,72,35,18.0,0,0,1,0,47,6,3,12,0,14,58,153.19,19.15,25.53,36.0
SP Goswami,2012,Rajasthan Royals,6,1,69,24,11.5,0,0,0,1,69,4,1,19,11,32,26,100.0,7.25,27.54,13.8
R Vinay Kumar,2012,Royal Challengers Bengaluru,7,2,68,25,9.71,0,0,0,0,65,3,2,19,0,9,59,104.62,7.69,29.23,13.6
SD Chitnis,2012,Punjab Kings,4,1,66,38,16.5,0,0,1,0,64,7,1,25,1,55,10,103.13,12.5,39.06,22.0
J Botha,2012,Rajasthan Royals,7,3,58,14,8.29,0,0,0,0,55,4,1,18,0,10,48,105.45,9.09,32.73,14.5
AJ Finch,2012,Delhi Capitals,2,0,55,30,27.5,0,0,1,0,52,8,0,21,47,8,0,105.77,15.38,40.38,27.5
SL Malinga,2012,Mumbai Indians,6,1,55,17,9.17,0,0,0,1,55,4,3,23,0,1,54,100.0,12.73,41.82,11.0
CJ Ferguson,2012,Pune Warriors,4,0,50,23,12.5,0,0,0,0,63,3,0,29,11,33,6,79.37,4.76,46.03,12.5
AD Russell,2012,Delhi Capitals,2,0,47,31,23.5,0,0,1,0,27,3,3,5,0,16,31,174.07,22.22,18.52,23.5
AB McDonald,2012,Royal Challengers Bengaluru,3,1,47,30,15.67,0,0,1,0,36,6,2,14,30,0,17,130.56,22.22,38.89,23.5
AM Nayar,2012,Punjab Kings,4,2,45,24,11.25,0,0,0,0,49,2,1,15,3,33,9,91.84,6.12,30.61,22.5
B Lee,2012,Kolkata Knight Riders,3,1,42,25,14.0,0,0,0,0,21,2,4,5,0,9,33,200.0,28.57,23.81,21.0
B Kumar,2012,Pune Warriors,8,5,40,11,5.0,0,0,0,0,41,4,0,15,0,2,38,97.56,9.76,36.59,13.33
KK Cooper,2012,Rajasthan Royals,4,2,38,14,9.5,0,0,0,0,20,3,3,7,0,0,38,190.0,30.0,35.0,19.0
B Chipli,2012,Sunrisers Hyderabad,4,1,37,25,9.25,0,0,0,0,35,3,2,18,1,16,20,105.71,14.29,51.43,12.33
P Negi,2012,Delhi Capitals,4,2,36,14,9.0,0,0,0,0,30,4,1,11,0,10,26,120.0,16.67,36.67,18.0
UBT Chand,2012,Delhi Capitals,2,0,36,18,18.0,0,0,0,0,35,2,3,20,33,3,0,102.86,14.29,57.14,18.0
A Ashish Reddy,2012,Sunrisers Hyderabad,5,1,35,10,7.0,0,0,0,0,30,3,1,11,0,10,25,116.67,13.33,36.67,8.75
P Kumar,2012,Punjab Kings,7,5,35,10,5.0,0,0,0,1,32,2,1,11,0,0,35,109.38,9.38,34.38,17.5
R Bhatia,2012,Kolkata Knight Riders,6,3,35,12,5.83,0,0,0,0,30,4,0,7,0,15,20,116.67,13.33,23.33,11.67
RJ Peterson,2012,Mumbai Indians,5,2,32,16,6.4,0,0,0,1,32,3,1,11,0,13,19,100.0,12.5,34.38,10.67
DL Vettori,2012,Royal Challengers Bengaluru,6,3,31,20,5.17,0,0,0,0,28,3,1,8,0,24,7,110.71,14.29,28.57,10.33
PC Valthaty,2012,Punjab Kings,6,0,30,13,5.0,0,0,0,1,52,4,0,34,30,0,0,57.69,7.69,65.38,5.0
M Kartik,2012,Pune Warriors,3,2,26,14,8.67,0,0,0,0,21,1,1,4,0,0,26,123.81,9.52,19.05,26.0
DH Yagnik,2012,Rajasthan Royals,3,2,25,10,8.33,0,0,0,0,14,5,0,4,0,0,25,178.57,35.71,28.57,25.0
AA Jhunjhunwala,2012,Sunrisers Hyderabad,3,1,24,19,8.0,0,0,0,0,27,1,1,12,0,15,9,88.89,7.41,44.44,12.0
RN ten Doeschate,2012,Kolkata Knight Riders,3,1,21,11,7.0,0,0,0,0,21,1,1,8,0,0,21,100.0,9.52,38.1,10.5
WD Parnell,2012,Pune Warriors,5,1,19,11,3.8,0,0,0,0,29,2,0,12,11,0,8,65.52,6.9,41.38,4.75
AC Thomas,2012,Pune Warriors,2,0,19,12,9.5,0,0,0,0,15,1,1,5,0,0,19,126.67,13.33,33.33,9.5
DW Steyn,2012,Sunrisers Hyderabad,5,0,19,7,3.8,0,0,0,0,21,0,1,11,0,2,17,90.48,4.76,52.38,3.8
S Anirudha,2012,Chennai Super Kings,2,2,19,18,9.5,0,0,0,0,9,1,2,0,0,0,19,211.11,33.33,0.0,
RJ Harris,2012,Punjab Kings,2,1,18,15,9.0,0,0,0,0,11,1,1,3,0,0,18,163.64,18.18,27.27,18.0
Ankit Sharma,2012,Sunrisers Hyderabad,4,1,18,15,4.5,0,0,0,0,13,0,2,5,0,0,18,138.46,15.38,38.46,6.0
R Ashwin,2012,Chennai Super Kings,5,2,18,8,3.6,0,0,0,1,15,2,0,4,0,0,18,120.0,13.33,26.67,6.0
CA Pujara,2012,Royal Challengers Bengaluru,3,0,17,11,5.67,0,0,0,1,23,1,1,15,17,0,0,73.91,8.7,65.22,5.67
A Mishra,2012,Sunrisers Hyderabad,5,2,16,8,3.2,0,0,0,1,21,1,0,8,0,0,16,76.19,4.76,38.1,5.33
TL Suman,2012,Mumbai Indians,2,0,15,10,7.5,0,0,0,0,19,1,1,11,15,0,0,78.95,10.53,57.89,7.5
IR Jaggi,2012,Sunrisers Hyderabad,3,1,15,10,5.0,0,0,0,0,22,0,0,9,1,1,13,68.18,0.0,40.91,7.5
P Dogra,2012,Punjab Kings,3,0,15,6,5.0,0,0,0,0,25,0,0,11,0,4,11,60.0,0.0,44.0,5.0
HV Patel,2012,Royal Challengers Bengaluru,3,1,15,10,5.0,0,0,0,1,17,1,0,3,0,2,13,88.24,5.88,17.65,7.5
Harmeet Singh,2012,Punjab Kings,2,1,15,14,7.5,0,0,0,0,7,3,0,2,0,0,15,214.29,42.86,28.57,15.0
GB Hogg,2012,Rajasthan Royals,2,0,15,13,7.5,0,0,0,0,16,1,0,5,0,0,15,93.75,6.25,31.25,7.5
S Aravind,2012,Royal Challengers Bengaluru,1,1,14,14,14.0,0,0,0,0,8,3,0,3,0,0,14,175.0,37.5,37.5,
M Kaif,2012,Royal Challengers Bengaluru,1,0,14,14,14.0,0,0,0,0,16,1,0,5,0,13,1,87.5,6.25,31.25,14.0
AD Mascarenhas,2012,Punjab Kings,3,0,14,9,4.67,0,0,0,1,16,1,0,7,0,1,13,87.5,6.25,43.75,4.67
JP Faulkner,2012,Punjab Kings,2,1,14,11,7.0,0,0,0,0,14,0,0,2,0,0,14,100.0,0.0,14.29,14.0
DAJ Bracewell,2012,Delhi Capitals,1,1,12,12,12.0,0,0,0,0,9,1,0,1,0,0,12,133.33,11.11,11.11,
Z Khan,2012,Royal Challengers Bengaluru,4,2,12,11,3.0,0,0,0,2,17,1,0,9,0,0,12,70.59,5.88,52.94,6.0
A Nehra,2012,Pune Warriors,2,1,11,9,5.5,0,0,0,0,13,1,0,4,0,0,11,84.62,7.69,30.77,11.0
AA Chavan,2012,Rajasthan Royals,2,1,11,7,5.5,0,0,0,0,8,2,0,3,0,0,11,137.5,25.0,37.5,11.0
K Upadhyay,2012,Pune Warriors,1,1,11,11,11.0,0,0,0,0,8,0,1,3,0,0,11,137.5,12.5,37.5,
DS Kulkarni,2012,Mumbai Indians,1,1,10,10,10.0,0,0,0,0,5,2,0,1,0,0,10,200.0,40.0,20.0,
SP Narine,2012,Kolkata Knight Riders,2,1,9,9,4.5,0,0,0,1,8,2,0,4,0,0,9,112.5,25.0,50.0,9.0
CJ McKay,2012,Mumbai Indians,1,0,8,8,8.0,0,0,0,0,15,0,0,8,0,8,0,53.33,0.0,53.33,8.0
J Theron,2012,Sunrisers Hyderabad,1,1,7,7,7.0,0,0,0,0,6,1,0,2,0,0,7,116.67,16.67,33.33,
SB Jakati,2012,Chennai Super Kings,2,2,7,6,3.5,0,0,0,0,12,0,0,5,0,0,7,58.33,0.0,41.67,
WP Saha,2012,Chennai Super Kings,1,0,6,6,6.0,0,0,0,0,14,0,0,7,0,6,0,42.86,0.0,50.0,6.0
RP Singh,2012,Mumbai Indians,5,3,6,3,1.2,0,0,0,1,12,0,0,6,0,0,6,50.0,0.0,50.0,3.0
CA Lynn,2012,Sunrisers Hyderabad,1,0,6,6,6.0,0,0,0,0,10,1,0,6,0,5,1,60.0,10.0,60.0,6.0
M Muralitharan,2012,Royal Challengers Bengaluru,2,0,6,6,3.0,0,0,0,1,9,0,0,6,0,0,6,66.67,0.0,66.67,3.0
GJ Maxwell,2012,Delhi Capitals,2,1,6,3,3.0,0,0,0,0,11,0,0,4,0,6,0,54.55,0.0,36.36,6.0
AUK Pathan,2012,Royal Challengers Bengaluru,2,1,6,4,3.0,0,0,0,0,8,0,0,3,0,4,2,75.0,0.0,37.5,6.0
BA Bhatt,2012,Punjab Kings,1,1,6,6,6.0,0,0,0,0,2,0,1,1,0,0,6,300.0,50.0,50.0,
Harpreet Singh,2012,Pune Warriors,1,0,6,6,6.0,0,0,0,0,6,0,0,1,0,0,6,100.0,0.0,16.67,6.0
KMDN Kulasekara,2012,Chennai Super Kings,1,1,5,5,5.0,0,0,0,0,3,1,0,0,0,0,5,166.67,33.33,0.0,
SK Trivedi,2012,Rajasthan Royals,1,1,5,5,5.0,0,0,0,0,6,0,0,3,0,0,5,83.33,0.0,50.0,
MD Mishra,2012,Pune Warriors,1,0,4,4,4.0,0,0,0,0,4,1,0,3,4,0,0,100.0,25.0,75.0,4.0
DB Ravi Teja,2012,Sunrisers Hyderabad,2,0,4,4,2.0,0,0,0,1,4,1,0,3,0,0,4,100.0,25.0,75.0,2.0
NLTC Perera,2012,Mumbai Indians,2,1,4,4,2.0,0,0,0,1,12,0,0,5,0,0,4,33.33,0.0,41.67,4.0
P Awana,2012,Punjab Kings,1,1,4,4,4.0,0,0,0,0,5,0,0,1,0,0,4,80.0,0.0,20.0,
PP Ojha,2012,Mumbai Indians,3,2,4,3,1.33,0,0,0,0,14,0,0,9,0,0,4,28.57,0.0,64.29,4.0
J Syed Mohammad,2012,Royal Challengers Bengaluru,1,1,4,4,4.0,0,0,0,0,1,1,0,0,0,0,4,400.0,100.0,0.0,
MS Gony,2012,Sunrisers Hyderabad,1,0,4,4,4.0,0,0,0,0,8,0,0,4,0,4,0,50.0,0.0,50.0,4.0
AG Murtaza,2012,Pune Warriors,1,1,3,3,3.0,0,0,0,0,5,0,0,2,0,0,3,60.0,0.0,40.0,
M Morkel,2012,Delhi Capitals,3,2,3,2,1.0,0,0,0,1,5,0,0,2,0,0,3,60.0,0.0,40.0,3.0
DE Bollinger,2012,Chennai Super Kings,1,0,3,3,3.0,0,0,0,0,5,0,0,2,0,0,3,60.0,0.0,40.0,3.0
UT Yadav,2012,Delhi Capitals,3,1,2,1,0.67,0,0,0,1,7,0,0,5,0,0,2,28.57,0.0,71.43,1.0
MM Patel,2012,Mumbai Indians,2,2,2,1,1.0,0,0,0,0,7,0,0,5,0,0,2,28.57,0.0,71.43,
R Sharma,2012,Pune Warriors,4,1,2,2,0.5,0,0,0,2,11,0,0,8,0,0,2,18.18,0.0,72.73,0.67
Iqbal Abdulla,2012,Kolkata Knight Riders,2,2,2,1,1.0,0,0,0,0,3,0,0,1,0,1,1,66.67,0.0,33.33,
BB Samantray,2012,Sunrisers Hyderabad,1,1,2,2,2.0,0,0,0,0,2,0,0,0,0,0,2,100.0,0.0,0.0,
AB Dinda,2012,Pune Warriors,1,1,2,2,2.0,0,0,0,0,5,0,0,2,0,0,2,40.0,0.0,40.0,
VR Aaron,2012,Delhi Capitals,2,1,1,1,0.5,0,0,0,1,3,0,0,2,0,0,1,33.33,0.0,66.67,1.0
RR Bhatkal,2012,Royal Challengers Bengaluru,1,0,0,0,0.0,0,0,0,1,2,0,0,2,0,0,0,0.0,0.0,100.0,0.0
V Pratap Singh,2012,Sunrisers Hyderabad,1,0,0,0,0.0,0,0,0,1,1,0,0,1,0,0,0,0.0,0.0,100.0,0.0
S Nadeem,2012,Delhi Capitals,1,0,0,0,0.0,0,0,0,1,2,0,0,2,0,0,0,0.0,0.0,100.0,0.0
A Singh,2012,Rajasthan Royals,1,0,0,0,0.0,0,0,0,1,3,0,0,2,0,0,0,0.0,0.0,66.67,0.0
DJ Jacobs,2012,Mumbai Indians,1,0,0,0,0.0,0,0,0,1,10,0,0,9,0,0,0,0.0,0.0,90.0,0.0
AC Blizzard,2012,Mumbai Indians,1,0,0,0,0.0,0,0,0,1,3,0,0,3,0,0,0,0.0,0.0,100.0,0.0
A Chandila,2012,Rajasthan Royals,1,0,0,0,0.0,0,0,0,1,1,0,0,1,0,0,0,0.0,0.0,100.0,0.0
Sunny Gupta,2012,Delhi Capitals,1,0,0,0,0.0,0,0,0,1,1,0,0,1,0,0,0,0.0,0.0,100.0,0.0
P Parameswaran,2012,Royal Challengers Bengaluru,1,1,0,0,0.0,0,0,0,0,2,0,0,1,0,0,0,0.0,0.0,50.0,
SA Yadav,2012,Mumbai Indians,1,0,0,0,0.0,0,0,0,1,4,0,0,4,0,0,0,0.0,0.0,100.0,0.0
MEK Hussey,2013,Chennai Super Kings,17,4,733,95,43.12,0,6,4,0,580,81,17,191,307,328,98,126.38,16.9,32.93,56.38
CH Gayle,2013,Royal Challengers Bengaluru,16,4,708,175,44.25,1,4,3,0,478,57,51,176,273,311,124,148.12,22.59,36.82,59.0
V Kohli,2013,Royal Challengers Bengaluru,16,2,634,99,39.63,0,6,3,0,469,64,22,158,153,331,150,135.18,18.34,33.69,45.29
SK Raina,2013,Chennai Super Kings,17,5,548,100,32.24,1,4,3,3,370,50,18,88,78,277,193,148.11,18.38,23.78,45.67
SR Watson,2013,Rajasthan Royals,16,2,543,101,33.94,1,2,5,0,393,59,22,134,182,275,86,138.17,20.61,34.1,38.79
RG Sharma,2013,Mumbai Indians,19,5,538,79,28.32,0,4,3,0,415,35,28,132,29,275,234,129.64,15.18,31.81,38.43
KD Karthik,2013,Mumbai Indians,19,1,510,86,26.84,0,2,6,2,422,54,14,152,149,289,72,120.85,16.11,36.02,28.33
AM Rahane,2013,Rajasthan Royals,18,3,488,68,27.11,0,4,3,0,472,42,11,176,213,208,67,103.39,11.23,37.29,32.53
R Dravid,2013,Rajasthan Royals,17,1,471,65,27.71,0,4,3,0,433,64,5,190,232,218,21,108.78,15.94,43.88,29.44
MS Dhoni,2013,Chennai Super Kings,16,5,461,67,28.81,0,4,3,0,298,32,25,76,6,169,286,154.7,19.13,25.5,41.91
AJ Finch,2013,Pune Warriors,14,0,456,67,32.57,0,4,3,1,344,54,16,137,238,214,4,132.56,20.35,39.83,32.57
RV Uthappa,2013,Pune Warriors,16,1,434,75,27.13,0,2,4,1,385,42,12,149,279,134,21,112.73,14.03,38.7,28.93
KA Pollard,2013,Mumbai Indians,18,8,420,66,23.33,0,3,2,0,290,27,29,95,0,170,250,144.83,19.31,32.76,42.0
DR Smith,2013,Mumbai Indians,13,0,418,68,32.15,0,4,3,1,351,40,19,153,194,223,1,119.09,16.81,43.59,32.15
DA Miller,2013,Punjab Kings,12,4,418,101,34.83,1,3,2,0,257,28,24,59,6,233,179,162.65,20.23,22.96,52.25
DA Warner,2013,Delhi Capitals,16,3,410,77,25.63,0,4,2,2,332,41,14,119,108,206,96,123.49,16.57,35.84,31.54
G Gambhir,2013,Kolkata Knight Riders,15,0,406,60,27.07,0,4,1,1,354,51,5,134,267,132,7,114.69,15.82,37.85,27.07
AB de Villiers,2013,Royal Challengers Bengaluru,14,4,360,64,25.71,0,2,4,0,222,34,15,55,15,159,186,162.16,22.07,24.77,36.0
YK Pathan,2013,Kolkata Knight Riders,16,5,332,72,20.75,0,1,2,2,247,30,15,85,61,176,95,134.41,18.22,34.41,30.18
DPMD Jayawardene,2013,Delhi Capitals,15,1,331,66,22.07,0,2,2,0,322,39,6,145,148,142,41,102.8,13.98,45.03,23.64
M Vijay,2013,Chennai Super Kings,15,3,312,55,20.8,0,2,2,0,293,27,8,125,223,70,19,106.48,11.95,42.66,26.0
JH Kallis,2013,Kolkata Knight Riders,15,1,311,41,20.73,0,0,5,1,327,35,3,144,122,150,39,95.11,11.62,44.04,22.21
S Dhawan,2013,Sunrisers Hyderabad,10,2,311,73,31.1,0,3,2,1,262,37,5,94,120,156,35,118.7,16.03,35.88,38.88
EJG Morgan,2013,Kolkata Knight Riders,13,3,307,51,23.62,0,1,5,0,250,28,13,90,14,174,119,122.8,16.4,36.0,30.7
SE Marsh,2013,Punjab Kings,8,0,300,77,37.5,0,3,1,0,256,39,4,90,107,140,53,117.19,16.8,35.16,37.5
V Sehwag,2013,Delhi Capitals,13,1,295,95,22.69,0,1,1,1,244,41,6,95,191,93,11,120.9,19.26,38.93,24.58
PA Patel,2013,Sunrisers Hyderabad,13,1,294,61,22.62,0,1,2,0,261,37,4,101,210,67,17,112.64,15.71,38.7,24.5
AC Gilchrist,2013,Punjab Kings,13,1,294,85,22.62,0,1,2,1,234,41,6,96,194,80,20,125.64,20.09,41.03,24.5
BJ Hodge,2013,Rajasthan Royals,14,6,293,54,20.93,0,1,3,0,224,27,9,65,0,106,187,130.8,16.07,29.02,36.63
STR Binny,2013,Rajasthan Royals,16,8,293,41,18.31,0,0,6,1,204,25,12,60,5,192,96,143.63,18.14,29.41,36.63
SR Tendulkar,2013,Mumbai Indians,14,1,287,54,20.5,0,1,3,1,243,39,5,96,179,98,10,118.11,18.11,39.51,22.08
AT Rayudu,2013,Mumbai Indians,15,3,265,37,17.67,0,0,2,0,235,22,4,67,31,103,131,112.77,11.06,28.51,22.08
Mandeep Singh,2013,Punjab Kings,14,2,260,77,18.57,0,1,2,2,228,36,0,84,177,64,19,114.04,15.79,36.84,21.67
MS Bisla,2013,Kolkata Knight Riders,14,1,255,92,18.21,0,2,0,2,248,36,6,116,153,57,45,102.82,16.94,46.77,19.62
GH Vihari,2013,Sunrisers Hyderabad,17,3,241,46,14.18,0,0,3,0,287,17,1,114,50,139,52,83.97,6.27,39.72,17.21
Yuvraj Singh,2013,Pune Warriors,13,1,238,34,18.31,0,0,4,0,193,14,15,84,28,134,76,123.32,15.03,43.52,19.83
DJ Hussey,2013,Punjab Kings,11,1,235,41,21.36,0,0,3,0,210,20,6,76,72,147,16,111.9,12.38,36.19,23.5
NLTC Perera,2013,Sunrisers Hyderabad,14,2,233,40,16.64,0,0,4,0,171,12,14,47,4,82,147,136.26,15.2,27.49,19.42
CL White,2013,Sunrisers Hyderabad,13,1,209,52,16.08,0,1,3,2,195,18,7,75,39,109,61,107.18,12.82,38.46,17.42
SV Samson,2013,Rajasthan Royals,10,2,206,63,20.6,0,1,2,2,179,19,5,65,29,114,63,115.08,13.41,36.31,25.75
RA Jadeja,2013,Chennai Super Kings,14,5,201,38,14.36,0,0,2,2,139,17,6,34,0,100,101,144.6,16.55,24.46,22.33
Azhar Mahmood,2013,Punjab Kings,10,0,196,80,19.6,0,2,0,2,158,22,5,52,15,140,41,124.05,17.09,32.91,19.6
BJ Rohrer,2013,Delhi Capitals,8,2,193,64,24.13,0,1,2,0,145,21,5,47,0,114,79,133.1,17.93,32.41,32.17
DJG Sammy,2013,Sunrisers Hyderabad,9,3,174,60,19.33,0,1,0,1,136,11,10,47,8,98,68,127.94,15.44,34.56,29.0
AD Mathews,2013,Pune Warriors,10,2,172,40,17.2,0,0,3,1,141,5,10,43,1,92,79,121.99,10.64,30.5,21.5
MC Henriques,2013,Royal Challengers Bengaluru,9,5,165,44,18.33,0,0,1,0,127,20,3,43,3,75,87,129.92,18.11,33.86,41.25
M Vohra,2013,Punjab Kings,10,3,161,43,16.1,0,0,2,1,117,22,2,43,65,76,20,137.61,20.51,36.75,23.0
SPD Smith,2013,Pune Warriors,7,3,159,41,22.71,0,0,3,0,134,15,4,47,14,85,60,118.66,14.18,35.07,39.75
UBT Chand,2013,Delhi Capitals,9,0,158,41,17.56,0,0,2,2,163,17,4,76,71,80,7,96.93,12.88,46.63,17.56
KM Jadhav,2013,Delhi Capitals,10,2,152,31,15.2,0,0,2,1,127,8,5,34,1,55,96,119.69,10.24,26.77,19.0
MK Tiwary,2013,Kolkata Knight Riders,9,1,146,33,16.22,0,0,1,1,142,12,1,51,14,79,53,102.82,9.15,35.92,18.25
IK Pathan,2013,Delhi Capitals,13,5,142,24,10.92,0,0,0,0,155,9,3,59,1,57,84,91.61,7.74,38.06,17.75
MR Marsh,2013,Pune Warriors,8,1,140,38,17.5,0,0,2,0,109,6,10,37,0,65,75,128.44,14.68,33.94,20.0
MK Pandey,2013,Pune Warriors,7,1,136,66,19.43,0,1,0,1,139,11,3,55,22,70,44,97.84,10.07,39.57,22.67
MC Juneja,2013,Delhi Capitals,7,0,125,49,17.86,0,0,1,0,134,11,1,45,20,88,17,93.28,8.96,33.58,17.86
A Ashish Reddy,2013,Sunrisers Hyderabad,10,4,125,36,12.5,0,0,1,0,90,8,5,24,5,6,114,138.89,14.44,26.67,20.83
DH Yagnik,2013,Rajasthan Royals,9,2,125,34,13.89,0,0,2,1,99,17,2,34,0,74,51,126.26,19.19,34.34,17.86
S Badrinath,2013,Chennai Super Kings,7,0,124,34,17.71,0,0,3,2,123,11,0,41,10,114,0,100.81,8.94,33.33,17.71
BB Samantray,2013,Sunrisers Hyderabad,7,2,123,55,17.57,0,1,1,1,114,13,2,42,15,68,40,107.89,13.16,36.84,24.6
AP Tare,2013,Mumbai Indians,5,0,123,59,24.6,0,1,1,1,84,14,5,34,73,50,0,146.43,22.62,40.48,24.6
DJ Bravo,2013,Chennai Super Kings,12,4,121,23,10.08,0,0,0,0,112,11,3,43,37,12,72,108.04,12.5,38.39,15.13
KC Sangakkara,2013,Sunrisers Hyderabad,9,0,120,28,13.33,0,0,0,0,137,13,0,59,59,61,0,87.59,9.49,43.07,13.33
Harbhajan Singh,2013,Mumbai Indians,13,8,116,25,8.92,0,0,0,1,82,12,5,27,0,5,111,141.46,20.73,32.93,23.2
R Sathish,2013,Punjab Kings,8,3,109,27,13.63,0,0,0,1,79,9,5,26,0,42,67,137.97,17.72,32.91,21.8
SS Tiwary,2013,Royal Challengers Bengaluru,6,2,109,52,18.17,0,1,0,0,113,4,4,39,13,72,24,96.46,7.08,34.51,27.25
Gurkeerat Singh,2013,Punjab Kings,9,1,108,31,12.0,0,0,1,3,98,10,3,35,16,50,42,110.2,13.27,35.71,13.5
LJ Wright,2013,Pune Warriors,5,1,106,44,21.2,0,0,2,0,63,16,3,19,8,14,84,168.25,30.16,30.16,26.5
R Bhatia,2013,Kolkata Knight Riders,10,4,99,26,9.9,0,0,0,0,81,8,3,32,0,28,71,122.22,13.58,39.51,16.5
CA Pujara,2013,Royal Challengers Bengaluru,4,0,92,51,23.0,0,1,0,0,100,14,0,51,63,29,0,92.0,14.0,51.0,23.0
PA Reddy,2013,Sunrisers Hyderabad,7,0,91,27,13.0,0,0,0,0,104,9,0,44,66,25,0,87.5,8.65,42.31,13.0
A Mishra,2013,Sunrisers Hyderabad,6,3,89,30,14.83,0,0,1,0,103,9,0,40,1,51,37,86.41,8.74,38.83,29.67
KV Sharma,2013,Sunrisers Hyderabad,7,2,85,39,12.14,0,0,1,0,89,6,2,37,7,46,32,95.51,8.99,41.57,17.0
RN ten Doeschate,2013,Kolkata Knight Riders,4,1,85,42,21.25,0,0,2,0,63,9,2,17,1,47,37,134.92,17.46,26.98,28.33
TM Dilshan,2013,Royal Challengers Bengaluru,5,0,76,33,15.2,0,0,1,1,97,12,0,55,53,23,0,78.35,12.37,56.7,15.2
DB Das,2013,Kolkata Knight Riders,6,1,75,23,12.5,0,0,0,0,76,5,5,37,0,60,15,98.68,13.16,48.68,15.0
WP Saha,2013,Chennai Super Kings,3,0,70,39,23.33,0,0,1,0,57,6,4,25,57,13,0,122.81,17.54,43.86,23.33
R Vinay Kumar,2013,Royal Challengers Bengaluru,5,4,70,26,14.0,0,0,0,0,44,6,3,14,0,7,63,159.09,20.45,31.82,70.0
MA Agarwal,2013,Royal Challengers Bengaluru,5,0,67,29,13.4,0,0,0,0,64,6,3,31,49,14,4,104.69,14.06,48.44,13.4
AM Nayar,2013,Pune Warriors,9,2,66,25,7.33,0,0,0,1,74,5,0,25,0,38,28,89.19,6.76,33.78,9.43
PP Chawla,2013,Punjab Kings,10,4,64,23,6.4,0,0,0,1,60,5,3,23,0,30,34,106.67,13.33,38.33,10.67
LRPL Taylor,2013,Pune Warriors,5,1,63,19,12.6,0,0,0,0,77,2,1,33,5,50,8,81.82,3.9,42.86,15.75
LA Pomersbach,2013,Punjab Kings,3,0,58,33,19.33,0,0,1,0,60,5,1,28,25,14,19,96.67,10.0,46.67,19.33
JP Faulkner,2013,Rajasthan Royals,9,4,57,19,6.33,0,0,0,0,57,5,2,28,14,0,43,100.0,12.28,49.12,11.4
M Morkel,2013,Delhi Capitals,6,1,57,23,9.5,0,0,0,2,30,6,3,7,0,2,55,190.0,30.0,23.33,11.4
DW Steyn,2013,Sunrisers Hyderabad,8,6,53,18,6.63,0,0,0,1,37,5,2,13,0,0,53,143.24,18.92,35.14,26.5
B Kumar,2013,Pune Warriors,9,2,52,24,5.78,0,0,0,1,72,3,1,39,0,1,51,72.22,5.56,54.17,7.43
TL Suman,2013,Pune Warriors,5,0,52,23,10.4,0,0,0,1,58,8,0,31,39,13,0,89.66,13.79,53.45,10.4
RT Ponting,2013,Mumbai Indians,5,0,52,28,10.4,0,0,0,1,76,3,1,39,40,12,0,68.42,5.26,51.32,10.4
P Kumar,2013,Punjab Kings,7,2,47,24,6.71,0,0,0,1,41,3,3,18,0,0,47,114.63,14.63,43.9,9.4
JA Morkel,2013,Chennai Super Kings,3,0,46,23,15.33,0,0,0,0,37,2,3,14,0,19,27,124.32,13.51,37.84,15.33
MS Gony,2013,Punjab Kings,4,1,45,42,11.25,0,0,1,1,27,4,3,10,0,0,45,166.67,25.93,37.04,15.0
CM Gautam,2013,Delhi Capitals,3,1,44,30,14.67,0,0,1,0,37,4,1,11,2,23,19,118.92,13.51,29.73,22.0
J Botha,2013,Delhi Capitals,6,0,43,23,7.17,0,0,0,0,52,5,1,33,25,15,3,82.69,11.54,63.46,7.17
KB Arun Karthik,2013,Royal Challengers Bengaluru,5,2,41,19,8.2,0,0,0,1,40,3,1,13,0,19,22,102.5,10.0,32.5,13.67
KK Cooper,2013,Rajasthan Royals,5,1,39,26,7.8,0,0,0,1,22,4,2,9,0,0,39,177.27,27.27,40.91,9.75
MG Johnson,2013,Mumbai Indians,6,2,39,11,6.5,0,0,0,0,37,2,2,15,0,5,34,105.41,10.81,40.54,9.75
UT Yadav,2013,Delhi Capitals,7,6,38,12,5.43,0,0,0,0,39,3,1,16,0,0,38,97.44,10.26,41.03,38.0
R Rampaul,2013,Royal Challengers Bengaluru,6,2,38,23,6.33,0,0,0,3,39,3,1,16,0,2,36,97.44,10.26,41.03,9.5
GJ Maxwell,2013,Mumbai Indians,3,1,36,23,12.0,0,0,0,1,27,1,4,15,23,0,13,133.33,18.52,55.56,18.0
R Ashwin,2013,Chennai Super Kings,5,1,35,11,7.0,0,0,0,0,50,4,0,26,12,5,18,70.0,8.0,52.0,8.75
KW Richardson,2013,Pune Warriors,2,0,34,26,17.0,0,0,0,0,36,2,1,16,0,19,15,94.44,8.33,44.44,17.0
OA Shah,2013,Rajasthan Royals,2,0,25,24,12.5,0,0,0,0,24,2,0,5,0,10,15,104.17,8.33,20.83,12.5
S Narwal,2013,Kolkata Knight Riders,1,0,23,23,23.0,0,0,0,0,16,4,0,5,0,0,23,143.75,25.0,31.25,23.0
BMAJ Mendis,2013,Delhi Capitals,3,0,23,12,7.67,0,0,0,1,27,0,0,8,1,22,0,85.19,0.0,29.63,7.67
RE van der Merwe,2013,Delhi Capitals,2,0,22,14,11.0,0,0,0,0,25,2,0,10,8,14,0,88.0,8.0,40.0,11.0
R Dhawan,2013,Mumbai Indians,4,1,21,14,5.25,0,0,0,1,21,3,0,9,0,11,10,100.0,14.29,42.86,7.0
B Lee,2013,Kolkata Knight Riders,2,1,21,16,10.5,0,0,0,0,12,1,2,5,0,1,20,175.0,25.0,41.67,21.0
SP Narine,2013,Kolkata Knight Riders,6,3,21,13,3.5,0,0,0,0,20,0,2,7,0,0,21,105.0,10.0,35.0,7.0
KL Rahul,2013,Royal Challengers Bengaluru,2,0,20,12,10.0,0,0,0,0,16,4,0,9,12,0,8,125.0,25.0,56.25,10.0
A Mukund,2013,Royal Challengers Bengaluru,1,0,19,19,19.0,0,0,0,0,22,1,0,7,14,5,0,86.36,4.55,31.82,19.0
B Chipli,2013,Delhi Capitals,1,0,16,16,16.0,0,0,0,0,19,1,1,8,14,2,0,84.21,10.53,42.11,16.0
DB Ravi Teja,2013,Sunrisers Hyderabad,2,1,14,10,7.0,0,0,0,0,18,0,0,3,0,10,4,77.78,0.0,16.67,14.0
MDKJ Perera,2013,Rajasthan Royals,2,0,14,14,7.0,0,0,0,1,13,3,0,7,14,0,0,107.69,23.08,53.85,7.0
S Nadeem,2013,Delhi Capitals,6,1,14,6,2.33,0,0,0,2,27,1,0,19,0,0,14,51.85,3.7,70.37,2.8
CH Morris,2013,Chennai Super Kings,6,4,14,7,2.33,0,0,0,1,17,0,0,6,0,1,13,82.35,0.0,35.29,7.0
M Manhas,2013,Pune Warriors,2,2,13,11,6.5,0,0,0,0,17,1,0,8,0,2,11,76.47,5.88,47.06,
AB Agarkar,2013,Delhi Capitals,2,1,12,9,6.0,0,0,0,0,16,0,0,5,0,3,9,75.0,0.0,31.25,12.0
AD Russell,2013,Delhi Capitals,2,0,11,7,5.5,0,0,0,0,15,0,0,6,0,0,11,73.33,0.0,40.0,5.5
R Sharma,2013,Pune Warriors,6,3,11,10,1.83,0,0,0,3,17,1,0,9,0,0,11,64.71,5.88,52.94,3.67
J Syed Mohammad,2013,Royal Challengers Bengaluru,2,0,10,9,5.0,0,0,0,0,13,1,0,7,0,9,1,76.92,7.69,53.85,5.0
X Thalaivan Sargunam,2013,Sunrisers Hyderabad,1,0,10,10,10.0,0,0,0,0,17,0,0,9,0,8,2,58.82,0.0,52.94,10.0
SMSM Senanayake,2013,Kolkata Knight Riders,4,3,10,7,2.5,0,0,0,0,17,0,0,7,0,0,10,58.82,0.0,41.18,10.0
L Balaji,2013,Kolkata Knight Riders,2,1,9,9,4.5,0,0,0,1,10,1,0,5,0,0,9,90.0,10.0,50.0,9.0
NV Ojha,2013,Delhi Capitals,2,1,9,9,4.5,0,0,0,0,10,1,0,4,0,9,0,90.0,10.0,40.0,9.0
KK Nair,2013,Royal Challengers Bengaluru,2,0,9,9,4.5,0,0,0,1,12,0,0,8,8,1,0,75.0,0.0,66.67,4.5
NM Coulter-Nile,2013,Mumbai Indians,1,0,9,9,9.0,0,0,0,0,6,0,1,2,0,0,9,150.0,16.67,33.33,9.0
AB Dinda,2013,Pune Warriors,5,3,9,6,1.8,0,0,0,2,11,1,0,5,0,0,9,81.82,9.09,45.45,4.5
SL Malinga,2013,Mumbai Indians,6,3,9,7,1.5,0,0,0,2,19,1,0,13,0,0,9,47.37,5.26,68.42,3.0
Iqbal Abdulla,2013,Kolkata Knight Riders,2,2,8,6,4.0,0,0,0,0,14,0,0,5,0,2,6,57.14,0.0,35.71,
MN Samuels,2013,Pune Warriors,2,0,8,5,4.0,0,0,0,0,18,1,0,13,1,7,0,44.44,5.56,72.22,4.0
UA Birla,2013,Pune Warriors,1,0,7,7,7.0,0,0,0,0,15,1,0,10,6,1,0,46.67,6.67,66.67,7.0
S Kaul,2013,Delhi Capitals,1,1,7,7,7.0,0,0,0,0,9,0,0,5,0,0,7,77.78,0.0,55.56,
DT Christian,2013,Royal Challengers Bengaluru,2,0,6,4,3.0,0,0,0,0,16,0,0,10,0,4,2,37.5,0.0,62.5,3.0
PC Valthaty,2013,Punjab Kings,1,0,6,6,6.0,0,0,0,0,17,0,0,11,2,4,0,35.29,0.0,64.71,6.0
Q de Kock,2013,Sunrisers Hyderabad,3,0,6,4,2.0,0,0,0,1,16,1,0,12,6,0,0,37.5,6.25,75.0,2.0
BB McCullum,2013,Kolkata Knight Riders,1,0,6,6,6.0,0,0,0,0,7,1,0,4,6,0,0,85.71,14.29,57.14,6.0
AG Murtaza,2013,Pune Warriors,1,0,5,5,5.0,0,0,0,0,4,1,0,2,0,0,5,125.0,25.0,50.0,5.0
Mohammed Shami,2013,Kolkata Knight Riders,1,0,5,5,5.0,0,0,0,0,10,0,0,6,0,0,5,50.0,0.0,60.0,5.0
WD Parnell,2013,Pune Warriors,1,0,5,5,5.0,0,0,0,0,7,0,0,2,0,0,5,71.43,0.0,28.57,5.0
AD Mascarenhas,2013,Punjab Kings,1,1,5,5,5.0,0,0,0,0,5,0,0,1,0,0,5,100.0,0.0,20.0,
Parvez Rasool,2013,Pune Warriors,2,1,5,4,2.5,0,0,0,0,9,0,0,3,0,0,5,55.56,0.0,33.33,5.0
M Rawat,2013,Pune Warriors,1,0,5,5,5.0,0,0,0,0,11,0,0,6,0,1,4,45.45,0.0,54.55,5.0
P Dogra,2013,Kolkata Knight Riders,1,0,5,5,5.0,0,0,0,0,8,0,0,3,0,0,5,62.5,0.0,37.5,5.0
PJ Sangwan,2013,Kolkata Knight Riders,1,1,4,4,4.0,0,0,0,0,2,1,0,1,0,0,4,200.0,50.0,50.0,
A Chandila,2013,Rajasthan Royals,1,1,4,4,4.0,0,0,0,0,6,0,0,2,0,0,4,66.67,0.0,33.33,
B Laughlin,2013,Chennai Super Kings,2,1,4,4,2.0,0,0,0,1,9,0,0,5,0,3,1,44.44,0.0,55.56,4.0
RV Gomez,2013,Pune Warriors,1,1,4,4,4.0,0,0,0,0,1,1,0,0,0,0,4,400.0,100.0,0.0,
Harmeet Singh,2013,Punjab Kings,1,1,3,3,3.0,0,0,0,0,4,0,0,2,0,0,3,75.0,0.0,50.0,
PV Tambe,2013,Rajasthan Royals,1,1,3,3,3.0,0,0,0,0,6,0,0,2,0,0,3,50.0,0.0,33.33,
SK Trivedi,2013,Rajasthan Royals,2,1,3,3,1.5,0,0,0,0,7,0,0,5,0,0,3,42.86,0.0,71.43,3.0
R McLaren,2013,Kolkata Knight Riders,2,0,3,2,1.5,0,0,0,0,6,0,0,4,0,1,2,50.0,0.0,66.67,1.5
LR Shukla,2013,Kolkata Knight Riders,2,0,3,2,1.5,0,0,0,0,13,0,0,9,0,2,1,23.08,0.0,69.23,1.5
Sachin Baby,2013,Rajasthan Royals,1,0,3,3,3.0,0,0,0,0,7,0,0,4,0,1,2,42.86,0.0,57.14,3.0
RJ Harris,2013,Punjab Kings,2,1,2,2,1.0,0,0,0,1,5,0,0,3,0,0,2,40.0,0.0,60.0,2.0
JD Unadkat,2013,Royal Challengers Bengaluru,2,2,2,1,1.0,0,0,0,0,2,0,0,0,0,0,2,100.0,0.0,0.0,
PP Ojha,2013,Mumbai Indians,3,2,2,1,0.67,0,0,0,1,4,0,0,2,0,0,2,50.0,0.0,50.0,2.0
M Kartik,2013,Royal Challengers Bengaluru,2,1,2,2,1.0,0,0,0,1,3,0,0,1,0,0,2,66.67,0.0,33.33,2.0
AS Rajpoot,2013,Chennai Super Kings,1,1,2,2,2.0,0,0,0,0,6,0,0,5,0,0,2,33.33,0.0,83.33,
BAW Mendis,2013,Pune Warriors,1,0,2,2,2.0,0,0,0,0,4,0,0,2,0,0,2,50.0,0.0,50.0,2.0
A Mithun,2013,Royal Challengers Bengaluru,1,0,2,2,2.0,0,0,0,0,2,0,0,1,0,0,2,100.0,0.0,50.0,2.0
SW Tait,2013,Rajasthan Royals,1,0,1,1,1.0,0,0,0,0,3,0,0,2,0,0,1,33.33,0.0,66.67,1.0
S Sreesanth,2013,Rajasthan Royals,2,1,1,1,0.5,0,0,0,1,4,0,0,2,0,0,1,25.0,0.0,50.0,1.0
A Nehra,2013,Delhi Capitals,4,0,1,1,0.25,0,0,0,3,8,0,0,7,0,0,1,12.5,0.0,87.5,0.25
P Awana,2013,Punjab Kings,4,1,1,1,0.25,0,0,0,2,9,0,0,8,0,0,1,11.11,0.0,88.89,0.33
AL Menaria,2013,Rajasthan Royals,1,0,1,1,1.0,0,0,0,0,2,0,0,1,0,0,1,50.0,0.0,50.0,1.0
R Shukla,2013,Rajasthan Royals,1,1,1,1,1.0,0,0,0,0,2,0,0,1,0,0,1,50.0,0.0,50.0,
K Upadhyay,2013,Pune Warriors,1,1,1,1,1.0,0,0,0,0,1,0,0,0,0,0,1,100.0,0.0,0.0,
MM Sharma,2013,Chennai Super Kings,2,1,0,0,0.0,0,0,0,1,5,0,0,5,0,0,0,0.0,0.0,100.0,0.0
AB McDonald,2013,Royal Challengers Bengaluru,1,0,0,0,0.0,0,0,0,1,2,0,0,2,0,0,0,0.0,0.0,100.0,0.0
IC Pandey,2013,Pune Warriors,1,0,0,0,0.0,0,0,0,1,2,0,0,2,0,0,0,0.0,0.0,100.0,0.0
S Anirudha,2013,Chennai Super Kings,1,0,0,0,0.0,0,0,0,1,2,0,0,2,0,0,0,0.0,0.0,100.0,0.0
Sandeep Sharma,2013,Punjab Kings,1,1,0,0,0.0,0,0,0,0,1,0,0,1,0,0,0,0.0,0.0,100.0,
RV Uthappa,2014,Kolkata Knight Riders,16,1,660,83,41.25,0,5,6,1,485,74,18,155,289,298,73,136.08,18.97,31.96,44.0
DR Smith,2014,Chennai Super Kings,16,0,566,79,35.38,0,5,3,0,425,50,34,170,336,197,33,133.18,19.76,40.0,35.38
GJ Maxwell,2014,Punjab Kings,16,0,552,95,34.5,0,4,2,2,312,48,36,76,69,426,57,176.92,26.92,24.36,34.5
DA Warner,2014,Sunrisers Hyderabad,14,3,528,90,37.71,0,6,3,1,386,39,24,110,122,260,146,136.79,16.32,28.5,48.0
SK Raina,2014,Chennai Super Kings,16,4,523,87,32.69,0,5,3,0,370,51,19,117,167,275,81,141.35,18.92,31.62,43.58
V Sehwag,2014,Punjab Kings,17,0,455,122,26.76,1,1,5,0,334,56,18,121,280,151,24,136.23,22.16,36.23,26.76
DA Miller,2014,Punjab Kings,16,7,446,66,27.88,0,3,3,0,307,34,21,84,13,259,174,145.28,17.92,27.36,49.56
JP Duminy,2014,Delhi Capitals,14,6,410,67,29.29,0,2,4,0,311,22,20,80,10,181,219,131.83,13.5,25.72,51.25
BB McCullum,2014,Chennai Super Kings,14,2,405,71,28.93,0,3,3,0,341,32,19,130,207,186,12,118.77,14.96,38.12,33.75
MK Pandey,2014,Kolkata Knight Riders,16,3,401,94,25.06,0,2,3,1,356,35,10,121,113,230,58,112.64,12.64,33.99,30.85
AB de Villiers,2014,Royal Challengers Bengaluru,13,2,395,89,30.38,0,3,2,1,255,26,24,70,17,190,188,154.9,19.61,27.45,35.91
LMP Simmons,2014,Mumbai Indians,8,1,394,100,49.25,1,3,2,0,299,43,14,113,188,185,21,131.77,19.06,37.79,56.29
RG Sharma,2014,Mumbai Indians,15,2,390,59,26.0,0,3,3,0,307,31,16,104,26,193,171,127.04,15.31,33.88,30.0
S Dhawan,2014,Sunrisers Hyderabad,14,2,377,64,26.93,0,2,5,0,332,49,7,131,235,119,23,113.55,16.87,39.46,31.42
Yuvraj Singh,2014,Royal Challengers Bengaluru,14,4,376,83,26.86,0,3,2,1,288,22,28,117,12,212,152,130.56,17.36,40.63,37.6
MS Dhoni,2014,Chennai Super Kings,15,10,371,57,24.73,0,1,3,0,258,22,20,62,0,70,301,143.8,16.28,24.03,74.2
WP Saha,2014,Punjab Kings,13,2,362,115,27.85,1,2,1,0,255,33,18,90,108,164,90,141.96,20.0,35.29,32.91
AT Rayudu,2014,Mumbai Indians,14,0,361,68,25.79,0,2,5,0,296,31,8,87,77,244,40,121.96,13.18,29.39,25.79
V Kohli,2014,Royal Challengers Bengaluru,14,1,359,73,25.64,0,2,4,3,301,23,16,103,45,256,58,119.27,12.96,34.22,27.62
SV Samson,2014,Rajasthan Royals,13,0,339,74,26.08,0,2,4,0,280,25,17,109,122,198,19,121.07,15.0,38.93,26.08
AM Rahane,2014,Rajasthan Royals,12,2,339,72,28.25,0,3,1,1,298,38,3,108,194,100,45,113.76,13.76,36.24,33.9
G Gambhir,2014,Kolkata Knight Riders,16,2,335,69,20.94,0,3,1,3,301,36,4,107,167,139,29,111.3,13.29,35.55,23.93
KK Nair,2014,Rajasthan Royals,11,1,330,73,30.0,0,3,2,0,237,38,9,85,136,169,25,139.24,19.83,35.86,33.0
KD Karthik,2014,Delhi Capitals,14,0,325,69,23.21,0,3,2,1,261,28,11,90,64,231,30,124.52,14.94,34.48,23.21
M Vohra,2014,Punjab Kings,8,1,324,67,40.5,0,1,5,0,244,27,16,97,210,108,6,132.79,17.62,39.75,46.29
AJ Finch,2014,Sunrisers Hyderabad,13,2,309,88,23.77,0,2,1,0,268,31,9,99,142,103,64,115.3,14.93,36.94,28.09
F du Plessis,2014,Chennai Super Kings,12,3,303,54,25.25,0,2,3,2,240,26,7,65,86,139,78,126.25,13.75,27.08,33.67
KP Pietersen,2014,Delhi Capitals,11,1,294,58,26.73,0,1,4,1,239,34,7,83,156,118,20,123.01,17.15,34.73,29.4
KA Pollard,2014,Mumbai Indians,15,6,273,78,18.2,0,1,2,1,208,15,15,66,8,92,173,131.25,14.42,31.73,30.33
YK Pathan,2014,Kolkata Knight Riders,12,3,268,72,22.33,0,1,3,2,168,15,20,52,12,183,73,159.52,20.83,30.95,29.78
CJ Anderson,2014,Mumbai Indians,11,2,265,95,24.09,0,1,2,0,186,21,15,67,38,200,27,142.47,19.35,36.02,29.44
GJ Bailey,2014,Punjab Kings,16,7,257,40,16.06,0,0,3,0,190,19,10,57,1,48,208,135.26,15.26,30.0,28.56
SR Watson,2014,Rajasthan Royals,13,1,240,51,18.46,0,2,2,1,202,19,14,97,33,160,47,118.81,16.34,48.02,20.0
NV Ojha,2014,Sunrisers Hyderabad,10,4,232,79,23.2,0,1,0,0,170,14,17,61,34,103,95,136.47,18.24,35.88,38.67
Shakib Al Hasan,2014,Kolkata Knight Riders,11,3,227,60,20.64,0,1,2,1,158,22,7,39,0,108,119,143.67,18.35,24.68,28.38
MEK Hussey,2014,Mumbai Indians,9,1,209,56,23.22,0,2,1,0,187,17,7,71,126,83,0,111.76,12.83,37.97,26.13
M Vijay,2014,Delhi Capitals,11,0,207,52,18.82,0,1,2,1,197,20,5,79,102,105,0,105.08,12.69,40.1,18.82
PA Patel,2014,Royal Challengers Bengaluru,12,3,205,57,17.08,0,1,1,0,191,30,1,83,130,56,19,107.33,16.23,43.46,22.78
CH Gayle,2014,Royal Challengers Bengaluru,9,0,196,46,21.78,0,0,2,0,188,18,12,101,150,38,8,104.26,15.96,53.72,21.78
JP Faulkner,2014,Rajasthan Royals,12,7,181,41,15.08,0,0,3,0,99,8,16,22,0,12,169,182.83,24.24,22.22,36.2
KL Rahul,2014,Sunrisers Hyderabad,8,0,166,46,20.75,0,0,1,0,166,12,3,57,49,94,23,100.0,9.04,34.34,20.75
SA Yadav,2014,Kolkata Knight Riders,10,5,164,34,16.4,0,0,2,0,122,16,5,34,0,43,121,134.43,17.21,27.87,32.8
Q de Kock,2014,Delhi Capitals,7,1,153,48,21.86,0,0,2,0,132,19,4,59,116,37,0,115.91,17.42,44.7,25.5
MK Tiwary,2014,Delhi Capitals,8,2,152,61,19.0,0,1,1,1,123,14,4,35,1,73,78,123.58,14.63,28.46,25.33
JH Kallis,2014,Kolkata Knight Riders,7,1,151,72,21.57,0,1,1,1,131,13,4,50,41,82,28,115.27,12.98,38.17,25.17
KM Jadhav,2014,Delhi Capitals,10,7,149,37,14.9,0,0,1,2,104,13,7,27,0,8,141,143.27,19.23,25.96,49.67
SPD Smith,2014,Rajasthan Royals,7,3,147,48,21.0,0,0,1,0,112,13,4,32,0,65,82,131.25,15.18,28.57,36.75
RA Jadeja,2014,Chennai Super Kings,10,5,146,36,14.6,0,0,1,0,113,9,5,25,0,63,83,129.2,12.39,22.12,29.2
AP Tare,2014,Mumbai Indians,11,3,126,24,11.45,0,0,0,1,102,16,3,40,69,17,40,123.53,18.63,39.22,15.75
CA Pujara,2014,Punjab Kings,6,2,125,40,20.83,0,0,2,0,129,17,0,52,80,32,13,96.9,13.18,40.31,31.25
STR Binny,2014,Rajasthan Royals,11,2,123,48,11.18,0,0,1,2,122,4,5,48,0,85,38,100.82,7.38,39.34,13.67
CM Gautam,2014,Mumbai Indians,9,3,121,33,13.44,0,0,2,0,116,13,5,53,62,23,36,104.31,15.52,45.69,20.17
DJ Hussey,2014,Chennai Super Kings,4,2,116,50,29.0,0,1,1,0,96,8,6,33,1,67,48,120.83,14.58,34.38,58.0
MA Agarwal,2014,Delhi Capitals,8,0,115,31,14.38,0,0,1,0,93,12,3,37,84,25,6,123.66,16.13,39.78,14.38
DJG Sammy,2014,Sunrisers Hyderabad,9,2,108,29,12.0,0,0,0,1,97,4,8,37,0,40,68,111.34,12.37,38.14,15.43
YV Takawale,2014,Royal Challengers Bengaluru,5,0,104,45,20.8,0,0,2,2,92,17,1,45,71,33,0,113.04,19.57,48.91,20.8
BJ Hodge,2014,Rajasthan Royals,4,1,101,40,25.25,0,0,2,0,74,4,6,25,0,21,80,136.49,13.51,33.78,33.67
MA Starc,2014,Royal Challengers Bengaluru,8,3,85,29,10.63,0,0,0,0,84,9,0,30,0,37,48,101.19,10.71,35.71,17.0
R Dhawan,2014,Punjab Kings,6,4,82,23,13.67,0,0,0,0,75,8,1,30,0,20,62,109.33,12.0,40.0,41.0
S Rana,2014,Royal Challengers Bengaluru,7,3,73,19,10.43,0,0,0,0,66,7,1,26,20,2,51,110.61,12.12,39.39,18.25
Y Venugopal Rao,2014,Sunrisers Hyderabad,5,2,71,27,14.2,0,0,0,0,65,8,0,18,9,42,20,109.23,12.31,27.69,23.67
SE Marsh,2014,Punjab Kings,2,0,70,40,35.0,0,0,2,0,54,7,3,22,15,55,0,129.63,18.52,40.74,35.0
R Bhatia,2014,Rajasthan Royals,7,2,67,23,9.57,0,0,0,0,55,4,3,16,0,25,42,121.82,12.73,29.09,13.4
AR Patel,2014,Punjab Kings,7,2,62,42,8.86,0,0,1,0,61,6,1,23,2,23,37,101.64,11.48,37.7,12.4
LRPL Taylor,2014,Delhi Capitals,4,1,59,43,14.75,0,0,1,0,62,6,0,21,6,31,22,95.16,9.68,33.87,19.67
CA Lynn,2014,Kolkata Knight Riders,2,0,58,45,29.0,0,0,1,0,52,5,3,21,17,41,0,111.54,15.38,40.38,29.0
MG Johnson,2014,Punjab Kings,8,5,56,16,7.0,0,0,0,1,51,4,3,23,0,0,56,109.8,13.73,45.1,18.67
IK Pathan,2014,Sunrisers Hyderabad,6,2,55,23,9.17,0,0,0,0,58,5,0,18,0,13,42,94.83,8.62,31.03,13.75
RN ten Doeschate,2014,Kolkata Knight Riders,6,2,52,25,8.67,0,0,0,2,33,3,4,10,0,0,52,157.58,21.21,30.3,13.0
JA Morkel,2014,Royal Challengers Bengaluru,5,2,45,16,9.0,0,0,0,0,41,1,3,17,4,34,7,109.76,9.76,41.46,15.0
R Ashwin,2014,Chennai Super Kings,5,3,45,14,9.0,0,0,0,0,48,4,0,13,0,22,23,93.75,8.33,27.08,22.5
AM Nayar,2014,Rajasthan Royals,4,1,43,23,10.75,0,0,0,0,50,5,1,29,32,11,0,86.0,12.0,58.0,14.33
KV Sharma,2014,Sunrisers Hyderabad,8,5,42,17,5.25,0,0,0,1,30,1,3,6,0,3,39,140.0,13.33,20.0,14.0
JDS Neesham,2014,Delhi Capitals,3,0,42,22,14.0,0,0,0,0,46,3,1,24,0,29,13,91.3,8.7,52.17,14.0
BR Dunk,2014,Mumbai Indians,3,0,40,20,13.33,0,0,0,0,36,7,0,17,40,0,0,111.11,19.44,47.22,13.33
RR Rossouw,2014,Royal Challengers Bengaluru,3,0,39,24,13.0,0,0,0,0,41,2,2,20,6,12,21,95.12,9.76,48.78,13.0
KK Cooper,2014,Rajasthan Royals,3,0,39,32,13.0,0,0,1,0,28,2,3,10,7,30,2,139.29,17.86,35.71,13.0
VR Aaron,2014,Royal Challengers Bengaluru,3,3,35,17,11.67,0,0,0,0,34,2,1,13,0,0,35,102.94,8.82,38.24,
DS Kulkarni,2014,Rajasthan Royals,2,1,35,28,17.5,0,0,0,0,27,1,2,6,0,1,34,129.63,11.11,22.22,35.0
M Manhas,2014,Chennai Super Kings,5,2,35,13,7.0,0,0,0,0,26,3,1,7,0,10,25,134.62,15.38,26.92,11.67
Ankit Sharma,2014,Rajasthan Royals,2,0,34,30,17.0,0,0,1,0,31,4,1,16,27,7,0,109.68,16.13,51.61,17.0
LR Shukla,2014,Delhi Capitals,3,0,31,21,10.33,0,0,0,1,38,2,1,15,0,25,6,81.58,7.89,39.47,10.33
PP Chawla,2014,Kolkata Knight Riders,5,2,31,17,6.2,0,0,0,1,20,4,1,5,0,0,31,155.0,25.0,25.0,10.33
VH Zol,2014,Royal Challengers Bengaluru,2,0,29,16,14.5,0,0,0,0,26,3,1,13,22,7,0,111.54,15.38,50.0,14.5
Harbhajan Singh,2014,Mumbai Indians,7,1,28,10,4.0,0,0,0,2,26,2,2,13,0,0,28,107.69,15.38,50.0,4.67
Mandeep Singh,2014,Punjab Kings,3,0,24,21,8.0,0,0,0,1,28,2,0,12,24,0,0,85.71,7.14,42.86,8.0
DW Steyn,2014,Sunrisers Hyderabad,3,1,22,12,7.33,0,0,0,0,26,1,0,10,0,2,20,84.62,3.85,38.46,11.0
R Shukla,2014,Delhi Capitals,3,1,18,14,6.0,0,0,0,0,21,2,0,9,0,1,17,85.71,9.52,42.86,9.0
JO Holder,2014,Sunrisers Hyderabad,1,0,16,16,16.0,0,0,0,0,12,2,1,7,0,0,16,133.33,25.0,58.33,16.0
R Tewatia,2014,Rajasthan Royals,1,0,16,16,16.0,0,0,0,0,13,0,1,2,0,9,7,123.08,7.69,15.38,16.0
NJ Maddinson,2014,Royal Challengers Bengaluru,2,0,16,12,8.0,0,0,0,0,14,3,0,9,16,0,0,114.29,21.43,64.29,8.0
R Rampaul,2014,Royal Challengers Bengaluru,1,0,13,13,13.0,0,0,0,0,13,0,1,6,0,13,0,100.0,7.69,46.15,13.0
HV Patel,2014,Royal Challengers Bengaluru,3,1,13,6,4.33,0,0,0,0,7,1,1,3,0,0,13,185.71,28.57,42.86,6.5
S Gopal,2014,Mumbai Indians,1,0,11,11,11.0,0,0,0,0,10,1,0,2,0,0,11,110.0,10.0,20.0,11.0
SP Narine,2014,Kolkata Knight Riders,4,3,10,6,2.5,0,0,0,0,15,0,0,4,0,3,7,66.67,0.0,26.67,10.0
MC Henriques,2014,Sunrisers Hyderabad,2,0,9,9,4.5,0,0,0,1,14,1,0,6,0,9,0,64.29,7.14,42.86,4.5
BCJ Cutting,2014,Rajasthan Royals,1,1,8,8,8.0,0,0,0,0,6,0,1,2,0,0,8,133.33,16.67,33.33,
Imran Tahir,2014,Delhi Capitals,2,0,8,4,4.0,0,0,0,0,10,2,0,8,0,4,4,80.0,20.0,80.0,4.0
Z Khan,2014,Mumbai Indians,3,2,8,7,2.67,0,0,0,1,7,0,1,2,0,0,8,114.29,14.29,28.57,8.0
DJ Bravo,2014,Chennai Super Kings,1,1,8,8,8.0,0,0,0,0,3,0,1,0,0,0,8,266.67,33.33,0.0,
S Nadeem,2014,Delhi Capitals,3,1,7,3,2.33,0,0,0,0,20,0,0,12,0,3,4,35.0,0.0,60.0,3.5
PV Tambe,2014,Rajasthan Royals,2,1,5,3,2.5,0,0,0,0,9,0,0,4,0,0,5,55.56,0.0,44.44,5.0
Shivam Sharma,2014,Punjab Kings,2,1,5,4,2.5,0,0,0,0,3,1,0,1,0,0,5,166.67,33.33,33.33,5.0
A Mishra,2014,Sunrisers Hyderabad,2,1,4,4,2.0,0,0,0,1,7,0,0,2,0,0,4,57.14,0.0,28.57,4.0
AB Dinda,2014,Royal Challengers Bengaluru,3,2,4,2,1.33,0,0,0,1,13,0,0,8,0,0,4,30.77,0.0,61.54,4.0
DH Yagnik,2014,Rajasthan Royals,1,1,4,4,4.0,0,0,0,0,6,0,0,1,0,0,4,66.67,0.0,16.67,
AN Ahmed,2014,Royal Challengers Bengaluru,1,1,4,4,4.0,0,0,0,0,1,1,0,0,0,0,4,400.0,100.0,0.0,
R Vinay Kumar,2014,Kolkata Knight Riders,2,0,4,4,2.0,0,0,0,1,7,0,0,2,0,0,4,57.14,0.0,28.57,2.0
TG Southee,2014,Rajasthan Royals,1,0,4,4,4.0,0,0,0,0,4,1,0,3,0,4,0,100.0,25.0,75.0,4.0
M Morkel,2014,Kolkata Knight Riders,1,1,4,4,4.0,0,0,0,0,4,0,0,0,0,0,4,100.0,0.0,0.0,
PP Ojha,2014,Mumbai Indians,3,2,4,2,1.33,0,0,0,0,8,0,0,2,0,0,4,50.0,0.0,25.0,4.0
MS Bisla,2014,Kolkata Knight Riders,1,0,3,3,3.0,0,0,0,0,9,0,0,6,3,0,0,33.33,0.0,66.67,3.0
Mohammed Shami,2014,Delhi Capitals,4,2,3,1,0.75,0,0,0,1,8,0,0,4,0,1,2,37.5,0.0,50.0,1.5
S Anirudha,2014,Sunrisers Hyderabad,1,0,3,3,3.0,0,0,0,0,5,0,0,2,0,0,3,60.0,0.0,40.0,3.0
UT Yadav,2014,Kolkata Knight Riders,1,0,2,2,2.0,0,0,0,0,4,0,0,2,0,0,2,50.0,0.0,50.0,2.0
UBT Chand,2014,Rajasthan Royals,1,0,2,2,2.0,0,0,0,0,10,0,0,7,2,0,0,20.0,0.0,70.0,2.0
S Kaul,2014,Delhi Capitals,1,1,2,2,2.0,0,0,0,0,2,0,0,0,0,0,2,100.0,0.0,0.0,
SL Malinga,2014,Mumbai Indians,1,1,2,2,2.0,0,0,0,0,4,0,0,2,0,0,2,50.0,0.0,50.0,
Sandeep Sharma,2014,Punjab Kings,1,1,2,2,2.0,0,0,0,0,5,0,0,2,0,0,2,40.0,0.0,40.0,
AD Russell,2014,Kolkata Knight Riders,2,0,2,1,1.0,0,0,0,0,8,0,0,6,0,2,0,25.0,0.0,75.0,1.0
WD Parnell,2014,Delhi Capitals,1,0,2,2,2.0,0,0,0,0,2,0,0,1,0,0,2,100.0,0.0,50.0,2.0
JJ Bumrah,2014,Mumbai Indians,2,1,1,1,0.5,0,0,0,1,4,0,0,2,0,0,1,25.0,0.0,50.0,1.0
B Kumar,2014,Sunrisers Hyderabad,2,1,1,1,0.5,0,0,0,0,4,0,0,2,0,0,1,25.0,0.0,50.0,1.0
P Kumar,2014,Mumbai Indians,1,0,1,1,1.0,0,0,0,0,2,0,0,1,0,0,1,50.0,0.0,50.0,1.0
Karanveer Singh,2014,Punjab Kings,1,1,1,1,1.0,0,0,0,0,1,0,0,0,0,0,1,100.0,0.0,0.0,
YS Chahal,2014,Royal Challengers Bengaluru,1,1,1,1,1.0,0,0,0,0,2,0,0,0,0,0,1,50.0,0.0,0.0,
MM Sharma,2014,Chennai Super Kings,1,1,1,1,1.0,0,0,0,0,3,0,0,2,0,0,1,33.33,0.0,66.67,
L Balaji,2014,Punjab Kings,2,1,1,1,0.5,0,0,0,1,3,0,0,2,0,0,1,33.33,0.0,66.67,1.0
M de Lange,2014,Mumbai Indians,1,0,1,1,1.0,0,0,0,0,2,0,0,1,0,0,1,50.0,0.0,50.0,1.0
VS Malik,2014,Rajasthan Royals,1,1,1,1,1.0,0,0,0,0,2,0,0,1,0,0,1,50.0,0.0,50.0,
JD Unadkat,2014,Delhi Capitals,2,1,1,1,0.5,0,0,0,1,6,0,0,5,0,0,1,16.67,0.0,83.33,1.0
KW Richardson,2014,Rajasthan Royals,1,0,1,1,1.0,0,0,0,0,2,0,0,1,0,0,1,50.0,0.0,50.0,1.0
BE Hendricks,2014,Punjab Kings,1,0,0,0,0.0,0,0,0,1,1,0,0,1,0,0,0,0.0,0.0,100.0,0.0
DA Warner,2015,Sunrisers Hyderabad,14,2,562,91,40.14,0,7,0,0,368,65,21,123,361,187,14,152.72,23.37,33.42,46.83
AM Rahane,2015,Rajasthan Royals,13,2,540,91,41.54,0,4,4,1,423,53,13,132,255,213,72,127.66,15.6,31.21,49.09
LMP Simmons,2015,Mumbai Indians,13,0,540,71,41.54,0,6,3,1,455,56,21,193,259,246,35,118.68,16.92,42.42,41.54
AB de Villiers,2015,Royal Challengers Bengaluru,14,6,513,133,36.64,1,2,4,1,302,60,22,83,84,297,132,169.87,27.15,27.48,64.13
V Kohli,2015,Royal Challengers Bengaluru,16,4,505,82,31.56,0,3,6,0,395,35,23,139,204,253,48,127.85,14.68,35.19,42.08
CH Gayle,2015,Royal Challengers Bengaluru,14,2,491,117,35.07,1,2,2,0,359,39,38,146,300,135,56,136.77,21.45,40.67,40.92
RG Sharma,2015,Mumbai Indians,16,2,482,98,30.13,0,3,4,2,339,41,21,100,89,298,95,142.18,18.29,29.5,34.43
SS Iyer,2015,Delhi Capitals,14,1,439,83,31.36,0,4,3,2,360,41,21,146,197,219,23,121.94,17.22,40.56,33.77
BB McCullum,2015,Chennai Super Kings,14,0,436,100,31.14,1,2,2,0,293,51,23,119,248,155,33,148.81,25.26,40.61,31.14
KA Pollard,2015,Mumbai Indians,14,4,419,70,29.93,0,2,5,0,270,28,28,78,0,190,229,155.19,20.74,28.89,41.9
JP Duminy,2015,Delhi Capitals,13,3,414,78,31.85,0,4,1,0,327,27,20,98,113,203,98,126.61,14.37,29.97,41.4
DR Smith,2015,Chennai Super Kings,16,2,399,62,24.94,0,2,3,3,341,52,16,171,262,137,0,117.01,19.94,50.15,28.5
F du Plessis,2015,Chennai Super Kings,15,4,380,55,25.33,0,1,4,0,317,37,5,89,96,236,48,119.87,13.25,28.08,34.55
SK Raina,2015,Chennai Super Kings,17,3,374,62,22.0,0,2,2,1,319,31,16,118,112,248,14,117.24,14.73,36.99,26.71
MS Dhoni,2015,Chennai Super Kings,17,3,372,53,21.88,0,1,4,1,309,27,17,116,0,136,236,120.39,14.24,37.54,26.57
RV Uthappa,2015,Kolkata Knight Riders,13,1,364,80,28.0,0,1,5,0,287,42,7,97,278,67,19,126.83,17.07,33.8,30.33
DA Miller,2015,Punjab Kings,13,2,357,89,27.46,0,2,2,0,273,21,21,88,26,199,132,130.77,15.38,32.23,32.45
S Dhawan,2015,Sunrisers Hyderabad,14,1,353,54,25.21,0,3,2,0,293,45,6,109,220,107,26,120.48,17.41,37.2,27.15
SR Watson,2015,Rajasthan Royals,9,1,347,104,38.56,1,1,1,0,269,37,14,104,173,136,38,129.0,18.96,38.66,43.38
PA Patel,2015,Mumbai Indians,14,2,339,59,24.21,0,2,2,2,255,47,5,92,231,108,0,132.94,20.39,36.08,28.25
G Gambhir,2015,Kolkata Knight Riders,13,0,327,60,25.15,0,3,2,1,288,41,4,105,184,138,5,113.54,15.63,36.46,25.15
AD Russell,2015,Kolkata Knight Riders,11,4,326,66,29.64,0,3,3,0,175,35,19,48,23,184,119,186.29,30.86,27.43,46.57
YK Pathan,2015,Kolkata Knight Riders,12,5,312,52,26.0,0,1,4,0,243,29,12,76,14,173,125,128.4,16.87,31.28,44.57
SPD Smith,2015,Rajasthan Royals,12,1,293,79,24.42,0,2,2,1,226,33,3,62,51,185,57,129.65,15.93,27.43,26.64
MC Henriques,2015,Sunrisers Hyderabad,9,2,287,74,31.89,0,2,2,0,216,19,13,64,53,167,67,132.87,14.81,29.63,41.0
AT Rayudu,2015,Mumbai Indians,14,5,281,53,20.07,0,1,4,2,195,18,16,56,3,90,188,144.1,17.44,28.72,31.22
GJ Bailey,2015,Punjab Kings,12,2,259,61,21.58,0,2,0,0,196,22,7,50,56,84,119,132.14,14.8,25.51,25.9
M Vijay,2015,Punjab Kings,11,2,251,39,22.82,0,0,4,1,233,27,8,112,203,48,0,107.73,15.02,48.07,27.89
WP Saha,2015,Punjab Kings,13,0,249,42,19.15,0,0,4,0,205,16,10,66,93,91,65,121.46,12.68,32.2,19.15
Yuvraj Singh,2015,Delhi Capitals,13,0,248,57,19.08,0,2,1,1,215,23,10,89,20,150,78,115.35,15.35,41.4,19.08
MK Pandey,2015,Kolkata Knight Riders,12,2,225,40,18.75,0,0,3,1,187,22,7,68,91,131,3,120.32,15.51,36.36,22.5
MA Agarwal,2015,Delhi Capitals,10,1,213,68,21.3,0,2,1,1,187,23,7,70,118,81,14,113.9,16.04,37.43,23.67
AR Patel,2015,Punjab Kings,12,3,206,40,17.17,0,0,2,1,181,13,8,53,1,131,74,113.81,11.6,29.28,22.89
SV Samson,2015,Rajasthan Royals,11,1,204,76,18.55,0,1,0,0,166,16,8,62,56,80,68,122.89,14.46,37.35,20.4
DJ Bravo,2015,Chennai Super Kings,13,5,195,62,15.0,0,1,1,1,151,22,5,49,1,92,102,129.14,17.88,32.45,24.38
KM Jadhav,2015,Delhi Capitals,12,4,189,63,15.75,0,1,1,1,143,16,7,42,0,112,77,132.17,16.08,29.37,23.63
EJG Morgan,2015,Sunrisers Hyderabad,9,1,187,63,20.78,0,1,1,0,154,11,11,62,18,103,66,121.43,14.29,40.26,23.38
KK Nair,2015,Rajasthan Royals,12,2,181,61,15.08,0,1,0,0,147,18,5,53,9,103,69,123.13,15.65,36.05,18.1
Mandeep Singh,2015,Royal Challengers Bengaluru,8,1,157,54,19.63,0,1,1,1,102,17,6,29,32,100,25,153.92,22.55,28.43,22.43
SA Yadav,2015,Kolkata Knight Riders,13,4,157,46,12.08,0,0,1,1,115,12,8,38,21,79,57,136.52,17.39,33.04,17.44
DJ Hooda,2015,Rajasthan Royals,9,0,151,54,16.78,0,1,1,0,99,6,11,30,0,115,36,152.53,17.17,30.3,16.78
GJ Maxwell,2015,Punjab Kings,11,0,145,43,13.18,0,0,2,0,114,13,8,50,47,76,22,127.19,18.42,43.86,13.18
RS Bopara,2015,Sunrisers Hyderabad,8,3,145,41,18.13,0,0,1,1,121,6,6,37,0,58,87,119.83,9.92,30.58,29.0
JP Faulkner,2015,Rajasthan Royals,11,3,144,46,13.09,0,0,2,0,115,12,5,33,0,46,98,125.22,14.78,28.7,18.0
AD Mathews,2015,Delhi Capitals,10,4,144,28,14.4,0,0,0,1,109,12,6,32,0,27,117,132.11,16.51,29.36,24.0
KL Rahul,2015,Sunrisers Hyderabad,8,2,142,44,17.75,0,0,1,0,133,8,5,45,8,99,35,106.77,9.77,33.83,23.67
KD Karthik,2015,Royal Challengers Bengaluru,11,1,141,28,12.82,0,0,0,0,120,15,4,45,13,102,26,117.5,15.83,37.5,14.1
NV Ojha,2015,Sunrisers Hyderabad,11,2,137,28,12.45,0,0,0,2,126,12,4,49,0,87,50,108.73,12.7,38.89,15.22
RA Jadeja,2015,Chennai Super Kings,11,4,132,24,12.0,0,0,0,1,128,7,3,40,0,61,71,103.13,7.81,31.25,18.86
D Wiese,2015,Royal Challengers Bengaluru,7,2,122,47,17.43,0,0,1,0,90,12,4,24,0,23,99,135.56,17.78,26.67,24.4
Q de Kock,2015,Delhi Capitals,3,0,122,69,40.67,0,2,0,0,78,18,4,29,78,44,0,156.41,28.21,37.18,40.67
Harbhajan Singh,2015,Mumbai Indians,9,2,117,64,13.0,0,1,0,2,81,9,9,32,11,32,74,144.44,22.22,39.51,16.71
P Negi,2015,Chennai Super Kings,9,3,116,36,12.89,0,0,1,0,77,10,5,20,0,12,104,150.65,19.48,25.97,19.33
CJ Anderson,2015,Mumbai Indians,4,1,114,55,28.5,0,2,0,0,98,11,6,49,4,52,58,116.33,17.35,50.0,38.0
HH Pandya,2015,Mumbai Indians,8,3,112,61,14.0,0,1,0,2,68,9,8,17,5,12,95,164.71,25.0,25.0,22.4
SN Khan,2015,Royal Challengers Bengaluru,7,2,111,45,15.86,0,0,2,0,72,12,2,15,0,22,89,154.17,19.44,20.83,22.2
SS Tiwary,2015,Delhi Capitals,6,6,109,28,18.17,0,0,0,0,83,9,5,22,0,19,90,131.33,16.87,26.51,
KV Sharma,2015,Sunrisers Hyderabad,9,3,104,32,11.56,0,0,1,0,87,3,6,23,0,33,71,119.54,10.34,26.44,17.33
UBT Chand,2015,Mumbai Indians,5,0,102,58,20.4,0,1,0,0,89,13,2,32,14,65,23,114.61,16.85,35.96,20.4
V Sehwag,2015,Punjab Kings,8,1,99,47,12.38,0,0,2,1,89,12,3,35,63,36,0,111.24,16.85,39.33,14.14
JA Morkel,2015,Delhi Capitals,3,2,86,73,28.67,0,1,0,0,70,9,2,21,13,31,42,122.86,15.71,30.0,86.0
M Vohra,2015,Punjab Kings,7,0,82,39,11.71,0,0,1,0,83,4,5,41,60,22,0,98.8,10.84,49.4,11.71
SE Marsh,2015,Punjab Kings,4,0,81,65,20.25,0,1,0,0,60,7,3,20,33,48,0,135.0,16.67,33.33,20.25
MEK Hussey,2015,Chennai Super Kings,4,0,77,56,19.25,0,1,0,0,73,5,3,26,32,30,15,105.48,10.96,35.62,19.25
CH Morris,2015,Rajasthan Royals,7,5,76,34,10.86,0,0,1,1,47,3,5,8,0,0,76,161.7,17.02,17.02,38.0
STR Binny,2015,Rajasthan Royals,8,3,74,20,9.25,0,0,0,1,69,7,1,18,0,22,52,107.25,11.59,26.09,14.8
A Ashish Reddy,2015,Sunrisers Hyderabad,5,2,73,22,14.6,0,0,0,0,46,3,5,12,0,14,59,158.7,17.39,26.09,24.33
RN ten Doeschate,2015,Kolkata Knight Riders,5,1,61,38,12.2,0,0,1,1,45,4,3,14,0,24,37,135.56,15.56,31.11,15.25
MK Tiwary,2015,Delhi Capitals,2,0,57,32,28.5,0,0,1,0,58,8,1,26,21,36,0,98.28,15.52,44.83,28.5
PP Chawla,2015,Kolkata Knight Riders,7,3,54,22,7.71,0,0,0,2,49,5,2,17,0,22,32,110.2,14.29,34.69,13.5
R Ashwin,2015,Chennai Super Kings,6,3,52,23,8.67,0,0,0,0,34,6,1,7,0,0,52,152.94,20.59,20.59,17.33
J Suchith,2015,Mumbai Indians,5,4,48,34,9.6,0,0,1,0,33,4,2,10,0,6,42,145.45,18.18,30.3,48.0
GH Vihari,2015,Sunrisers Hyderabad,4,0,39,16,9.75,0,0,0,0,36,6,0,15,9,6,24,108.33,16.67,41.67,9.75
MS Bisla,2015,Royal Challengers Bengaluru,2,0,37,20,18.5,0,0,0,0,30,6,1,18,37,0,0,123.33,23.33,60.0,18.5
R Dhawan,2015,Punjab Kings,4,2,36,25,9.0,0,0,0,0,33,2,2,14,0,2,34,109.09,12.12,42.42,18.0
Shakib Al Hasan,2015,Kolkata Knight Riders,3,0,36,23,12.0,0,0,0,1,32,5,0,9,0,32,4,112.5,15.63,28.13,12.0
Gurkeerat Singh,2015,Punjab Kings,5,0,35,15,7.0,0,0,0,0,41,3,1,18,5,17,13,85.37,9.76,43.9,7.0
KS Williamson,2015,Sunrisers Hyderabad,2,1,31,26,15.5,0,0,0,0,29,1,1,4,0,6,25,106.9,6.9,13.79,31.0
MG Johnson,2015,Punjab Kings,8,3,31,13,3.88,0,0,0,1,38,1,1,14,0,2,29,81.58,5.26,36.84,6.2
J Botha,2015,Kolkata Knight Riders,3,0,31,17,10.33,0,0,0,0,15,5,1,3,0,0,31,206.67,40.0,20.0,10.33
UT Yadav,2015,Kolkata Knight Riders,3,2,29,24,9.67,0,0,0,1,16,5,1,5,0,0,29,181.25,37.5,31.25,29.0
MM Sharma,2015,Chennai Super Kings,5,3,28,21,5.6,0,0,0,1,18,1,2,6,0,0,28,155.56,16.67,33.33,14.0
AJ Finch,2015,Mumbai Indians,3,0,23,10,7.67,0,0,0,0,33,4,0,21,23,0,0,69.7,12.12,63.64,7.67
Iqbal Abdulla,2015,Royal Challengers Bengaluru,2,1,20,20,10.0,0,0,0,1,20,4,0,8,0,4,16,100.0,20.0,40.0,20.0
DW Steyn,2015,Sunrisers Hyderabad,3,1,20,19,6.67,0,0,0,1,13,3,0,3,0,0,20,153.85,23.08,23.08,10.0
NM Coulter-Nile,2015,Delhi Capitals,5,2,20,6,4.0,0,0,0,0,20,2,1,10,0,4,16,100.0,15.0,50.0,6.67
HV Patel,2015,Royal Challengers Bengaluru,6,2,19,9,3.17,0,0,0,2,14,0,2,4,0,0,19,135.71,14.29,28.57,4.75
Anureet Singh,2015,Punjab Kings,6,3,18,10,3.0,0,0,0,2,31,0,1,15,0,4,14,58.06,3.23,48.39,6.0
P Kumar,2015,Sunrisers Hyderabad,4,2,17,12,4.25,0,0,0,1,25,1,0,11,0,5,12,68.0,4.0,44.0,8.5
B Kumar,2015,Sunrisers Hyderabad,3,2,17,11,5.67,0,0,0,1,10,2,1,5,0,0,17,170.0,30.0,50.0,17.0
SA Abbott,2015,Royal Challengers Bengaluru,2,1,15,14,7.5,0,0,0,0,13,1,1,6,0,0,15,115.38,15.38,46.15,15.0
RR Rossouw,2015,Royal Challengers Bengaluru,2,0,14,14,7.0,0,0,0,1,10,1,1,4,14,0,0,140.0,20.0,40.0,7.0
AP Tare,2015,Mumbai Indians,2,0,14,7,7.0,0,0,0,0,18,1,0,7,14,0,0,77.78,5.56,38.89,7.0
MJ McClenaghan,2015,Mumbai Indians,3,2,13,12,4.33,0,0,0,1,6,0,2,3,0,0,13,216.67,33.33,50.0,13.0
TG Southee,2015,Rajasthan Royals,2,2,13,7,6.5,0,0,0,0,9,1,0,1,0,0,13,144.44,11.11,11.11,
DJG Sammy,2015,Royal Challengers Bengaluru,2,0,13,7,6.5,0,0,0,0,18,0,0,5,0,13,0,72.22,0.0,27.78,6.5
NLTC Perera,2015,Punjab Kings,2,0,12,9,6.0,0,0,0,0,15,0,1,7,0,12,0,80.0,6.67,46.67,6.0
Karanveer Singh,2015,Punjab Kings,3,2,11,5,3.67,0,0,0,0,16,1,0,9,0,4,7,68.75,6.25,56.25,11.0
MA Starc,2015,Royal Challengers Bengaluru,3,2,11,9,3.67,0,0,0,0,14,1,0,6,0,0,11,78.57,7.14,42.86,11.0
AN Ahmed,2015,Royal Challengers Bengaluru,3,2,10,5,3.33,0,0,0,0,5,2,0,1,0,0,10,200.0,40.0,20.0,10.0
Sandeep Sharma,2015,Punjab Kings,3,2,9,7,3.0,0,0,0,0,14,1,0,8,0,7,2,64.29,7.14,57.14,9.0
A Mishra,2015,Delhi Capitals,4,2,8,4,2.0,0,0,0,0,13,0,0,5,0,2,6,61.54,0.0,38.46,4.0
GB Hogg,2015,Kolkata Knight Riders,2,2,7,5,3.5,0,0,0,0,6,0,0,0,0,0,7,116.67,0.0,0.0,
SN Thakur,2015,Punjab Kings,1,1,7,7,7.0,0,0,0,0,6,1,0,2,0,0,7,116.67,16.67,33.33,
Ankit Sharma,2015,Rajasthan Royals,2,1,7,7,3.5,0,0,0,1,6,1,0,2,0,0,7,116.67,16.67,33.33,7.0
VR Aaron,2015,Royal Challengers Bengaluru,1,0,6,6,6.0,0,0,0,0,3,0,1,2,0,0,6,200.0,33.33,66.67,6.0
Azhar Mahmood,2015,Kolkata Knight Riders,1,0,6,6,6.0,0,0,0,0,8,1,0,5,0,0,6,75.0,12.5,62.5,6.0
SL Malinga,2015,Mumbai Indians,1,1,6,6,6.0,0,0,0,0,11,1,0,6,0,0,6,54.55,9.09,54.55,
Imran Tahir,2015,Delhi Capitals,2,1,5,3,2.5,0,0,0,0,6,0,0,2,0,0,5,83.33,0.0,33.33,5.0
CM Gautam,2015,Delhi Capitals,1,0,4,4,4.0,0,0,0,0,5,0,0,2,4,0,0,80.0,0.0,40.0,4.0
DS Kulkarni,2015,Rajasthan Royals,2,0,4,3,2.0,0,0,0,0,12,0,0,7,0,0,4,33.33,0.0,58.33,2.0
NJ Maddinson,2015,Royal Challengers Bengaluru,1,0,4,4,4.0,0,0,0,0,7,1,0,6,4,0,0,57.14,14.29,85.71,4.0
M Morkel,2015,Kolkata Knight Riders,1,1,4,4,4.0,0,0,0,0,3,0,0,0,0,0,4,133.33,0.0,0.0,
PV Tambe,2015,Rajasthan Royals,2,2,3,2,1.5,0,0,0,0,5,0,0,2,0,0,3,60.0,0.0,40.0,
S Nadeem,2015,Delhi Capitals,1,0,2,2,2.0,0,0,0,0,7,0,0,5,0,0,2,28.57,0.0,71.43,2.0
Parvez Rasool,2015,Sunrisers Hyderabad,1,1,2,2,2.0,0,0,0,0,2,0,0,0,0,0,2,100.0,0.0,0.0,
RG More,2015,Chennai Super Kings,1,1,2,2,2.0,0,0,0,0,2,0,0,0,0,0,2,100.0,0.0,0.0,
S Gopal,2015,Mumbai Indians,1,1,1,1,1.0,0,0,0,0,1,0,0,0,0,0,1,100.0,0.0,0.0,
Bipul Sharma,2015,Sunrisers Hyderabad,1,0,1,1,1.0,0,0,0,0,2,0,0,1,0,1,0,50.0,0.0,50.0,1.0
BE Hendricks,2015,Punjab Kings,1,1,1,1,1.0,0,0,0,0,2,0,0,1,0,0,1,50.0,0.0,50.0,
J Theron,2015,Rajasthan Royals,1,1,1,1,1.0,0,0,0,0,1,0,0,0,0,0,1,100.0,0.0,0.0,
YS Chahal,2015,Royal Challengers Bengaluru,1,1,1,1,1.0,0,0,0,0,1,0,0,0,0,0,1,100.0,0.0,0.0,
A Nehra,2015,Chennai Super Kings,4,2,1,1,0.25,0,0,0,2,7,0,0,3,0,0,1,14.29,0.0,42.86,0.5
DJ Muthuswami,2015,Delhi Capitals,1,0,1,1,1.0,0,0,0,0,3,0,0,2,0,0,1,33.33,0.0,66.67,1.0
R Vinay Kumar,2015,Mumbai Indians,2,1,0,0,0.0,0,0,0,1,2,0,0,1,0,0,0,0.0,0.0,50.0,0.0
PJ Cummins,2015,Kolkata Knight Riders,1,0,0,0,0.0,0,0,0,1,2,0,0,1,0,0,0,0.0,0.0,50.0,0.0
SP Narine,2015,Kolkata Knight Riders,1,1,0,0,0.0,0,0,0,0,1,0,0,0,0,0,0,0.0,0.0,0.0,
S Aravind,2015,Royal Challengers Bengaluru,1,1,0,0,0.0,0,0,0,0,1,0,0,1,0,0,0,0.0,0.0,100.0,
R Bhatia,2015,Rajasthan Royals,1,0,0,0,0.0,0,0,0,1,1,0,0,1,0,0,0,0.0,0.0,100.0,0.0
V Kohli,2016,Royal Challengers Bengaluru,16,4,973,113,60.81,4,7,1,1,655,84,38,165,278,462,233,148.55,18.63,25.19,81.08
DA Warner,2016,Sunrisers Hyderabad,17,3,848,93,49.88,0,9,2,1,579,88,31,177,467,332,49,146.46,20.55,30.57,60.57
AB de Villiers,2016,Royal Challengers Bengaluru,16,3,687,129,42.94,1,6,1,1,415,57,37,97,143,391,153,165.54,22.65,23.37,52.85
G Gambhir,2016,Kolkata Knight Riders,15,4,501,90,33.4,0,5,3,1,424,54,6,131,223,241,37,118.16,14.15,30.9,45.55
S Dhawan,2016,Sunrisers Hyderabad,17,4,501,82,29.47,0,4,4,1,438,51,8,158,208,223,70,114.38,13.47,36.07,38.54
RG Sharma,2016,Mumbai Indians,14,3,489,85,34.93,0,5,2,1,372,49,17,127,242,172,75,131.45,17.74,34.14,44.45
AM Rahane,2016,Rising Pune Supergiants,14,3,480,74,34.29,0,6,1,2,387,54,9,129,215,225,40,124.03,16.28,33.33,43.64
M Vijay,2016,Punjab Kings,14,2,453,89,32.36,0,5,1,0,373,50,10,132,263,170,20,121.45,16.09,35.39,37.75
Q de Kock,2016,Delhi Capitals,13,1,445,108,34.23,1,3,3,0,340,52,13,118,243,175,27,130.88,19.12,34.71,37.08
SK Raina,2016,Gujarat Lions,15,0,399,75,26.6,0,3,1,0,321,39,10,97,178,183,38,124.3,15.26,30.22,26.6
KL Rahul,2016,Royal Challengers Bengaluru,12,3,397,68,33.08,0,4,3,1,277,37,16,75,163,185,49,143.32,19.13,27.08,44.11
RV Uthappa,2016,Kolkata Knight Riders,15,0,394,72,26.27,0,3,3,1,300,45,8,89,253,122,19,131.33,17.67,29.67,26.27
AJ Finch,2016,Gujarat Lions,12,4,393,74,32.75,0,5,1,2,311,45,11,105,103,201,89,126.37,18.01,33.76,49.13
YK Pathan,2016,Kolkata Knight Riders,13,6,361,63,27.77,0,3,3,0,256,33,13,60,49,169,143,141.02,17.97,23.44,51.57
KK Nair,2016,Delhi Capitals,12,1,357,83,29.75,0,3,2,0,304,40,6,106,121,178,58,117.43,15.13,34.87,32.45
BB McCullum,2016,Gujarat Lions,16,0,354,60,22.13,0,1,5,1,273,38,16,105,230,124,0,129.67,19.78,38.46,22.13
KD Karthik,2016,Gujarat Lions,15,1,335,53,22.33,0,3,2,1,273,38,3,86,29,235,71,122.71,15.02,31.5,23.93
AT Rayudu,2016,Mumbai Indians,12,1,334,65,27.83,0,2,3,1,284,28,12,98,139,172,23,117.61,14.08,34.51,30.36
DR Smith,2016,Gujarat Lions,12,1,324,73,27.0,0,3,2,1,226,35,16,90,184,125,15,143.36,22.57,39.82,29.45
SV Samson,2016,Delhi Capitals,14,4,291,60,20.79,0,1,3,0,265,20,8,88,80,172,39,109.81,10.57,33.21,29.1
MS Dhoni,2016,Rising Pune Supergiants,12,4,284,64,23.67,0,1,3,0,220,18,14,67,8,86,190,129.09,14.55,30.45,35.5
WP Saha,2016,Punjab Kings,12,1,270,56,22.5,0,2,1,0,214,29,1,60,56,147,67,126.17,14.02,28.04,24.55
SPD Smith,2016,Rising Pune Supergiants,7,2,270,101,38.57,1,0,4,0,184,27,8,48,91,127,52,146.74,19.02,26.09,54.0
JC Buttler,2016,Mumbai Indians,14,3,255,41,18.21,0,0,2,1,189,23,11,64,16,116,123,134.92,17.99,33.86,23.18
MK Pandey,2016,Kolkata Knight Riders,11,3,248,52,22.55,0,2,2,1,190,17,9,43,42,188,18,130.53,13.68,22.63,31.0
KH Pandya,2016,Mumbai Indians,8,3,237,86,29.63,0,1,2,0,127,22,13,34,21,136,80,186.61,27.56,26.77,47.4
Yuvraj Singh,2016,Sunrisers Hyderabad,10,1,236,44,23.6,0,0,4,0,183,22,13,78,6,155,75,128.96,19.13,42.62,26.22
CH Gayle,2016,Royal Challengers Bengaluru,10,0,227,76,22.7,0,2,1,1,159,17,21,75,151,76,0,142.77,23.9,47.17,22.7
KA Pollard,2016,Mumbai Indians,12,4,207,51,17.25,0,1,2,0,156,11,16,57,0,71,136,132.69,17.31,36.54,25.88
F du Plessis,2016,Rising Pune Supergiants,6,0,206,69,34.33,0,2,2,0,169,17,9,58,86,93,27,121.89,15.38,34.32,34.33
RR Pant,2016,Delhi Capitals,10,3,198,69,19.8,0,1,2,0,155,19,6,55,43,126,29,127.74,16.13,35.48,28.29
CH Morris,2016,Delhi Capitals,7,3,195,82,27.86,0,1,1,1,114,15,12,31,0,59,136,171.05,23.68,27.19,48.75
JP Duminy,2016,Delhi Capitals,8,3,191,49,23.88,0,0,3,0,157,13,3,33,5,113,73,121.66,10.19,21.02,38.2
RA Jadeja,2016,Gujarat Lions,15,5,191,36,12.73,0,0,1,1,189,14,4,62,19,66,106,101.06,9.52,32.8,19.1
AD Russell,2016,Kolkata Knight Riders,8,1,188,39,23.5,0,0,3,0,125,10,15,38,0,62,126,150.4,20.0,30.4,26.86
MC Henriques,2016,Sunrisers Hyderabad,15,2,182,31,12.13,0,0,2,1,162,15,6,59,42,82,58,112.35,12.96,36.42,14.0
SA Yadav,2016,Kolkata Knight Riders,11,4,182,60,16.55,0,1,0,0,148,18,5,47,44,94,44,122.97,15.54,31.76,26.0
SR Watson,2016,Royal Challengers Bengaluru,15,2,179,36,11.93,0,0,3,1,135,14,12,60,7,96,76,132.59,19.26,44.44,13.77
GJ Maxwell,2016,Punjab Kings,10,1,179,68,17.9,0,2,1,3,129,14,8,39,18,106,55,138.76,17.05,30.23,19.89
PA Patel,2016,Mumbai Indians,10,0,177,81,17.7,0,1,1,1,161,23,4,67,94,72,11,109.94,16.77,41.61,17.7
SS Tiwary,2016,Rising Pune Supergiants,7,1,170,57,24.29,0,2,0,0,149,17,4,51,43,122,5,114.09,14.09,34.23,28.33
M Vohra,2016,Punjab Kings,7,0,161,51,23.0,0,1,2,1,136,19,3,56,101,60,0,118.38,16.18,41.18,23.0
DA Miller,2016,Punjab Kings,13,3,161,31,12.38,0,0,2,1,139,11,4,40,3,69,89,115.83,10.79,28.78,16.1
SE Marsh,2016,Punjab Kings,6,0,159,56,26.5,0,1,2,0,134,13,4,41,34,104,21,118.66,12.69,30.6,26.5
HM Amla,2016,Punjab Kings,6,0,157,96,26.17,0,1,1,1,122,20,4,43,86,39,32,128.69,19.67,35.25,26.17
NLTC Perera,2016,Rising Pune Supergiants,10,3,150,34,15.0,0,0,1,0,97,7,11,28,0,35,115,154.64,18.56,28.87,21.43
MP Stoinis,2016,Punjab Kings,5,1,146,52,29.2,0,1,2,1,111,13,4,33,38,60,48,131.53,15.32,29.73,36.5
DJ Hooda,2016,Sunrisers Hyderabad,15,4,144,34,9.6,0,0,1,0,125,9,5,39,0,79,65,115.2,11.2,31.2,13.09
NV Ojha,2016,Sunrisers Hyderabad,13,4,136,37,10.46,0,0,1,1,142,7,5,60,7,59,70,95.77,8.45,42.25,15.11
UT Khawaja,2016,Rising Pune Supergiants,6,1,127,30,21.17,0,0,2,0,105,14,3,36,107,20,0,120.95,16.19,34.29,25.4
KS Williamson,2016,Sunrisers Hyderabad,6,0,124,50,20.67,0,1,1,0,126,14,0,40,12,83,29,98.41,11.11,31.75,20.67
EJG Morgan,2016,Sunrisers Hyderabad,6,1,123,51,20.5,0,1,0,1,105,8,4,35,7,59,57,117.14,11.43,33.33,24.6
Sachin Baby,2016,Royal Challengers Bengaluru,6,1,119,33,19.83,0,0,1,1,82,9,5,22,0,38,81,145.12,17.07,26.83,23.8
Shakib Al Hasan,2016,Kolkata Knight Riders,7,2,114,66,16.29,0,1,0,0,108,7,5,40,3,39,72,105.56,11.11,37.04,22.8
Gurkeerat Singh,2016,Punjab Kings,6,1,113,51,18.83,0,1,0,1,87,11,3,26,1,63,49,129.89,16.09,29.89,22.6
AR Patel,2016,Punjab Kings,10,4,111,36,11.1,0,0,1,2,81,4,8,26,2,34,75,137.04,14.81,32.1,18.5
N Rana,2016,Mumbai Indians,3,0,104,70,34.67,0,1,0,0,78,7,8,33,13,77,14,133.33,19.23,42.31,34.67
DJ Bravo,2016,Gujarat Lions,12,4,99,22,8.25,0,0,0,1,88,11,1,26,0,29,70,112.5,13.64,29.55,12.38
Harbhajan Singh,2016,Mumbai Indians,7,4,92,45,13.14,0,0,1,1,91,11,2,40,0,25,67,101.1,14.29,43.96,30.67
SW Billings,2016,Delhi Capitals,4,0,88,54,22.0,0,1,0,0,66,4,4,15,0,68,20,133.33,12.12,22.73,22.0
GJ Bailey,2016,Rising Pune Supergiants,5,1,84,34,16.8,0,0,2,1,99,9,2,49,31,53,0,84.85,11.11,49.49,21.0
CR Brathwaite,2016,Delhi Capitals,6,0,83,34,13.83,0,0,1,0,40,6,8,12,0,8,75,207.5,35.0,30.0,13.83
JP Faulkner,2016,Gujarat Lions,5,2,77,32,15.4,0,0,1,0,60,7,0,12,0,10,67,128.33,11.67,20.0,25.67
KP Pietersen,2016,Rising Pune Supergiants,4,1,73,37,18.25,0,0,1,1,61,4,3,19,28,45,0,119.67,11.48,31.15,24.33
SN Khan,2016,Royal Challengers Bengaluru,4,2,66,35,16.5,0,0,1,0,31,7,4,8,0,5,61,212.9,35.48,25.81,33.0
BCJ Cutting,2016,Sunrisers Hyderabad,4,1,65,39,16.25,0,0,1,1,37,4,6,12,0,8,57,175.68,27.03,32.43,21.67
STR Binny,2016,Royal Challengers Bengaluru,5,1,63,21,12.6,0,0,0,0,41,5,4,14,1,20,42,153.66,21.95,34.15,15.75
P Negi,2016,Delhi Capitals,6,3,57,19,9.5,0,0,0,0,63,2,3,26,0,25,32,90.48,7.94,41.27,19.0
MJ Guptill,2016,Mumbai Indians,3,0,57,48,19.0,0,0,1,0,55,3,3,26,23,34,0,103.64,10.91,47.27,19.0
TM Head,2016,Royal Challengers Bengaluru,3,1,54,37,18.0,0,0,1,0,42,3,2,12,0,10,44,128.57,11.9,28.57,27.0
Bipul Sharma,2016,Sunrisers Hyderabad,4,3,51,27,12.75,0,0,0,0,25,1,5,6,0,0,51,204.0,24.0,24.0,51.0
A Ashish Reddy,2016,Sunrisers Hyderabad,3,1,47,32,15.67,0,0,1,0,30,2,4,9,0,31,16,156.67,20.0,30.0,23.5
HH Pandya,2016,Mumbai Indians,9,2,44,9,4.89,0,0,0,0,66,4,0,31,13,14,17,66.67,6.06,46.97,6.29
B Kumar,2016,Sunrisers Hyderabad,8,3,43,21,5.38,0,0,0,0,28,6,1,8,0,0,43,153.57,25.0,28.57,8.6
KM Jadhav,2016,Royal Challengers Bengaluru,3,3,42,25,14.0,0,0,0,0,33,2,2,8,0,2,40,127.27,12.12,24.24,
Ishan Kishan,2016,Gujarat Lions,5,1,42,27,8.4,0,0,0,1,41,5,0,15,0,29,13,102.44,12.2,36.59,10.5
R Ashwin,2016,Rising Pune Supergiants,6,4,41,29,6.83,0,0,0,1,38,3,1,14,0,29,12,107.89,10.53,36.84,20.5
Iqbal Abdulla,2016,Royal Challengers Bengaluru,2,2,37,33,18.5,0,0,1,0,27,4,1,7,0,11,26,137.04,18.52,25.93,
KV Sharma,2016,Sunrisers Hyderabad,3,3,36,26,12.0,0,0,0,0,34,3,1,8,0,0,36,105.88,11.76,23.53,
R Bhatia,2016,Rising Pune Supergiants,5,4,34,21,6.8,0,0,0,0,20,1,2,3,0,0,34,170.0,15.0,15.0,34.0
MJ McClenaghan,2016,Mumbai Indians,4,1,34,20,8.5,0,0,0,0,23,2,3,10,0,28,6,147.83,21.74,43.48,11.33
MM Sharma,2016,Punjab Kings,5,1,32,15,6.4,0,0,0,0,27,3,1,9,0,14,18,118.52,14.81,33.33,8.0
SS Iyer,2016,Delhi Capitals,6,0,30,19,5.0,0,0,0,3,46,2,1,24,29,1,0,65.22,6.52,52.17,5.0
C Munro,2016,Kolkata Knight Riders,3,2,30,16,10.0,0,0,0,0,31,3,0,11,24,2,4,96.77,9.68,35.48,30.0
TG Southee,2016,Mumbai Indians,4,1,30,25,7.5,0,0,0,0,20,1,2,4,0,3,27,150.0,15.0,20.0,10.0
MA Agarwal,2016,Delhi Capitals,3,0,27,10,9.0,0,0,0,0,26,3,1,12,27,0,0,103.85,15.38,46.15,9.0
PP Chawla,2016,Kolkata Knight Riders,3,0,27,11,9.0,0,0,0,0,26,4,0,12,15,4,8,103.85,15.38,46.15,9.0
DS Kulkarni,2016,Gujarat Lions,5,3,27,10,5.4,0,0,0,0,16,3,0,3,0,2,25,168.75,18.75,18.75,13.5
CA Lynn,2016,Kolkata Knight Riders,2,1,25,15,12.5,0,0,0,0,23,0,1,8,15,0,10,108.7,4.35,34.78,25.0
R Sathish,2016,Kolkata Knight Riders,3,0,24,10,8.0,0,0,0,0,24,1,1,9,0,6,18,100.0,8.33,37.5,8.0
P Kumar,2016,Gujarat Lions,6,2,24,15,4.0,0,0,0,1,27,3,0,12,0,1,23,88.89,11.11,44.44,6.0
ER Dwivedi,2016,Gujarat Lions,2,0,24,19,12.0,0,0,0,0,15,2,2,5,5,0,19,160.0,26.67,33.33,12.0
NS Naik,2016,Punjab Kings,2,0,23,22,11.5,0,0,0,0,33,1,0,13,0,11,12,69.7,3.03,39.39,11.5
JO Holder,2016,Kolkata Knight Riders,4,0,22,13,5.5,0,0,0,1,20,2,1,8,0,0,22,110.0,15.0,40.0,5.5
AD Nath,2016,Gujarat Lions,3,0,20,12,6.67,0,0,0,0,27,1,0,13,0,14,6,74.07,3.7,48.15,6.67
P Sahu,2016,Punjab Kings,2,2,19,18,9.5,0,0,0,0,13,1,1,4,0,0,19,146.15,15.38,30.77,
JA Morkel,2016,Rising Pune Supergiants,1,0,16,16,16.0,0,0,0,0,9,0,2,2,0,1,15,177.78,22.22,22.22,16.0
F Behardien,2016,Punjab Kings,3,1,14,9,4.67,0,0,0,1,13,2,0,5,0,0,14,107.69,15.38,38.46,7.0
R Dhawan,2016,Punjab Kings,2,2,14,11,7.0,0,0,0,0,6,0,1,0,0,0,14,233.33,16.67,0.0,
R Vinay Kumar,2016,Mumbai Indians,2,1,13,12,6.5,0,0,0,0,12,0,1,5,0,0,13,108.33,8.33,41.67,13.0
KC Cariappa,2016,Punjab Kings,2,1,13,12,6.5,0,0,0,0,11,0,1,3,0,12,1,118.18,9.09,27.27,13.0
KJ Abbott,2016,Punjab Kings,3,2,13,12,4.33,0,0,0,1,8,0,1,3,0,0,13,162.5,12.5,37.5,13.0
IK Pathan,2016,Rising Pune Supergiants,3,1,11,7,3.67,0,0,0,0,14,0,0,2,0,9,2,78.57,0.0,14.29,5.5
Parvez Rasool,2016,Royal Challengers Bengaluru,1,0,10,10,10.0,0,0,0,0,9,1,0,3,0,0,10,111.11,11.11,33.33,10.0
UT Yadav,2016,Kolkata Knight Riders,2,1,9,7,4.5,0,0,0,0,6,0,1,1,0,0,9,150.0,16.67,16.67,9.0
NM Coulter-Nile,2016,Delhi Capitals,2,2,9,7,4.5,0,0,0,0,14,1,0,8,0,5,4,64.29,7.14,57.14,
Sandeep Sharma,2016,Punjab Kings,4,4,8,5,2.0,0,0,0,0,9,0,0,1,0,5,3,88.89,0.0,11.11,
JJ Bumrah,2016,Mumbai Indians,2,1,8,6,4.0,0,0,0,0,11,1,0,6,0,5,3,72.73,9.09,54.55,8.0
AP Tare,2016,Sunrisers Hyderabad,2,0,8,8,4.0,0,0,0,1,15,1,0,10,8,0,0,53.33,6.67,66.67,4.0
LMP Simmons,2016,Mumbai Indians,1,0,8,8,8.0,0,0,0,0,8,0,1,5,8,0,0,100.0,12.5,62.5,8.0
PV Tambe,2016,Gujarat Lions,1,1,7,7,7.0,0,0,0,0,19,1,0,14,0,6,1,36.84,5.26,73.68,
SP Narine,2016,Kolkata Knight Riders,3,3,7,4,2.33,0,0,0,0,14,0,0,7,0,0,7,50.0,0.0,50.0,
MR Marsh,2016,Rising Pune Supergiants,1,0,7,7,7.0,0,0,0,0,11,0,0,6,0,0,7,63.64,0.0,54.55,7.0
Z Khan,2016,Delhi Capitals,2,0,6,4,3.0,0,0,0,0,13,1,0,10,0,0,6,46.15,7.69,76.92,3.0
J Yadav,2016,Delhi Capitals,2,2,6,5,3.0,0,0,0,0,12,0,0,4,0,0,6,50.0,0.0,33.33,
PSP Handscomb,2016,Rising Pune Supergiants,1,0,6,6,6.0,0,0,0,0,12,0,0,6,0,6,0,50.0,0.0,50.0,6.0
D Wiese,2016,Royal Challengers Bengaluru,1,1,5,5,5.0,0,0,0,0,4,0,0,0,0,0,5,125.0,0.0,0.0,
MG Johnson,2016,Punjab Kings,2,0,5,4,2.5,0,0,0,0,14,0,0,9,0,2,3,35.71,0.0,64.29,2.5
Imran Tahir,2016,Delhi Capitals,1,0,5,5,5.0,0,0,0,0,7,1,0,5,0,0,5,71.43,14.29,71.43,5.0
BB Sran,2016,Sunrisers Hyderabad,3,3,4,2,1.33,0,0,0,0,4,0,0,0,0,0,4,100.0,0.0,0.0,
A Mishra,2016,Delhi Capitals,2,0,4,3,2.0,0,0,0,0,14,0,0,10,0,4,0,28.57,0.0,71.43,2.0
Ankit Sharma,2016,Rising Pune Supergiants,1,1,3,3,3.0,0,0,0,0,3,0,0,1,0,0,3,100.0,0.0,33.33,
CJ Jordan,2016,Royal Challengers Bengaluru,1,1,3,3,3.0,0,0,0,0,4,0,0,1,0,0,3,75.0,0.0,25.0,
Mohammed Shami,2016,Delhi Capitals,2,2,2,2,1.0,0,0,0,0,4,0,0,1,0,0,2,50.0,0.0,25.0,
S Gopal,2016,Mumbai Indians,1,0,2,2,2.0,0,0,0,0,16,0,0,14,0,2,0,12.5,0.0,87.5,2.0
DW Steyn,2016,Gujarat Lions,1,0,1,1,1.0,0,0,0,0,2,0,0,1,0,0,1,50.0,0.0,50.0,1.0
KW Richardson,2016,Royal Challengers Bengaluru,1,1,1,1,1.0,0,0,0,0,1,0,0,0,0,0,1,100.0,0.0,0.0,
S Nadeem,2016,Delhi Capitals,1,1,1,1,1.0,0,0,0,0,5,0,0,3,0,0,1,20.0,0.0,60.0,
M Morkel,2016,Kolkata Knight Riders,1,1,1,1,1.0,0,0,0,0,1,0,0,0,0,0,1,100.0,0.0,0.0,
SB Jakati,2016,Gujarat Lions,1,1,1,1,1.0,0,0,0,0,2,0,0,1,0,0,1,50.0,0.0,50.0,
A Nehra,2016,Sunrisers Hyderabad,1,1,1,1,1.0,0,0,0,0,1,0,0,0,0,0,1,100.0,0.0,0.0,
M Ashwin,2016,Rising Pune Supergiants,1,0,0,0,0.0,0,0,0,1,1,0,0,1,0,0,0,0.0,0.0,100.0,0.0
S Kaushik,2016,Gujarat Lions,1,0,0,0,0.0,0,0,0,1,1,0,0,1,0,0,0,0.0,0.0,100.0,0.0
Swapnil Singh,2016,Punjab Kings,1,0,0,0,0.0,0,0,0,1,1,0,0,1,0,0,0,0.0,0.0,100.0,0.0
UBT Chand,2016,Mumbai Indians,1,0,0,0,0.0,0,0,0,1,5,0,0,4,0,0,0,0.0,0.0,80.0,0.0
A Zampa,2016,Rising Pune Supergiants,1,0,0,0,0.0,0,0,0,1,1,0,0,1,0,0,0,0.0,0.0,100.0,0.0
DA Warner,2017,Sunrisers Hyderabad,14,3,641,126,45.79,1,4,5,0,462,63,26,150,295,276,70,138.74,19.26,32.47,58.27
G Gambhir,2017,Kolkata Knight Riders,16,3,498,76,31.13,0,4,2,0,405,62,7,128,275,202,21,122.96,17.04,31.6,38.31
S Dhawan,2017,Sunrisers Hyderabad,14,1,479,77,34.21,0,3,3,0,383,53,9,119,259,189,31,125.07,16.19,31.07,36.85
SPD Smith,2017,Rising Pune Supergiants,15,3,472,84,31.47,0,3,4,0,400,38,12,117,131,255,86,118.0,12.5,29.25,39.33
SK Raina,2017,Gujarat Lions,14,3,442,84,31.57,0,3,4,0,310,42,13,72,133,240,69,142.58,17.74,23.23,40.18
HM Amla,2017,Punjab Kings,10,3,420,104,42.0,2,2,0,1,296,40,17,87,175,155,90,141.89,19.26,29.39,60.0
MK Pandey,2017,Kolkata Knight Riders,12,4,396,81,33.0,0,2,4,0,315,28,12,82,28,244,124,125.71,12.7,26.03,49.5
PA Patel,2017,Mumbai Indians,16,0,395,70,24.69,0,2,5,2,308,49,8,98,308,87,0,128.25,18.51,31.82,24.69
RA Tripathi,2017,Rising Pune Supergiants,14,2,391,93,27.93,0,2,5,1,275,43,17,99,290,91,10,142.18,21.82,36.0,32.58
RV Uthappa,2017,Kolkata Knight Riders,13,1,388,87,29.85,0,5,0,1,239,36,21,63,91,263,34,162.34,23.85,26.36,32.33
SV Samson,2017,Delhi Capitals,14,1,386,102,27.57,1,2,2,2,275,32,19,92,204,141,41,140.36,18.55,33.45,29.69
KA Pollard,2017,Mumbai Indians,16,3,385,70,24.06,0,3,1,0,291,26,22,86,6,221,158,132.3,16.49,29.55,29.62
AM Rahane,2017,Rising Pune Supergiants,16,1,382,60,23.88,0,2,5,2,328,35,9,113,247,135,0,116.46,13.41,34.45,25.47
RR Pant,2017,Delhi Capitals,14,0,366,97,26.14,0,2,5,3,226,28,24,67,59,250,57,161.95,23.01,29.65,26.14
KD Karthik,2017,Gujarat Lions,13,4,361,65,27.77,0,2,5,1,268,30,11,65,16,218,127,134.7,15.3,24.25,40.11
SS Iyer,2017,Delhi Capitals,12,2,338,96,28.17,0,2,3,0,249,36,10,75,55,214,69,135.74,18.47,30.12,33.8
N Rana,2017,Mumbai Indians,12,1,333,62,27.75,0,3,2,0,277,24,17,98,94,196,43,120.22,14.8,35.38,30.27
RG Sharma,2017,Mumbai Indians,16,2,333,67,20.81,0,3,1,1,278,31,9,95,53,193,87,119.78,14.39,34.17,23.79
MK Tiwary,2017,Rising Pune Supergiants,13,4,324,60,24.92,0,2,3,1,242,31,11,67,18,119,187,133.88,17.36,27.69,36.0
BB McCullum,2017,Gujarat Lions,11,0,319,72,29.0,0,2,4,0,223,29,18,77,183,136,0,143.05,21.08,34.53,29.0
BA Stokes,2017,Rising Pune Supergiants,11,0,316,103,28.73,1,1,2,0,227,22,15,62,27,213,76,139.21,16.3,27.31,28.73
GJ Maxwell,2017,Punjab Kings,13,3,310,47,23.85,0,0,6,3,186,20,26,55,11,251,48,166.67,24.73,29.57,31.0
V Kohli,2017,Royal Challengers Bengaluru,10,0,308,64,30.8,0,4,0,1,257,23,11,89,151,134,23,119.84,13.23,34.63,30.8
AJ Finch,2017,Gujarat Lions,13,1,299,72,23.0,0,2,2,1,186,25,19,58,77,147,75,160.75,23.66,31.18,24.92
CA Lynn,2017,Kolkata Knight Riders,7,1,295,93,42.14,0,3,1,0,175,25,19,48,181,105,9,168.57,25.14,27.43,49.17
MS Dhoni,2017,Rising Pune Supergiants,15,2,290,61,19.33,0,1,2,0,261,15,16,99,0,122,168,111.11,11.88,37.93,22.31
KK Nair,2017,Delhi Capitals,13,1,281,64,21.62,0,1,3,1,229,39,6,96,204,61,16,122.71,19.65,41.92,23.42
Ishan Kishan,2017,Gujarat Lions,10,0,277,61,27.7,0,1,4,0,214,29,13,84,160,69,48,129.44,19.63,39.25,27.7
MC Henriques,2017,Sunrisers Hyderabad,11,5,277,55,25.18,0,3,1,0,205,28,4,53,63,137,77,135.12,15.61,25.85,46.17
JC Buttler,2017,Mumbai Indians,10,2,272,77,27.2,0,1,2,0,184,27,15,66,209,63,0,147.83,22.83,35.87,34.0
KM Jadhav,2017,Royal Challengers Bengaluru,13,2,267,69,20.54,0,1,3,0,194,25,10,52,32,145,90,137.63,18.04,26.8,24.27
SE Marsh,2017,Punjab Kings,8,0,264,84,33.0,0,2,1,0,198,36,5,67,112,139,13,133.33,20.71,33.84,33.0
KS Williamson,2017,Sunrisers Hyderabad,7,2,256,89,36.57,0,2,1,0,170,20,10,46,24,157,75,150.59,17.65,27.06,51.2
Yuvraj Singh,2017,Sunrisers Hyderabad,11,1,252,70,22.91,0,2,1,1,188,30,8,64,4,133,115,134.04,20.21,34.04,25.2
HH Pandya,2017,Mumbai Indians,16,8,250,35,15.63,0,0,2,0,172,11,20,50,0,74,176,145.35,18.02,29.07,31.25
KH Pandya,2017,Mumbai Indians,11,4,243,47,22.09,0,0,4,0,186,24,7,57,2,142,99,130.65,16.67,30.65,34.71
DR Smith,2017,Gujarat Lions,11,1,239,74,21.73,0,2,2,2,158,32,8,56,118,114,7,151.27,25.32,35.44,23.9
WP Saha,2017,Punjab Kings,11,1,234,93,21.27,0,1,1,1,194,20,8,61,64,107,63,120.62,14.43,31.44,23.4
M Vohra,2017,Punjab Kings,9,0,229,95,25.44,0,1,1,0,170,23,9,56,141,52,36,134.71,18.82,32.94,25.44
AR Patel,2017,Punjab Kings,13,5,227,44,17.46,0,0,3,1,171,11,11,43,6,80,141,132.75,12.87,25.15,28.38
SP Narine,2017,Kolkata Knight Riders,14,2,224,54,16.0,0,1,3,2,135,34,10,56,222,0,2,165.93,32.59,41.48,18.67
AB de Villiers,2017,Royal Challengers Bengaluru,9,2,216,89,24.0,0,1,1,0,171,12,16,63,71,86,59,126.32,16.37,36.84,30.86
CH Gayle,2017,Royal Challengers Bengaluru,9,0,200,77,22.22,0,1,2,2,172,15,14,75,109,91,0,116.28,16.86,43.6,22.22
Mandeep Singh,2017,Royal Challengers Bengaluru,10,0,188,52,18.8,0,1,1,2,178,21,4,80,100,87,1,105.62,14.04,44.94,18.8
RA Jadeja,2017,Gujarat Lions,10,6,158,28,15.8,0,0,0,0,118,13,4,28,0,81,77,133.9,14.41,23.73,39.5
CH Morris,2017,Delhi Capitals,8,3,154,52,19.25,0,1,1,0,97,15,6,21,0,34,120,158.76,21.65,21.65,30.8
TM Head,2017,Royal Challengers Bengaluru,7,3,151,75,21.57,0,1,2,1,109,9,6,27,10,85,56,138.53,13.76,24.77,37.75
P Negi,2017,Royal Challengers Bengaluru,10,1,144,35,14.4,0,0,2,0,114,10,7,39,0,54,90,126.32,14.91,34.21,16.0
YK Pathan,2017,Kolkata Knight Riders,11,2,143,59,13.0,0,1,0,1,123,9,6,41,21,86,36,116.26,12.2,33.33,15.89
CJ Anderson,2017,Delhi Capitals,11,4,142,41,12.91,0,0,2,1,130,8,9,54,10,49,83,109.23,13.08,41.54,20.29
SW Billings,2017,Delhi Capitals,6,0,138,55,23.0,0,1,0,1,107,19,1,31,101,37,0,128.97,18.69,28.97,23.0
LMP Simmons,2017,Mumbai Indians,7,1,137,66,19.57,0,2,0,1,116,10,8,48,87,50,0,118.1,15.52,41.38,22.83
MJ Guptill,2017,Punjab Kings,7,1,132,50,18.86,0,1,1,1,88,17,5,37,116,16,0,150.0,25.0,42.05,22.0
C de Grandhomme,2017,Kolkata Knight Riders,9,1,126,36,14.0,0,0,2,3,92,10,6,28,1,89,36,136.96,17.39,30.43,15.75
SA Yadav,2017,Kolkata Knight Riders,7,1,105,31,15.0,0,0,2,0,89,8,3,25,0,49,56,117.98,12.36,28.09,17.5
V Shankar,2017,Sunrisers Hyderabad,4,2,101,63,25.25,0,1,0,0,77,12,1,20,7,56,38,131.17,16.88,25.97,50.5
AT Rayudu,2017,Mumbai Indians,5,0,91,63,18.2,0,1,0,1,80,7,3,27,10,43,38,113.75,12.5,33.75,18.2
DA Miller,2017,Punjab Kings,4,1,83,30,20.75,0,0,1,0,82,4,4,31,2,48,33,101.22,9.76,37.8,27.67
NV Ojha,2017,Sunrisers Hyderabad,5,1,79,34,15.8,0,0,1,0,70,2,3,20,0,35,44,112.86,7.14,28.57,19.75
DT Christian,2017,Rising Pune Supergiants,9,3,79,17,8.78,0,0,0,0,52,5,5,16,0,0,79,151.92,19.23,30.77,13.17
DJ Hooda,2017,Sunrisers Hyderabad,6,3,78,19,13.0,0,0,0,0,53,5,4,12,0,22,56,147.17,16.98,22.64,26.0
STR Binny,2017,Royal Challengers Bengaluru,7,2,78,18,11.14,0,0,0,0,77,6,3,34,8,23,47,101.3,11.69,44.16,15.6
PJ Cummins,2017,Delhi Capitals,8,3,77,24,9.63,0,0,0,0,54,5,4,17,0,18,59,142.59,16.67,31.48,15.4
SR Watson,2017,Royal Challengers Bengaluru,7,1,71,24,10.14,0,0,0,0,80,6,1,32,21,33,17,88.75,8.75,40.0,11.83
EJG Morgan,2017,Punjab Kings,4,0,65,26,16.25,0,0,0,0,62,6,2,24,23,42,0,104.84,12.9,38.71,16.25
JJ Roy,2017,Gujarat Lions,3,1,59,31,19.67,0,0,1,0,41,9,1,15,45,0,14,143.9,24.39,36.59,29.5
K Rabada,2017,Delhi Capitals,3,0,55,44,18.33,0,0,1,1,68,5,1,30,1,48,6,80.88,8.82,44.12,18.33
JP Faulkner,2017,Gujarat Lions,6,2,54,21,9.0,0,0,0,0,60,4,0,23,0,6,48,90.0,6.67,38.33,13.5
AJ Tye,2017,Gujarat Lions,3,2,53,25,17.67,0,0,0,0,30,4,3,6,0,15,38,176.67,23.33,20.0,53.0
SS Tiwary,2017,Mumbai Indians,1,1,52,52,52.0,0,1,0,0,46,9,0,16,25,26,1,113.04,19.57,34.78,
MM Sharma,2017,Punjab Kings,7,1,51,13,7.29,0,0,0,0,51,4,1,20,0,17,34,100.0,9.8,39.22,8.5
BCJ Cutting,2017,Sunrisers Hyderabad,3,1,51,20,17.0,0,0,0,0,27,5,3,6,0,10,41,188.89,29.63,22.22,25.5
A Mishra,2017,Delhi Capitals,6,5,49,13,8.17,0,0,0,0,56,2,2,20,0,10,39,87.5,7.14,35.71,49.0
KV Sharma,2017,Mumbai Indians,6,0,49,19,8.17,0,0,0,0,42,5,2,18,0,14,35,116.67,16.67,42.86,8.17
CR Woakes,2017,Kolkata Knight Riders,7,4,46,18,6.57,0,0,0,0,47,4,1,21,0,12,34,97.87,10.64,44.68,15.33
SP Jackson,2017,Kolkata Knight Riders,3,1,38,16,12.67,0,0,0,0,31,5,0,10,10,9,19,122.58,16.13,32.26,19.0
Mohammed Shami,2017,Delhi Capitals,6,2,36,21,6.0,0,0,0,0,24,4,2,10,0,7,29,150.0,25.0,41.67,9.0
IR Jaggi,2017,Kolkata Knight Riders,2,1,33,28,16.5,0,0,0,0,40,3,0,16,5,28,0,82.5,7.5,40.0,33.0
S Aravind,2017,Royal Challengers Bengaluru,6,3,32,9,5.33,0,0,0,1,40,2,0,16,0,10,22,80.0,5.0,40.0,10.67
AD Mathews,2017,Delhi Capitals,2,0,32,31,16.0,0,0,1,0,28,2,1,9,0,3,29,114.29,10.71,32.14,16.0
Bipul Sharma,2017,Sunrisers Hyderabad,3,2,31,21,10.33,0,0,0,0,25,2,1,8,0,0,31,124.0,12.0,32.0,31.0
MN Samuels,2017,Delhi Capitals,4,1,29,27,7.25,0,0,0,1,32,1,2,17,0,29,0,90.63,9.38,53.13,9.67
Basil Thampi,2017,Gujarat Lions,5,4,28,13,5.6,0,0,0,0,30,1,1,9,0,0,28,93.33,6.67,30.0,28.0
MA Agarwal,2017,Rising Pune Supergiants,3,0,26,20,8.67,0,0,0,1,29,3,0,12,26,0,0,89.66,10.34,41.38,8.67
Ankit Sharma,2017,Rising Pune Supergiants,1,0,25,25,25.0,0,0,0,0,16,2,1,3,0,5,20,156.25,18.75,18.75,25.0
A Choudhary,2017,Royal Challengers Bengaluru,3,1,25,15,8.33,0,0,0,0,20,1,1,4,0,0,25,125.0,10.0,20.0,12.5
Kuldeep Yadav,2017,Kolkata Knight Riders,2,0,20,16,10.0,0,0,0,0,22,2,0,9,0,2,18,90.91,9.09,40.91,10.0
MG Johnson,2017,Mumbai Indians,2,2,20,13,10.0,0,0,0,0,17,1,1,6,0,1,19,117.65,11.76,35.29,
R Tewatia,2017,Punjab Kings,2,1,19,15,9.5,0,0,0,0,11,4,0,3,4,0,15,172.73,36.36,27.27,19.0
Vishnu Vinod,2017,Royal Challengers Bengaluru,3,0,19,9,6.33,0,0,0,0,26,1,1,15,10,0,9,73.08,7.69,57.69,6.33
AP Tare,2017,Delhi Capitals,3,0,18,18,6.0,0,0,0,2,25,3,0,14,18,0,0,72.0,12.0,56.0,6.0
MP Stoinis,2017,Punjab Kings,3,0,17,9,5.67,0,0,0,0,25,1,0,12,4,6,7,68.0,4.0,48.0,5.67
MJ McClenaghan,2017,Mumbai Indians,5,2,16,12,3.2,0,0,0,1,16,0,1,5,0,1,15,100.0,6.25,31.25,5.33
R Bhatia,2017,Rising Pune Supergiants,1,0,16,16,16.0,0,0,0,0,17,0,1,6,0,16,0,94.12,5.88,35.29,16.0
Harbhajan Singh,2017,Mumbai Indians,7,5,16,7,2.29,0,0,0,1,17,0,1,5,0,0,16,94.12,5.88,29.41,8.0
JJ Bumrah,2017,Mumbai Indians,2,1,16,16,8.0,0,0,0,1,12,0,1,3,0,0,16,133.33,8.33,25.0,16.0
Anureet Singh,2017,Punjab Kings,1,0,15,15,15.0,0,0,0,0,12,2,0,3,0,0,15,125.0,16.67,25.0,15.0
Sachin Baby,2017,Royal Challengers Bengaluru,3,0,15,12,5.0,0,0,0,0,17,2,0,7,0,3,12,88.24,11.76,41.18,5.0
DL Chahar,2017,Rising Pune Supergiants,1,0,14,14,14.0,0,0,0,0,6,0,2,2,0,14,0,233.33,33.33,33.33,14.0
NM Coulter-Nile,2017,Kolkata Knight Riders,3,0,14,6,4.67,0,0,0,0,13,0,2,8,0,0,14,107.69,15.38,61.54,4.67
YS Chahal,2017,Royal Challengers Bengaluru,6,4,13,4,2.17,0,0,0,1,26,0,0,14,0,0,13,50.0,0.0,53.85,6.5
S Badree,2017,Royal Challengers Bengaluru,5,0,13,8,2.6,0,0,0,2,25,0,0,12,0,5,8,52.0,0.0,48.0,2.6
CR Brathwaite,2017,Delhi Capitals,2,0,12,11,6.0,0,0,0,0,16,2,0,9,0,12,0,75.0,12.5,56.25,6.0
Swapnil Singh,2017,Punjab Kings,2,0,12,10,6.0,0,0,0,0,19,0,0,9,0,10,2,63.16,0.0,47.37,6.0
AR Bawne,2017,Delhi Capitals,1,1,12,12,12.0,0,0,0,0,12,1,0,4,0,0,12,100.0,8.33,33.33,
Rashid Khan,2017,Sunrisers Hyderabad,3,1,11,6,3.67,0,0,0,0,9,0,1,3,0,0,11,122.22,11.11,33.33,5.5
UT Yadav,2017,Kolkata Knight Riders,4,4,10,4,2.5,0,0,0,0,13,0,0,4,0,0,10,76.92,0.0,30.77,
Washington Sundar,2017,Rising Pune Supergiants,5,5,9,5,1.8,0,0,0,0,12,0,0,3,0,0,9,75.0,0.0,25.0,
P Kumar,2017,Gujarat Lions,2,1,8,7,4.0,0,0,0,0,9,0,0,1,0,0,8,88.89,0.0,11.11,8.0
F du Plessis,2017,Rising Pune Supergiants,1,0,8,8,8.0,0,0,0,0,7,1,0,2,7,1,0,114.29,14.29,28.57,8.0
I Sharma,2017,Punjab Kings,3,1,8,5,2.67,0,0,0,0,13,1,0,7,0,1,7,61.54,7.69,53.85,4.0
TS Mills,2017,Royal Challengers Bengaluru,3,0,8,6,2.67,0,0,0,1,11,0,1,7,0,2,6,72.73,9.09,63.64,2.67
AF Milne,2017,Royal Challengers Bengaluru,3,0,7,5,2.33,0,0,0,1,12,0,0,6,0,5,2,58.33,0.0,50.0,2.33
SL Malinga,2017,Mumbai Indians,2,1,7,7,3.5,0,0,0,1,3,0,1,1,0,0,7,233.33,33.33,33.33,7.0
AB Dinda,2017,Rising Pune Supergiants,1,0,7,7,7.0,0,0,0,0,8,1,0,3,0,5,2,87.5,12.5,37.5,7.0
Ankit Soni,2017,Gujarat Lions,3,1,7,7,2.33,0,0,0,2,9,0,1,5,0,0,7,77.78,11.11,55.56,3.5
TG Southee,2017,Mumbai Indians,1,1,7,7,7.0,0,0,0,0,3,0,1,1,0,0,7,233.33,33.33,33.33,
Sandeep Sharma,2017,Punjab Kings,2,2,7,5,3.5,0,0,0,0,7,0,0,0,0,0,7,100.0,0.0,0.0,
DM Bravo,2017,Kolkata Knight Riders,1,1,6,6,6.0,0,0,0,0,5,1,0,2,0,0,6,120.0,20.0,40.0,
TA Boult,2017,Kolkata Knight Riders,1,1,5,5,5.0,0,0,0,0,8,0,0,5,0,0,5,62.5,0.0,62.5,
A Zampa,2017,Rising Pune Supergiants,1,0,5,5,5.0,0,0,0,0,7,1,0,5,0,5,0,71.43,14.29,71.43,5.0
Iqbal Abdulla,2017,Royal Challengers Bengaluru,1,1,5,5,5.0,0,0,0,0,7,0,0,3,0,0,5,71.43,0.0,42.86,
VR Aaron,2017,Punjab Kings,2,1,4,4,2.0,0,0,0,0,11,0,0,7,0,0,4,36.36,0.0,63.64,4.0
Z Khan,2017,Delhi Capitals,3,2,4,2,1.33,0,0,0,0,13,0,0,9,0,2,2,30.77,0.0,69.23,4.0
AS Rajpoot,2017,Kolkata Knight Riders,1,0,4,4,4.0,0,0,0,0,7,1,0,6,0,0,4,57.14,14.29,85.71,4.0
B Kumar,2017,Sunrisers Hyderabad,2,1,4,4,2.0,0,0,0,1,4,0,0,1,0,0,4,100.0,0.0,25.0,4.0
RD Chahar,2017,Rising Pune Supergiants,1,1,3,3,3.0,0,0,0,0,2,0,0,0,0,0,3,150.0,0.0,0.0,
PJ Sangwan,2017,Gujarat Lions,3,1,2,1,0.67,0,0,0,1,4,0,0,2,0,0,2,50.0,0.0,50.0,1.0
JD Unadkat,2017,Rising Pune Supergiants,1,1,2,2,2.0,0,0,0,0,5,0,0,2,0,0,2,40.0,0.0,40.0,
Mohammad Nabi,2017,Sunrisers Hyderabad,1,0,2,2,2.0,0,0,0,0,3,0,0,2,0,0,2,66.67,0.0,66.67,2.0
KC Cariappa,2017,Punjab Kings,2,0,2,1,1.0,0,0,0,0,7,0,0,5,0,0,2,28.57,0.0,71.43,1.0
IK Pathan,2017,Gujarat Lions,1,0,2,2,2.0,0,0,0,0,3,0,0,1,0,2,0,66.67,0.0,33.33,2.0
S Nadeem,2017,Delhi Capitals,3,0,2,2,0.67,0,0,0,2,9,0,0,6,0,0,2,22.22,0.0,66.67,0.67
PP Chawla,2017,Kolkata Knight Riders,1,0,2,2,2.0,0,0,0,0,6,0,0,4,0,1,1,33.33,0.0,66.67,2.0
LH Ferguson,2017,Rising Pune Supergiants,1,1,1,1,1.0,0,0,0,0,1,0,0,0,0,0,1,100.0,0.0,0.0,
Shakib Al Hasan,2017,Kolkata Knight Riders,1,1,1,1,1.0,0,0,0,0,1,0,0,0,0,0,1,100.0,0.0,0.0,
DS Kulkarni,2017,Gujarat Lions,1,0,1,1,1.0,0,0,0,0,2,0,0,1,0,0,1,50.0,0.0,50.0,1.0
SN Thakur,2017,Rising Pune Supergiants,3,0,0,0,0.0,0,0,0,3,3,0,0,3,0,0,0,0.0,0.0,100.0,0.0
S Kaul,2017,Sunrisers Hyderabad,1,1,0,0,0.0,0,0,0,0,2,0,0,2,0,0,0,0.0,0.0,100.0,
Imran Tahir,2017,Rising Pune Supergiants,1,1,0,0,0.0,0,0,0,0,2,0,0,2,0,0,0,0.0,0.0,100.0,
MM Patel,2017,Gujarat Lions,1,0,0,0,0.0,0,0,0,1,1,0,0,1,0,0,0,0.0,0.0,100.0,0.0
CJ Jordan,2017,Sunrisers Hyderabad,1,0,0,0,0.0,0,0,0,1,1,0,0,1,0,0,0,0.0,0.0,100.0,0.0
AD Nath,2017,Gujarat Lions,1,0,0,0,0.0,0,0,0,1,1,0,0,1,0,0,0,0.0,0.0,100.0,0.0
KS Williamson,2018,Sunrisers Hyderabad,17,3,735,84,43.24,0,8,4,1,522,64,28,149,180,494,61,140.8,17.62,28.54,52.5
RR Pant,2018,Delhi Capitals,14,0,684,128,48.86,1,5,3,1,412,68,37,114,114,403,167,166.02,25.49,27.67,48.86
KL Rahul,2018,Punjab Kings,14,2,659,95,47.07,0,6,3,0,426,66,32,136,364,179,116,154.69,23.0,31.92,54.92
AT Rayudu,2018,Chennai Super Kings,16,2,602,100,37.63,1,3,5,1,410,53,34,132,234,271,97,146.83,21.22,32.2,43.0
SR Watson,2018,Chennai Super Kings,15,2,555,117,37.0,2,2,3,1,368,44,35,130,274,246,35,150.82,21.47,35.33,42.69
JC Buttler,2018,Rajasthan Royals,13,2,548,95,42.15,0,5,1,0,365,52,21,94,235,206,107,150.14,20.0,25.75,49.82
V Kohli,2018,Royal Challengers Bengaluru,14,3,530,92,37.86,0,4,5,0,385,52,18,117,247,200,83,137.66,18.18,30.39,48.18
SA Yadav,2018,Mumbai Indians,14,0,512,72,36.57,0,4,5,1,391,61,16,151,288,208,16,130.95,19.69,38.62,36.57
KD Karthik,2018,Kolkata Knight Riders,16,7,498,52,31.13,0,2,6,0,349,49,16,91,20,254,224,142.69,18.62,26.07,55.33
S Dhawan,2018,Sunrisers Hyderabad,16,2,497,92,31.06,0,4,3,2,379,59,14,119,253,218,26,131.13,19.26,31.4,35.5
CA Lynn,2018,Kolkata Knight Riders,16,2,491,74,30.69,0,3,4,1,382,56,18,157,291,190,10,128.53,19.37,41.1,35.07
AB de Villiers,2018,Royal Challengers Bengaluru,11,2,480,90,43.64,0,6,1,0,280,39,30,74,87,338,55,171.43,24.64,26.43,53.33
MS Dhoni,2018,Chennai Super Kings,15,8,455,79,30.33,0,3,3,0,321,24,30,84,7,151,297,141.74,16.82,26.17,65.0
SK Raina,2018,Chennai Super Kings,15,3,445,75,29.67,0,4,3,0,354,46,12,103,128,234,83,125.71,16.38,29.1,37.08
SV Samson,2018,Rajasthan Royals,15,1,441,92,29.4,0,3,3,1,325,30,19,95,99,250,92,135.69,15.08,29.23,31.5
SS Iyer,2018,Delhi Capitals,13,2,411,93,31.62,0,4,2,0,317,29,21,105,92,228,91,129.65,15.77,33.12,37.36
E Lewis,2018,Mumbai Indians,13,0,382,65,29.38,0,2,4,2,290,32,24,120,248,132,2,131.72,19.31,41.38,29.38
AM Rahane,2018,Rajasthan Royals,14,1,370,65,26.43,0,1,6,0,321,39,5,99,228,121,21,115.26,13.71,30.84,28.46
CH Gayle,2018,Punjab Kings,11,2,368,104,33.45,1,3,0,1,261,30,27,110,218,124,26,141.0,21.84,42.15,40.89
SP Narine,2018,Kolkata Knight Riders,16,0,357,75,22.31,0,2,2,0,198,40,23,72,282,70,5,180.3,31.82,36.36,22.31
RV Uthappa,2018,Kolkata Knight Riders,16,0,351,54,21.94,0,1,5,0,274,30,21,114,156,183,12,128.1,18.61,41.61,21.94
AD Russell,2018,Kolkata Knight Riders,14,3,316,88,22.57,0,1,4,1,179,17,31,63,0,130,186,176.54,26.82,35.2,28.73
N Rana,2018,Kolkata Knight Riders,15,1,304,59,20.27,0,1,3,0,238,26,14,85,72,166,66,127.73,16.81,35.71,21.71
KK Nair,2018,Punjab Kings,12,0,301,54,25.08,0,2,3,0,225,23,13,69,25,192,84,133.78,16.0,30.67,25.08
RG Sharma,2018,Mumbai Indians,14,2,286,94,20.43,0,2,1,3,223,25,12,78,41,133,112,128.25,16.59,34.98,23.83
MK Pandey,2018,Sunrisers Hyderabad,13,2,284,62,21.85,0,3,0,1,257,22,5,80,27,139,118,110.51,10.51,31.13,25.82
Ishan Kishan,2018,Mumbai Indians,12,0,275,62,22.92,0,2,2,3,187,22,17,72,56,211,8,147.06,20.86,38.5,22.92
YK Pathan,2018,Sunrisers Hyderabad,13,4,260,45,20.0,0,0,2,0,211,22,11,74,19,83,158,123.22,15.64,35.07,28.89
HH Pandya,2018,Mumbai Indians,13,4,260,50,20.0,0,1,2,0,205,20,11,60,0,114,146,126.83,15.12,29.27,28.89
Mandeep Singh,2018,Royal Challengers Bengaluru,13,3,252,47,19.38,0,0,3,0,193,16,11,51,6,79,167,130.57,13.99,26.42,25.2
PP Shaw,2018,Delhi Capitals,9,1,245,65,27.22,0,2,1,0,165,27,10,58,182,63,0,148.48,22.42,35.15,30.63
Shakib Al Hasan,2018,Sunrisers Hyderabad,13,4,239,35,18.38,0,0,1,0,203,26,5,72,32,150,57,117.73,15.27,35.47,26.56
KH Pandya,2018,Mumbai Indians,13,4,228,41,17.54,0,0,3,0,164,22,10,52,2,107,119,139.02,19.51,31.71,25.33
RA Tripathi,2018,Rajasthan Royals,12,3,226,80,18.83,0,1,0,0,173,18,8,54,86,98,42,130.64,15.03,31.21,25.11
V Shankar,2018,Delhi Capitals,9,5,212,54,23.56,0,1,2,0,156,11,11,36,3,84,125,135.9,14.1,23.08,53.0
Shubman Gill,2018,Kolkata Knight Riders,10,5,203,57,20.3,0,1,2,0,142,22,5,35,24,104,75,142.96,19.01,24.65,40.6
Q de Kock,2018,Royal Challengers Bengaluru,8,1,201,53,25.13,0,1,1,0,164,20,8,65,130,71,0,122.56,17.07,39.63,28.71
BA Stokes,2018,Rajasthan Royals,12,0,196,45,16.33,0,0,2,1,166,13,6,49,35,141,20,118.07,11.45,29.52,16.33
GJ Maxwell,2018,Delhi Capitals,12,2,169,47,14.08,0,0,1,0,122,14,9,46,62,67,40,138.52,18.85,37.7,16.9
F du Plessis,2018,Chennai Super Kings,6,0,162,67,27.0,0,1,1,0,130,17,6,53,87,46,29,124.62,17.69,40.77,27.0
PA Patel,2018,Royal Challengers Bengaluru,6,1,153,53,25.5,0,1,2,0,109,20,4,37,118,35,0,140.37,22.02,33.94,30.6
AD Hales,2018,Sunrisers Hyderabad,6,0,148,45,24.67,0,0,3,0,119,13,6,46,114,34,0,124.37,15.97,38.66,24.67
DJ Bravo,2018,Chennai Super Kings,10,6,141,68,14.1,0,1,0,1,93,8,10,27,0,31,110,151.61,19.35,29.03,35.25
AJ Finch,2018,Punjab Kings,9,1,134,46,14.89,0,0,2,2,102,6,8,26,22,89,23,131.37,13.73,25.49,16.75
KA Pollard,2018,Mumbai Indians,8,1,133,50,16.63,0,1,0,1,104,10,7,42,12,96,25,127.88,16.35,40.38,19.0
C de Grandhomme,2018,Royal Challengers Bengaluru,8,4,131,40,16.38,0,0,2,0,87,4,10,23,0,18,113,150.57,16.09,26.44,32.75
BB McCullum,2018,Royal Challengers Bengaluru,6,0,127,43,21.17,0,0,3,1,91,16,6,37,55,72,0,139.56,24.18,40.66,21.17
K Gowtham,2018,Rajasthan Royals,13,4,126,33,9.69,0,0,1,1,67,9,9,20,8,23,95,188.06,26.87,29.85,14.0
WP Saha,2018,Sunrisers Hyderabad,10,2,122,35,12.2,0,0,1,1,108,17,1,40,81,17,24,112.96,16.67,37.04,15.25
JJ Roy,2018,Delhi Capitals,5,1,120,91,24.0,0,1,0,0,98,9,7,37,66,27,27,122.45,16.33,37.76,30.0
MA Agarwal,2018,Punjab Kings,11,1,120,30,10.91,0,0,1,1,94,9,5,30,43,66,11,127.66,14.89,31.91,12.0
DJM Short,2018,Rajasthan Royals,7,0,115,44,16.43,0,0,2,0,102,11,5,44,50,65,0,112.75,15.69,43.14,16.43
SW Billings,2018,Chennai Super Kings,8,0,108,56,13.5,0,1,0,1,78,8,5,27,12,39,57,138.46,16.67,34.62,13.5
R Ashwin,2018,Punjab Kings,8,0,102,45,12.75,0,0,2,3,76,7,5,20,0,23,79,134.21,15.79,26.32,12.75
MP Stoinis,2018,Punjab Kings,7,3,99,29,14.14,0,0,0,0,78,6,4,23,1,27,71,126.92,12.82,29.49,24.75
BCJ Cutting,2018,Mumbai Indians,6,2,96,37,16.0,0,0,1,0,59,5,8,21,0,2,94,162.71,22.03,35.59,24.0
RA Jadeja,2018,Chennai Super Kings,8,3,89,27,11.13,0,0,0,0,80,3,4,21,0,21,68,111.25,8.75,26.25,17.8
DJ Hooda,2018,Sunrisers Hyderabad,8,4,87,32,10.88,0,0,1,0,86,2,3,23,1,29,57,101.16,5.81,26.74,21.75
G Gambhir,2018,Delhi Capitals,5,1,85,55,17.0,0,1,0,0,91,8,1,33,64,21,0,93.41,9.89,36.26,21.25
AR Patel,2018,Punjab Kings,8,1,80,19,10.0,0,0,0,0,71,3,4,16,0,57,23,112.68,9.86,22.54,11.43
MM Ali,2018,Royal Challengers Bengaluru,4,0,77,65,19.25,0,1,0,0,46,4,6,13,3,74,0,167.39,21.74,28.26,19.25
CR Brathwaite,2018,Sunrisers Hyderabad,4,0,75,43,18.75,0,0,1,0,54,1,8,18,0,4,71,138.89,16.67,33.33,18.75
DA Miller,2018,Punjab Kings,3,1,74,26,24.67,0,0,0,0,66,3,2,15,7,45,22,112.12,7.58,22.73,37.0
Yuvraj Singh,2018,Punjab Kings,6,1,65,20,10.83,0,0,0,0,74,6,2,40,14,48,3,87.84,10.81,54.05,13.0
Washington Sundar,2018,Royal Challengers Bengaluru,5,1,65,35,13.0,0,0,1,0,40,5,4,13,0,9,56,162.5,22.5,32.5,16.25
Abhishek Sharma,2018,Delhi Capitals,3,2,63,46,21.0,0,0,1,0,35,3,5,6,0,2,61,180.0,22.86,17.14,63.0
C Munro,2018,Delhi Capitals,4,0,63,33,15.75,0,0,1,1,41,7,4,19,62,1,0,153.66,26.83,46.34,15.75
HV Patel,2018,Delhi Capitals,2,2,60,36,30.0,0,0,1,0,33,1,6,6,0,25,35,181.82,21.21,18.18,
Rashid Khan,2018,Sunrisers Hyderabad,7,2,59,34,8.43,0,0,1,2,32,3,6,12,0,6,53,184.38,28.13,37.5,11.8
H Klaasen,2018,Rajasthan Royals,4,1,57,32,14.25,0,0,1,1,48,5,1,16,7,5,45,118.75,12.5,33.33,19.0
M Vohra,2018,Royal Challengers Bengaluru,4,0,55,45,13.75,0,0,1,1,50,2,4,21,43,12,0,110.0,12.0,42.0,13.75
TG Southee,2018,Royal Challengers Bengaluru,4,2,52,36,13.0,0,0,1,0,46,5,1,21,0,6,46,113.04,13.04,45.65,26.0
SP Goswami,2018,Sunrisers Hyderabad,3,0,52,35,17.33,0,0,1,0,42,6,1,11,42,10,0,123.81,16.67,26.19,17.33
SN Khan,2018,Royal Challengers Bengaluru,6,1,51,22,8.5,0,0,0,1,43,7,1,16,0,12,39,118.6,18.6,37.21,10.2
DL Chahar,2018,Chennai Super Kings,4,1,50,39,12.5,0,0,1,1,30,1,4,6,0,41,9,166.67,16.67,20.0,16.67
R Tewatia,2018,Delhi Capitals,5,2,50,24,10.0,0,0,0,0,47,5,1,13,0,15,35,106.38,12.77,27.66,16.67
S Gopal,2018,Rajasthan Royals,4,2,50,24,12.5,0,0,0,1,47,5,0,14,0,1,49,106.38,10.64,29.79,25.0
JD Unadkat,2018,Rajasthan Royals,5,0,49,26,9.8,0,0,0,1,38,6,1,12,0,13,36,128.95,18.42,31.58,9.8
MK Tiwary,2018,Punjab Kings,4,1,47,35,11.75,0,0,1,0,45,4,1,17,8,35,4,104.44,11.11,37.78,15.67
CH Morris,2018,Delhi Capitals,3,2,46,27,15.33,0,0,0,0,26,3,2,3,17,2,27,176.92,19.23,11.54,46.0
STR Binny,2018,Rajasthan Royals,5,1,44,22,8.8,0,0,0,1,39,2,2,16,0,20,24,112.82,10.26,41.03,11.0
JP Duminy,2018,Mumbai Indians,2,1,36,23,18.0,0,0,0,0,46,3,1,19,13,10,13,78.26,8.7,41.3,36.0
AJ Tye,2018,Punjab Kings,8,2,32,14,4.0,0,0,0,2,40,2,1,18,0,0,32,80.0,7.5,45.0,5.33
RK Singh,2018,Kolkata Knight Riders,4,0,29,16,7.25,0,0,0,0,34,4,0,15,0,25,4,85.29,11.76,44.12,7.25
Harbhajan Singh,2018,Chennai Super Kings,3,1,29,19,9.67,0,0,0,0,38,3,1,19,5,22,2,76.32,10.53,50.0,14.5
PP Chawla,2018,Kolkata Knight Riders,5,1,27,12,5.4,0,0,0,1,36,1,1,16,0,11,16,75.0,5.56,44.44,6.75
DT Christian,2018,Delhi Capitals,3,2,26,13,8.67,0,0,0,0,33,0,1,11,0,6,20,78.79,3.03,33.33,26.0
Mohammed Siraj,2018,Royal Challengers Bengaluru,3,1,25,14,8.33,0,0,0,0,23,2,1,7,0,0,25,108.7,13.04,30.43,12.5
KM Jadhav,2018,Chennai Super Kings,1,1,24,24,24.0,0,0,0,0,23,1,2,9,0,14,10,104.35,13.04,39.13,
TK Curran,2018,Kolkata Knight Riders,4,1,23,18,5.75,0,0,0,0,28,3,0,13,0,12,11,82.14,10.71,46.43,7.67
M Markande,2018,Mumbai Indians,6,4,21,7,3.5,0,0,0,0,25,2,0,9,0,0,21,84.0,8.0,36.0,10.5
MK Lomror,2018,Rajasthan Royals,2,1,20,11,10.0,0,0,0,0,21,1,0,8,0,3,17,95.24,4.76,38.1,20.0
Mohammad Nabi,2018,Sunrisers Hyderabad,2,0,18,14,9.0,0,0,0,0,12,3,0,3,0,14,4,150.0,25.0,25.0,9.0
CJ Anderson,2018,Royal Challengers Bengaluru,3,0,17,15,5.67,0,0,0,1,22,0,1,10,0,10,7,77.27,4.55,45.45,5.67
CR Woakes,2018,Royal Challengers Bengaluru,4,2,17,11,4.25,0,0,0,0,19,1,1,10,0,3,14,89.47,10.53,52.63,8.5
MG Johnson,2018,Kolkata Knight Riders,2,2,16,12,8.0,0,0,0,0,11,2,0,2,0,0,16,145.45,18.18,18.18,
JC Archer,2018,Rajasthan Royals,6,1,15,8,2.5,0,0,0,3,21,2,0,13,0,0,15,71.43,9.52,61.9,3.0
SN Thakur,2018,Chennai Super Kings,1,1,15,15,15.0,0,0,0,0,5,3,0,0,0,0,15,300.0,60.0,0.0,
B Kumar,2018,Sunrisers Hyderabad,4,2,13,7,3.25,0,0,0,1,18,1,0,6,0,0,13,72.22,5.56,33.33,6.5
Shivam Mavi,2018,Kolkata Knight Riders,3,0,13,7,4.33,0,0,0,1,15,1,0,7,0,0,13,86.67,6.67,46.67,4.33
Kuldeep Yadav,2018,Kolkata Knight Riders,3,2,12,7,4.0,0,0,0,0,25,1,0,16,0,0,12,48.0,4.0,64.0,12.0
M Vijay,2018,Chennai Super Kings,1,0,12,12,12.0,0,0,0,0,11,0,1,3,12,0,0,109.09,9.09,27.27,12.0
AS Rajpoot,2018,Punjab Kings,3,1,11,8,3.67,0,0,0,0,18,1,0,9,0,1,10,61.11,5.56,50.0,5.5
MJ McClenaghan,2018,Mumbai Indians,4,2,11,11,2.75,0,0,0,2,12,1,1,6,0,0,11,91.67,16.67,50.0,5.5
MM Sharma,2018,Punjab Kings,4,3,10,4,2.5,0,0,0,0,14,1,0,5,0,3,7,71.43,7.14,35.71,10.0
Mujeeb Ur Rahman,2018,Punjab Kings,2,1,10,10,5.0,0,0,0,1,7,2,0,2,0,0,10,142.86,28.57,28.57,10.0
JJ Bumrah,2018,Mumbai Indians,3,2,10,6,3.33,0,0,0,1,11,1,0,3,0,0,10,90.91,9.09,27.27,10.0
AD Nath,2018,Punjab Kings,1,0,9,9,9.0,0,0,0,0,13,1,0,8,1,8,0,69.23,7.69,61.54,9.0
JPR Scantlebury-Searles,2018,Kolkata Knight Riders,2,1,8,6,4.0,0,0,0,0,6,0,1,3,0,0,8,133.33,16.67,50.0,8.0
DR Shorey,2018,Chennai Super Kings,1,0,8,8,8.0,0,0,0,0,9,0,1,6,0,8,0,88.89,11.11,66.67,8.0
P Chopra,2018,Rajasthan Royals,1,0,8,8,8.0,0,0,0,0,6,2,0,4,0,8,0,133.33,33.33,66.67,8.0
Mohammed Shami,2018,Delhi Capitals,1,0,7,7,7.0,0,0,0,0,6,1,0,2,0,7,0,116.67,16.67,33.33,7.0
R Vinay Kumar,2018,Kolkata Knight Riders,1,1,6,6,6.0,0,0,0,0,4,1,0,0,0,0,6,150.0,25.0,0.0,
S Nadeem,2018,Delhi Capitals,1,1,6,6,6.0,0,0,0,0,8,0,0,2,0,6,0,75.0,0.0,25.0,
DS Kulkarni,2018,Rajasthan Royals,2,2,6,3,3.0,0,0,0,0,7,0,0,1,0,0,6,85.71,0.0,14.29,
B Stanlake,2018,Sunrisers Hyderabad,1,1,5,5,5.0,0,0,0,0,2,1,0,0,0,0,5,250.0,50.0,0.0,
A Dananjaya,2018,Mumbai Indians,1,1,4,4,4.0,0,0,0,0,5,0,0,2,0,0,4,80.0,0.0,40.0,
Anureet Singh,2018,Rajasthan Royals,1,1,3,3,3.0,0,0,0,0,4,0,0,0,0,0,3,75.0,0.0,0.0,
S Kaul,2018,Sunrisers Hyderabad,3,1,3,2,1.0,0,0,0,1,14,0,0,12,0,0,3,21.43,0.0,85.71,1.5
BB Sran,2018,Punjab Kings,3,2,3,2,1.0,0,0,0,0,7,0,0,3,0,0,3,42.86,0.0,42.86,3.0
Basil Thampi,2018,Sunrisers Hyderabad,1,0,3,3,3.0,0,0,0,0,6,0,0,3,0,3,0,50.0,0.0,50.0,3.0
P Negi,2018,Royal Challengers Bengaluru,2,0,3,3,1.5,0,0,0,1,5,0,0,2,0,3,0,60.0,0.0,40.0,1.5
UT Yadav,2018,Royal Challengers Bengaluru,5,1,3,1,0.6,0,0,0,2,12,0,0,7,0,1,2,25.0,0.0,58.33,0.75
Imran Tahir,2018,Chennai Super Kings,1,1,2,2,2.0,0,0,0,0,2,0,0,0,0,0,2,100.0,0.0,0.0,
IS Sodhi,2018,Rajasthan Royals,1,0,1,1,1.0,0,0,0,0,6,0,0,5,0,0,1,16.67,0.0,83.33,1.0
MA Wood,2018,Chennai Super Kings,1,0,1,1,1.0,0,0,0,0,5,0,0,2,0,0,1,20.0,0.0,40.0,1.0
LE Plunkett,2018,Delhi Capitals,2,1,1,1,0.5,0,0,0,1,3,0,0,2,0,0,1,33.33,0.0,66.67,1.0
Mustafizur Rahman,2018,Mumbai Indians,1,0,1,1,1.0,0,0,0,0,3,0,0,2,0,0,1,33.33,0.0,66.67,1.0
A Mishra,2018,Delhi Capitals,1,1,1,1,1.0,0,0,0,0,2,0,0,1,0,0,1,50.0,0.0,50.0,
M Ashwin,2018,Royal Challengers Bengaluru,1,0,1,1,1.0,0,0,0,0,2,0,0,1,0,1,0,50.0,0.0,50.0,1.0
B Laughlin,2018,Rajasthan Royals,2,1,1,1,0.5,0,0,0,1,4,0,0,3,0,0,1,25.0,0.0,75.0,1.0
NV Ojha,2018,Delhi Capitals,1,0,1,1,1.0,0,0,0,0,4,0,0,2,0,0,1,25.0,0.0,50.0,1.0
M Prasidh Krishna,2018,Kolkata Knight Riders,1,1,1,1,1.0,0,0,0,0,5,0,0,4,0,0,1,20.0,0.0,80.0,
RK Bhui,2018,Sunrisers Hyderabad,1,0,0,0,0.0,0,0,0,1,5,0,0,5,0,0,0,0.0,0.0,100.0,0.0
Sandeep Sharma,2018,Sunrisers Hyderabad,3,1,0,0,0.0,0,0,0,2,4,0,0,4,0,0,0,0.0,0.0,100.0,0.0
YS Chahal,2018,Royal Challengers Bengaluru,1,1,0,0,0.0,0,0,0,0,4,0,0,3,0,0,0,0.0,0.0,75.0,
TA Boult,2018,Delhi Capitals,1,0,0,0,0.0,0,0,0,1,2,0,0,2,0,0,0,0.0,0.0,100.0,0.0
PJ Sangwan,2018,Mumbai Indians,1,0,0,0,0.0,0,0,0,1,5,0,0,4,0,0,0,0.0,0.0,80.0,0.0
DA Warner,2019,Sunrisers Hyderabad,12,0,692,100,57.67,1,8,1,0,496,57,21,130,331,282,79,139.52,15.73,26.21,57.67
KL Rahul,2019,Punjab Kings,14,3,593,100,42.36,1,6,1,0,447,49,25,150,232,233,128,132.66,16.55,33.56,53.91
Q de Kock,2019,Mumbai Indians,16,2,529,81,33.06,0,4,3,1,404,45,25,143,319,165,45,130.94,17.33,35.4,37.79
S Dhawan,2019,Delhi Capitals,16,1,521,97,32.56,0,5,3,1,391,64,11,126,338,165,18,133.25,19.18,32.23,34.73
AD Russell,2019,Kolkata Knight Riders,13,4,510,80,39.23,0,4,4,1,271,31,52,92,0,159,351,188.19,30.63,33.95,56.67
CH Gayle,2019,Punjab Kings,13,1,490,99,37.69,0,4,2,0,338,45,34,135,262,181,47,144.97,23.37,39.94,40.83
RR Pant,2019,Delhi Capitals,16,3,488,78,30.5,0,3,4,0,307,37,27,80,5,268,215,158.96,20.85,26.06,37.54
V Kohli,2019,Royal Challengers Bengaluru,14,0,464,100,33.14,1,2,2,0,332,46,13,89,239,148,77,139.76,17.77,26.81,33.14
SS Iyer,2019,Delhi Capitals,16,1,463,67,28.94,0,3,4,0,397,41,14,130,163,269,31,116.62,13.85,32.75,30.87
JM Bairstow,2019,Sunrisers Hyderabad,10,2,445,114,44.5,1,2,4,1,292,48,18,89,194,226,25,152.4,22.6,30.48,55.63
AB de Villiers,2019,Royal Challengers Bengaluru,13,3,442,82,34.0,0,5,0,0,294,31,26,87,83,213,146,150.34,19.39,29.59,44.2
SA Yadav,2019,Mumbai Indians,15,2,424,71,28.27,0,2,3,0,327,45,10,101,103,279,42,129.66,16.82,30.89,32.62
MS Dhoni,2019,Chennai Super Kings,12,7,416,84,34.67,0,3,4,0,317,22,23,101,5,143,268,131.23,14.2,31.86,83.2
RG Sharma,2019,Mumbai Indians,15,1,405,67,27.0,0,2,4,0,319,52,10,127,271,114,20,126.96,19.44,39.81,28.93
CA Lynn,2019,Kolkata Knight Riders,13,0,405,82,31.15,0,4,3,2,296,41,22,122,262,137,6,136.82,21.28,41.22,31.15
HH Pandya,2019,Mumbai Indians,15,6,402,91,26.8,0,1,4,1,223,28,29,55,0,105,297,180.27,25.56,24.66,44.67
SR Watson,2019,Chennai Super Kings,17,0,398,96,23.41,0,3,2,3,321,42,20,147,189,151,58,123.99,19.31,45.79,23.41
F du Plessis,2019,Chennai Super Kings,12,1,396,96,33.0,0,3,3,0,326,36,15,122,199,149,48,121.47,15.64,37.42,36.0
AM Rahane,2019,Rajasthan Royals,13,0,393,105,30.23,1,1,3,1,289,45,9,98,234,125,34,135.99,18.69,33.91,30.23
SK Raina,2019,Chennai Super Kings,17,1,383,59,22.53,0,3,3,1,321,45,9,115,134,234,15,119.31,16.82,35.83,23.94
PA Patel,2019,Royal Challengers Bengaluru,14,0,373,67,26.64,0,2,3,1,273,48,10,90,265,86,22,136.63,21.25,32.97,26.64
PP Shaw,2019,Delhi Capitals,16,1,353,99,22.06,0,2,1,1,270,45,9,101,221,102,30,130.74,20.0,37.41,23.53
N Rana,2019,Kolkata Knight Riders,11,1,344,85,31.27,0,3,1,1,240,27,21,91,56,225,63,143.33,20.0,37.92,34.4
MK Pandey,2019,Sunrisers Hyderabad,11,3,344,83,31.27,0,3,2,0,267,34,6,72,73,203,68,128.84,14.98,26.97,43.0
SV Samson,2019,Rajasthan Royals,11,2,342,102,31.09,1,0,4,0,238,28,13,61,107,152,83,143.7,17.23,25.63,38.0
MA Agarwal,2019,Punjab Kings,13,2,332,58,25.54,0,2,3,1,241,26,14,70,86,231,15,137.76,16.6,29.05,30.18
SPD Smith,2019,Rajasthan Royals,10,1,319,73,31.9,0,3,1,0,283,30,4,86,48,195,76,112.72,12.01,30.39,35.44
JC Buttler,2019,Rajasthan Royals,8,1,311,89,38.88,0,3,1,0,213,38,14,86,167,144,0,146.01,24.41,40.38,44.43
Shubman Gill,2019,Kolkata Knight Riders,13,4,296,76,22.77,0,3,0,0,242,21,10,74,100,149,47,122.31,12.81,30.58,32.89
RV Uthappa,2019,Kolkata Knight Riders,11,2,282,67,25.64,0,1,3,1,254,28,10,103,86,162,34,111.02,14.96,40.55,31.33
AT Rayudu,2019,Chennai Super Kings,17,5,282,57,16.59,0,1,1,2,307,20,7,122,37,166,79,91.86,8.79,39.74,23.5
KA Pollard,2019,Mumbai Indians,12,3,279,83,23.25,0,1,2,0,185,14,22,59,1,105,173,150.81,19.46,31.89,31.0
KD Karthik,2019,Kolkata Knight Riders,12,3,253,97,21.08,0,2,0,0,179,22,14,59,9,116,128,141.34,20.11,32.96,28.11
V Shankar,2019,Sunrisers Hyderabad,14,3,244,40,17.43,0,0,2,0,196,11,12,59,14,144,86,124.49,11.73,30.1,22.18
MM Ali,2019,Royal Challengers Bengaluru,10,4,220,66,22.0,0,2,1,0,137,16,17,44,24,106,90,160.58,24.09,32.12,36.67
DA Miller,2019,Punjab Kings,10,2,213,59,21.3,0,1,2,0,174,19,7,52,4,143,66,122.41,14.94,29.89,26.63
MP Stoinis,2019,Royal Challengers Bengaluru,10,6,211,46,21.1,0,0,3,2,159,14,10,51,0,66,145,132.7,15.09,32.08,52.75
CA Ingram,2019,Delhi Capitals,12,2,184,47,15.33,0,0,2,0,157,20,5,63,7,114,63,117.2,15.92,40.13,18.4
KH Pandya,2019,Mumbai Indians,14,3,183,42,13.07,0,0,3,1,158,18,5,57,0,99,84,115.82,14.56,36.08,16.64
SN Khan,2019,Punjab Kings,5,1,180,67,36.0,0,1,2,0,145,19,4,46,36,108,36,124.14,15.86,31.72,45.0
N Pooran,2019,Punjab Kings,6,0,168,48,28.0,0,0,3,0,110,10,14,43,16,112,40,152.73,21.82,39.09,28.0
Mandeep Singh,2019,Punjab Kings,12,8,165,33,13.75,0,0,2,1,122,10,4,20,0,55,110,135.25,11.48,16.39,41.25
KM Jadhav,2019,Chennai Super Kings,12,3,162,58,13.5,0,1,0,1,172,19,3,80,31,97,34,94.19,12.79,46.51,18.0
R Parag,2019,Rajasthan Royals,5,1,160,50,32.0,0,1,2,0,133,17,5,47,0,90,70,120.3,16.54,35.34,40.0
KS Williamson,2019,Sunrisers Hyderabad,9,2,156,70,17.33,0,1,0,0,134,12,5,45,17,83,56,116.42,12.69,33.58,22.29
SP Narine,2019,Kolkata Knight Riders,8,1,143,47,17.88,0,0,1,0,90,17,9,41,119,24,0,158.89,28.89,45.56,20.43
RA Tripathi,2019,Rajasthan Royals,7,1,141,50,20.14,0,1,2,0,122,13,2,37,38,73,30,115.57,12.3,30.33,23.5
BA Stokes,2019,Rajasthan Royals,9,3,123,46,13.67,0,0,1,1,100,8,4,29,0,55,68,123.0,12.0,29.0,20.5
Mohammad Nabi,2019,Sunrisers Hyderabad,7,2,115,31,16.43,0,0,1,0,79,8,7,26,0,24,91,145.57,18.99,32.91,23.0
AR Patel,2019,Delhi Capitals,12,6,110,26,9.17,0,0,0,1,90,10,3,28,0,27,83,122.22,14.44,31.11,18.33
RA Jadeja,2019,Chennai Super Kings,9,7,106,31,11.78,0,0,1,0,94,7,4,31,0,9,97,112.77,11.7,32.98,53.0
Ishan Kishan,2019,Mumbai Indians,6,1,101,28,16.83,0,0,0,0,104,8,4,45,13,83,5,97.12,11.54,43.27,20.2
Gurkeerat Singh,2019,Royal Challengers Bengaluru,3,0,98,65,32.67,0,1,0,0,73,11,2,16,13,43,42,134.25,17.81,21.92,32.67
Yuvraj Singh,2019,Mumbai Indians,4,0,98,53,24.5,0,1,0,0,83,7,6,29,0,78,20,118.07,15.66,34.94,24.5
SM Curran,2019,Punjab Kings,8,4,95,55,11.88,0,1,0,1,55,13,3,21,20,4,71,172.73,29.09,38.18,23.75
SO Hetmyer,2019,Royal Challengers Bengaluru,5,0,90,75,18.0,0,1,0,1,76,4,7,31,30,48,12,118.42,14.47,40.79,18.0
WP Saha,2019,Sunrisers Hyderabad,5,0,86,28,17.2,0,0,0,0,55,13,1,13,81,0,5,156.36,25.45,23.64,17.2
C Munro,2019,Delhi Capitals,4,0,84,40,21.0,0,0,1,0,72,9,4,33,45,39,0,116.67,18.06,45.83,21.0
MJ Guptill,2019,Sunrisers Hyderabad,3,0,81,36,27.0,0,0,2,0,53,4,7,24,79,2,0,152.83,20.75,45.28,27.0
DJ Bravo,2019,Chennai Super Kings,8,3,80,27,10.0,0,0,0,0,68,6,3,23,0,32,48,117.65,13.24,33.82,16.0
SE Rutherford,2019,Delhi Capitals,7,2,73,28,10.43,0,0,0,0,55,2,7,23,0,10,63,132.73,16.36,41.82,14.6
STR Binny,2019,Rajasthan Royals,5,2,70,33,14.0,0,0,1,1,42,5,4,14,0,11,59,166.67,21.43,33.33,23.33
LS Livingstone,2019,Rajasthan Royals,4,1,70,44,17.5,0,0,1,0,48,6,5,21,57,12,1,145.83,22.92,43.75,23.33
JC Archer,2019,Rajasthan Royals,5,3,67,27,13.4,0,0,0,0,41,4,4,8,0,0,67,163.41,19.51,19.51,33.5
DJ Hooda,2019,Sunrisers Hyderabad,7,1,64,20,9.14,0,0,0,1,68,5,1,25,0,30,34,94.12,8.82,36.76,10.67
M Vijay,2019,Chennai Super Kings,2,0,64,38,32.0,0,0,1,0,61,6,1,26,38,26,0,104.92,11.48,42.62,32.0
S Gopal,2019,Rajasthan Royals,7,3,63,19,9.0,0,0,0,2,46,8,1,15,0,30,33,136.96,19.57,32.61,15.75
AD Nath,2019,Royal Challengers Bengaluru,5,0,61,24,12.2,0,0,0,0,58,5,2,22,10,35,16,105.17,12.07,37.93,12.2
E Lewis,2019,Mumbai Indians,3,0,48,32,16.0,0,0,1,0,53,4,2,27,27,21,0,90.57,11.32,50.94,16.0
C de Grandhomme,2019,Royal Challengers Bengaluru,4,1,46,37,11.5,0,0,1,0,50,4,2,26,0,35,11,92.0,12.0,52.0,15.33
PP Chawla,2019,Kolkata Knight Riders,5,1,42,14,8.4,0,0,0,0,38,4,2,19,0,8,34,110.53,15.79,50.0,10.5
R Ashwin,2019,Punjab Kings,6,1,42,17,7.0,0,0,0,2,28,3,3,9,0,6,36,150.0,21.43,32.14,8.4
YK Pathan,2019,Sunrisers Hyderabad,7,4,40,16,5.71,0,0,0,1,47,1,1,17,0,2,38,85.11,4.26,36.17,13.33
S Dube,2019,Royal Challengers Bengaluru,4,1,40,24,10.0,0,0,0,0,33,1,3,12,0,31,9,121.21,12.12,36.36,13.33
RK Singh,2019,Kolkata Knight Riders,3,1,37,30,12.33,0,0,1,0,34,1,2,12,0,22,15,108.82,8.82,35.29,18.5
Rashid Khan,2019,Sunrisers Hyderabad,7,2,34,17,4.86,0,0,0,3,26,2,2,8,0,0,34,130.77,15.38,30.77,6.8
MJ Santner,2019,Chennai Super Kings,2,1,32,22,16.0,0,0,0,0,25,0,3,8,0,6,26,128.0,12.0,32.0,32.0
CH Morris,2019,Delhi Capitals,6,0,32,17,5.33,0,0,0,3,38,1,2,19,0,6,26,84.21,7.89,50.0,5.33
R Tewatia,2019,Delhi Capitals,4,3,26,11,6.5,0,0,0,0,22,2,1,7,0,5,21,118.18,13.64,31.82,26.0
UT Yadav,2019,Royal Challengers Bengaluru,5,4,25,14,5.0,0,0,0,0,26,3,1,14,0,0,25,96.15,15.38,53.85,25.0
A Mishra,2019,Delhi Capitals,4,2,21,8,5.25,0,0,0,0,26,2,0,10,0,2,19,80.77,7.69,38.46,10.5
Harpreet Brar,2019,Punjab Kings,1,1,20,20,20.0,0,0,0,0,14,2,1,3,0,0,20,142.86,21.43,21.43,
P Ray Barman,2019,Royal Challengers Bengaluru,1,0,19,19,19.0,0,0,0,0,25,2,0,11,0,19,0,76.0,8.0,44.0,19.0
K Gowtham,2019,Rajasthan Royals,4,1,18,9,4.5,0,0,0,0,19,1,1,9,0,7,11,94.74,10.53,47.37,6.0
BCJ Cutting,2019,Mumbai Indians,3,1,18,13,6.0,0,0,0,0,17,1,1,8,0,2,16,105.88,11.76,47.06,9.0
KMA Paul,2019,Delhi Capitals,5,1,18,7,3.6,0,0,0,1,26,1,1,13,0,0,18,69.23,7.69,50.0,4.5
P Simran Singh,2019,Punjab Kings,1,0,16,16,16.0,0,0,0,0,18,1,1,10,0,1,15,88.89,11.11,55.56,16.0
SD Lad,2019,Mumbai Indians,1,0,15,15,15.0,0,0,0,0,13,1,1,8,15,0,0,115.38,15.38,61.54,15.0
AS Joseph,2019,Mumbai Indians,1,1,15,15,15.0,0,0,0,0,13,2,0,6,0,0,15,115.38,15.38,46.15,
SN Thakur,2019,Chennai Super Kings,2,1,14,12,7.0,0,0,0,0,7,1,1,2,0,0,14,200.0,28.57,28.57,14.0
K Rabada,2019,Delhi Capitals,4,1,14,9,3.5,0,0,0,1,15,0,1,6,0,0,14,93.33,6.67,40.0,4.67
RD Chahar,2019,Mumbai Indians,4,2,12,10,3.0,0,0,0,1,11,2,0,6,0,0,12,109.09,18.18,54.55,6.0
B Kumar,2019,Sunrisers Hyderabad,4,1,12,7,3.0,0,0,0,0,19,1,0,8,0,0,12,63.16,5.26,42.11,4.0
Kuldeep Yadav,2019,Kolkata Knight Riders,3,2,12,10,4.0,0,0,0,1,8,1,0,2,0,0,12,150.0,12.5,25.0,12.0
MJ McClenaghan,2019,Mumbai Indians,4,2,11,10,2.75,0,0,0,0,16,2,0,10,0,0,11,68.75,12.5,62.5,5.5
CR Brathwaite,2019,Kolkata Knight Riders,2,0,11,6,5.5,0,0,0,0,10,1,0,2,0,0,11,110.0,10.0,20.0,5.5
I Sharma,2019,Delhi Capitals,1,1,10,10,10.0,0,0,0,0,3,1,1,1,0,0,10,333.33,66.67,33.33,
P Negi,2019,Royal Challengers Bengaluru,4,0,9,5,2.25,0,0,0,2,12,1,0,6,4,0,5,75.0,8.33,50.0,2.25
KC Cariappa,2019,Kolkata Knight Riders,1,1,9,9,9.0,0,0,0,0,3,0,1,0,0,0,9,300.0,33.33,0.0,
Shakib Al Hasan,2019,Sunrisers Hyderabad,1,0,9,9,9.0,0,0,0,0,11,0,0,2,0,0,9,81.82,0.0,18.18,9.0
H Klaasen,2019,Royal Challengers Bengaluru,2,0,9,6,4.5,0,0,0,0,10,0,0,2,6,3,0,90.0,0.0,20.0,4.5
TG Southee,2019,Royal Challengers Bengaluru,1,1,9,9,9.0,0,0,0,0,9,0,0,2,0,0,9,100.0,0.0,22.22,
Abhishek Sharma,2019,Sunrisers Hyderabad,3,1,9,5,3.0,0,0,0,0,10,1,0,2,0,2,7,90.0,10.0,20.0,4.5
MK Lomror,2019,Rajasthan Royals,1,0,8,8,8.0,0,0,0,0,3,2,0,1,8,0,0,266.67,66.67,33.33,8.0
TA Boult,2019,Delhi Capitals,2,1,7,6,3.5,0,0,0,0,4,0,1,2,0,0,7,175.0,25.0,50.0,7.0
NS Naik,2019,Kolkata Knight Riders,1,0,7,7,7.0,0,0,0,0,17,1,0,12,7,0,0,41.18,5.88,70.59,7.0
RK Bhui,2019,Sunrisers Hyderabad,1,0,7,7,7.0,0,0,0,0,13,0,0,7,0,7,0,53.85,0.0,53.85,7.0
DL Chahar,2019,Chennai Super Kings,2,0,7,7,3.5,0,0,0,1,10,1,0,5,0,0,7,70.0,10.0,50.0,3.5
J Suchith,2019,Delhi Capitals,1,0,6,6,6.0,0,0,0,0,15,0,0,9,0,6,0,40.0,0.0,60.0,6.0
Sandeep Sharma,2019,Sunrisers Hyderabad,2,2,6,5,3.0,0,0,0,0,4,1,0,0,0,0,6,150.0,25.0,0.0,
M Markande,2019,Mumbai Indians,1,0,6,6,6.0,0,0,0,0,5,1,0,2,0,0,6,120.0,20.0,40.0,6.0
YS Chahal,2019,Royal Challengers Bengaluru,3,1,6,4,2.0,0,0,0,0,16,0,0,12,0,4,2,37.5,0.0,75.0,3.0
IS Sodhi,2019,Rajasthan Royals,1,0,6,6,6.0,0,0,0,0,12,0,0,5,0,2,4,50.0,0.0,41.67,6.0
DR Shorey,2019,Chennai Super Kings,1,0,5,5,5.0,0,0,0,0,11,0,0,3,0,5,0,45.45,0.0,27.27,5.0
KK Nair,2019,Punjab Kings,1,0,5,5,5.0,0,0,0,0,6,0,0,2,0,0,5,83.33,0.0,33.33,5.0
DS Kulkarni,2019,Rajasthan Royals,1,1,5,5,5.0,0,0,0,0,3,1,0,1,0,0,5,166.67,33.33,33.33,
Rasikh Salam,2019,Mumbai Indians,1,1,5,5,5.0,0,0,0,0,4,0,0,1,0,0,5,125.0,0.0,25.0,
Avesh Khan,2019,Delhi Capitals,1,1,4,4,4.0,0,0,0,0,3,1,0,2,0,0,4,133.33,33.33,66.67,
GH Vihari,2019,Delhi Capitals,2,0,4,2,2.0,0,0,0,0,8,0,0,4,0,0,4,50.0,0.0,50.0,2.0
Mohammed Siraj,2019,Royal Challengers Bengaluru,3,1,4,3,1.33,0,0,0,0,15,0,0,8,0,0,4,26.67,0.0,53.33,2.0
AJ Turner,2019,Rajasthan Royals,4,1,3,3,0.75,0,0,0,3,11,0,0,7,0,0,3,27.27,0.0,63.64,1.0
VR Aaron,2019,Rajasthan Royals,1,1,3,3,3.0,0,0,0,0,7,0,0,4,0,0,3,42.86,0.0,57.14,
GC Viljoen,2019,Punjab Kings,3,1,3,2,1.0,0,0,0,1,7,0,0,3,0,0,3,42.86,0.0,42.86,1.5
BB Sran,2019,Mumbai Indians,1,1,3,3,3.0,0,0,0,0,3,0,0,1,0,0,3,100.0,0.0,33.33,
M Ashwin,2019,Punjab Kings,3,2,3,1,1.0,0,0,0,0,5,0,0,2,0,0,3,60.0,0.0,40.0,3.0
Navdeep Saini,2019,Royal Challengers Bengaluru,2,1,2,2,1.0,0,0,0,0,4,0,0,1,0,2,0,50.0,0.0,25.0,2.0
Washington Sundar,2019,Royal Challengers Bengaluru,2,0,1,1,0.5,0,0,0,1,4,0,0,2,0,0,1,25.0,0.0,50.0,0.5
Basil Thampi,2019,Sunrisers Hyderabad,1,1,1,1,1.0,0,0,0,0,1,0,0,0,0,0,1,100.0,0.0,0.0,
Mohammed Shami,2019,Punjab Kings,2,1,1,1,0.5,0,0,0,1,2,0,0,1,0,0,1,50.0,0.0,50.0,1.0
JD Unadkat,2019,Rajasthan Royals,2,1,1,1,0.5,0,0,0,0,3,0,0,2,0,0,1,33.33,0.0,66.67,1.0
HF Gurney,2019,Kolkata Knight Riders,1,1,1,1,1.0,0,0,0,0,5,0,0,4,0,0,1,20.0,0.0,80.0,
Harbhajan Singh,2019,Chennai Super Kings,1,0,1,1,1.0,0,0,0,0,3,0,0,2,0,0,1,33.33,0.0,66.67,1.0
Y Prithvi Raj,2019,Kolkata Knight Riders,1,1,0,0,0.0,0,0,0,0,1,0,0,1,0,0,0,0.0,0.0,100.0,
MM Sharma,2019,Chennai Super Kings,1,1,0,0,0.0,0,0,0,0,2,0,0,2,0,0,0,0.0,0.0,100.0,
S Lamichhane,2019,Delhi Capitals,1,0,0,0,0.0,0,0,0,1,1,0,0,1,0,0,0,0.0,0.0,100.0,0.0
M Prasidh Krishna,2019,Kolkata Knight Riders,1,0,0,0,0.0,0,0,0,1,2,0,0,2,0,0,0,0.0,0.0,100.0,0.0
JJ Bumrah,2019,Mumbai Indians,1,1,0,0,0.0,0,0,0,0,1,0,0,0,0,0,0,0.0,0.0,0.0,
HV Patel,2019,Delhi Capitals,1,0,0,0,0.0,0,0,0,1,3,0,0,2,0,0,0,0.0,0.0,66.67,0.0
AJ Tye,2019,Punjab Kings,1,1,0,0,0.0,0,0,0,0,2,0,0,1,0,0,0,0.0,0.0,50.0,
KK Ahmed,2019,Sunrisers Hyderabad,1,0,0,0,0.0,0,0,0,1,1,0,0,1,0,0,0,0.0,0.0,100.0,0.0
Mujeeb Ur Rahman,2019,Punjab Kings,2,1,0,0,0.0,0,0,0,1,4,0,0,3,0,0,0,0.0,0.0,75.0,0.0
SW Billings,2019,Chennai Super Kings,1,0,0,0,0.0,0,0,0,1,5,0,0,4,0,0,0,0.0,0.0,80.0,0.0
JL Denly,2019,Kolkata Knight Riders,1,0,0,0,0.0,0,0,0,1,1,0,0,1,0,0,0,0.0,0.0,100.0,0.0
S Kaul,2019,Sunrisers Hyderabad,1,0,0,0,0.0,0,0,0,1,1,0,0,1,0,0,0,0.0,0.0,100.0,0.0
KL Rahul,2021,Punjab Kings,27,5,1296,132,48.0,1,11,3,0,990,106,53,309,563,535,198,130.91,16.06,31.21,58.91
S Dhawan,2021,Delhi Capitals,33,4,1205,106,36.52,2,7,9,4,911,130,29,281,532,566,107,132.27,17.45,30.85,41.55
F du Plessis,2021,Chennai Super Kings,29,5,1082,95,37.31,0,10,7,3,800,103,37,242,486,408,188,135.25,17.5,30.25,45.08
Shubman Gill,2021,Kolkata Knight Riders,31,2,918,70,29.61,0,6,9,1,797,94,21,294,543,336,39,115.18,14.43,36.89,31.66
D Padikkal,2021,Royal Challengers Bengaluru,29,2,884,101,30.48,1,6,6,2,740,95,22,258,531,314,39,119.46,15.81,34.86,32.74
V Kohli,2021,Royal Challengers Bengaluru,30,5,871,90,29.03,0,6,8,0,747,66,20,217,322,433,116,116.6,11.51,29.05,34.84
MA Agarwal,2021,Punjab Kings,23,1,865,106,37.61,1,6,3,1,607,86,33,183,403,350,112,142.5,19.6,30.15,39.32
SV Samson,2021,Rajasthan Royals,28,4,859,119,30.68,1,5,5,2,614,66,43,177,179,519,161,139.9,17.75,28.83,35.79
RD Gaikwad,2021,Chennai Super Kings,22,5,839,101,38.14,1,7,5,2,647,80,29,219,336,362,141,129.68,16.85,33.85,49.35
Q de Kock,2021,Mumbai Indians,27,3,800,78,29.63,0,6,5,1,626,75,29,223,482,304,14,127.8,16.61,35.62,33.33
SA Yadav,2021,Mumbai Indians,29,6,797,82,27.48,0,6,6,3,566,101,21,183,229,447,121,140.81,21.55,32.33,34.65
AB de Villiers,2021,Royal Challengers Bengaluru,28,8,767,76,27.39,0,7,3,2,507,56,39,141,43,260,464,151.28,18.74,27.81,38.35
RR Pant,2021,Delhi Capitals,30,8,762,58,25.4,0,4,8,0,655,74,19,217,75,439,248,116.34,14.2,33.13,34.64
Ishan Kishan,2021,Mumbai Indians,23,5,757,99,32.91,0,6,4,1,543,57,40,172,225,395,137,139.41,17.86,31.68,42.06
DA Warner,2021,Sunrisers Hyderabad,24,5,743,85,30.96,0,6,7,1,610,67,20,206,368,324,51,121.8,14.26,33.77,39.11
N Rana,2021,Kolkata Knight Riders,30,4,735,87,24.5,0,5,3,5,585,77,29,221,225,387,123,125.64,18.12,37.78,28.27
MK Pandey,2021,Sunrisers Hyderabad,23,4,717,83,31.17,0,6,5,0,596,56,28,202,258,332,127,120.3,14.09,33.89,37.74
RG Sharma,2021,Mumbai Indians,25,1,713,80,28.52,0,4,8,1,579,60,33,219,425,253,35,123.14,16.06,37.82,29.71
PP Shaw,2021,Delhi Capitals,28,1,707,82,25.25,0,6,4,3,478,83,26,161,509,198,0,147.91,22.8,33.68,26.19
SS Iyer,2021,Delhi Capitals,25,3,694,88,27.76,0,3,7,0,614,47,21,189,155,397,142,113.03,11.07,30.78,31.55
RA Tripathi,2021,Kolkata Knight Riders,27,3,627,81,23.22,0,3,6,0,471,62,21,157,227,332,68,133.12,17.62,33.33,26.13
AT Rayudu,2021,Chennai Super Kings,24,6,616,72,25.67,0,3,8,2,464,46,29,139,58,379,179,132.76,16.16,29.96,34.22
JM Bairstow,2021,Sunrisers Hyderabad,18,1,593,97,32.94,0,5,4,1,463,51,28,181,320,240,33,128.08,17.06,39.09,34.88
KS Williamson,2021,Sunrisers Hyderabad,21,8,583,67,27.76,0,5,2,0,488,55,12,150,120,268,195,119.47,13.73,30.74,44.85
JC Buttler,2021,Rajasthan Royals,19,2,582,124,30.63,1,2,3,0,406,54,29,143,228,283,71,143.35,20.44,35.22,34.24
EJG Morgan,2021,Kolkata Knight Riders,29,7,551,68,19.0,0,1,8,3,454,40,30,171,49,265,237,121.37,15.42,37.67,25.05
GJ Maxwell,2021,Royal Challengers Bengaluru,14,3,513,78,36.64,0,6,2,1,373,48,21,111,39,331,143,137.53,18.5,29.76,46.64
KA Pollard,2021,Mumbai Indians,25,12,513,87,20.52,0,2,4,1,327,31,38,93,0,130,383,156.88,21.1,28.44,39.46
CH Gayle,2021,Punjab Kings,17,2,481,99,28.29,0,3,3,1,383,36,31,151,140,245,96,125.59,17.49,39.43,32.07
RA Jadeja,2021,Chennai Super Kings,22,13,459,62,20.86,0,2,4,0,312,41,20,76,7,90,362,147.12,19.55,24.36,51.0
MP Stoinis,2021,Delhi Capitals,24,6,441,65,18.38,0,3,2,2,324,42,17,90,59,201,181,136.11,18.21,27.78,24.5
N Pooran,2021,Punjab Kings,24,4,438,77,18.25,0,2,4,4,290,26,30,96,18,276,144,151.03,19.31,33.1,21.9
SO Hetmyer,2021,Delhi Capitals,23,9,427,53,18.57,0,1,3,0,280,30,24,74,23,155,249,152.5,19.29,26.43,30.5
R Tewatia,2021,Rajasthan Royals,22,6,410,53,18.64,0,1,5,0,339,24,23,122,2,186,222,120.94,13.86,35.99,25.63
HH Pandya,2021,Mumbai Indians,24,7,408,60,17.0,0,1,4,2,279,25,30,98,1,107,300,146.24,19.71,35.13,24.0
KD Karthik,2021,Kolkata Knight Riders,29,7,392,58,13.52,0,1,2,4,307,42,11,107,12,139,241,127.69,17.26,34.85,17.82
VR Iyer,2021,Kolkata Knight Riders,10,1,370,67,37.0,0,4,2,0,299,37,14,111,212,158,0,123.75,17.06,37.12,41.11
MM Ali,2021,Chennai Super Kings,15,1,357,58,23.8,0,1,4,2,270,31,19,103,50,233,74,132.22,18.52,38.15,25.5
WP Saha,2021,Sunrisers Hyderabad,13,2,345,87,26.54,0,2,4,1,303,31,10,107,150,164,31,113.86,13.53,35.31,31.36
MS Dhoni,2021,Chennai Super Kings,23,8,314,47,13.65,0,0,1,1,286,28,10,116,13,89,212,109.79,13.29,40.56,20.93
SPD Smith,2021,Rajasthan Royals,14,2,311,69,22.21,0,3,1,0,247,32,9,81,110,128,73,125.91,16.6,32.79,25.92
AD Russell,2021,Kolkata Knight Riders,17,2,300,54,17.65,0,1,2,0,209,23,23,84,14,176,110,143.54,22.01,40.19,20.0
SR Watson,2021,Chennai Super Kings,11,1,299,83,27.18,0,2,3,0,254,33,13,113,151,140,8,117.72,18.11,44.49,29.9
YBK Jaiswal,2021,Rajasthan Royals,13,0,289,50,22.23,0,1,5,2,212,34,12,89,194,95,0,136.32,21.7,41.98,22.23
BA Stokes,2021,Rajasthan Royals,9,1,285,107,31.67,1,1,2,1,210,36,7,77,177,72,36,135.71,20.48,36.67,35.63
AJ Finch,2021,Royal Challengers Bengaluru,12,0,268,52,22.33,0,1,2,0,254,28,8,104,189,79,0,105.51,14.17,40.94,22.33
DJ Hooda,2021,Punjab Kings,16,6,261,64,16.31,0,2,0,2,198,14,14,60,10,120,131,131.82,14.14,30.3,26.1
KH Pandya,2021,Mumbai Indians,23,7,252,39,10.96,0,0,3,1,218,19,11,81,1,125,126,115.6,13.76,37.16,15.75
SM Curran,2021,Chennai Super Kings,15,4,242,52,16.13,0,1,2,2,175,17,15,65,48,54,140,138.29,18.29,37.14,22.0
PJ Cummins,2021,Kolkata Knight Riders,15,4,239,66,15.93,0,2,1,1,180,14,16,66,0,58,181,132.78,16.67,36.67,21.73
S Dube,2021,Rajasthan Royals,9,1,230,64,25.56,0,1,2,0,205,18,10,71,22,182,26,112.2,13.66,34.63,28.75
Abdul Samad,2021,Sunrisers Hyderabad,17,3,222,33,13.06,0,0,1,1,155,12,14,49,0,71,151,143.23,16.77,31.61,15.86
SS Tiwary,2021,Mumbai Indians,9,2,218,50,24.22,0,1,3,0,180,18,5,51,17,157,44,121.11,12.78,28.33,31.14
PK Garg,2021,Sunrisers Hyderabad,15,1,205,51,13.67,0,1,0,2,191,11,7,64,17,124,64,107.33,9.42,33.51,14.64
RV Uthappa,2021,Rajasthan Royals,12,1,196,41,16.33,0,0,3,0,170,19,7,65,100,83,13,115.29,15.29,38.24,17.82
KS Bharat,2021,Royal Challengers Bengaluru,6,1,191,78,31.83,0,1,2,0,161,10,8,48,57,102,32,118.63,11.18,29.81,38.2
SP Narine,2021,Kolkata Knight Riders,19,2,183,64,9.63,0,1,0,5,143,13,13,53,31,119,33,127.97,18.18,37.06,10.76
R Parag,2021,Rajasthan Royals,18,4,179,42,9.94,0,0,1,3,165,12,7,61,0,74,105,108.48,11.52,36.97,12.79
Abhishek Sharma,2021,Sunrisers Hyderabad,14,3,169,33,12.07,0,0,2,0,137,13,7,44,43,67,59,123.36,14.6,32.12,15.36
SK Raina,2021,Chennai Super Kings,11,4,160,54,14.55,0,1,0,0,133,13,9,55,18,108,34,120.3,16.54,41.35,22.86
AR Patel,2021,Delhi Capitals,15,2,157,42,10.47,0,0,1,1,142,8,9,46,0,62,95,110.56,11.97,32.39,12.08
V Shankar,2021,Sunrisers Hyderabad,10,1,155,52,15.5,0,1,0,1,151,11,4,56,2,69,84,102.65,9.93,37.09,17.22
M Shahrukh Khan,2021,Punjab Kings,10,4,153,47,15.3,0,0,1,1,118,9,10,42,0,58,95,129.66,16.1,35.59,25.5
MK Lomror,2021,Rajasthan Royals,7,1,153,47,21.86,0,0,2,0,130,5,9,39,14,93,46,117.69,10.77,30.0,25.5
SPD Smith,2021,Delhi Capitals,7,1,152,39,21.71,0,0,3,0,136,13,2,40,44,86,22,111.76,11.03,29.41,25.33
E Lewis,2021,Rajasthan Royals,5,0,151,58,30.2,0,1,1,0,96,18,7,35,134,17,0,157.29,26.04,36.46,30.2
JO Holder,2021,Sunrisers Hyderabad,11,3,151,47,13.73,0,0,1,0,127,7,9,46,4,61,86,118.9,12.6,36.22,18.88
JJ Roy,2021,Sunrisers Hyderabad,5,0,150,60,30.0,0,1,2,0,125,21,1,45,92,58,0,120.0,17.6,36.0,30.0
AK Markram,2021,Punjab Kings,6,1,146,42,24.33,0,0,1,0,123,12,4,34,1,108,37,118.7,13.01,27.64,29.2
Mandeep Singh,2021,Punjab Kings,8,1,145,66,18.13,0,1,0,2,125,12,4,45,49,73,23,116.0,12.8,36.0,20.71
Washington Sundar,2021,Royal Challengers Bengaluru,13,3,142,30,10.92,0,0,1,0,146,12,2,53,17,76,49,97.26,9.59,36.3,14.2
S Dube,2021,Royal Challengers Bengaluru,9,2,129,27,14.33,0,0,0,0,109,5,9,42,0,49,80,118.35,12.84,38.53,18.43
DA Miller,2021,Rajasthan Royals,8,3,124,62,15.5,0,1,0,1,115,11,3,43,15,56,53,107.83,12.17,37.39,24.8
AM Rahane,2021,Delhi Capitals,9,0,121,60,13.44,0,1,0,2,122,13,2,47,78,33,10,99.18,12.3,38.52,13.44
Rashid Khan,2021,Sunrisers Hyderabad,16,4,118,22,7.38,0,0,0,4,103,12,4,42,0,0,118,114.56,15.53,40.78,9.83
RV Uthappa,2021,Chennai Super Kings,4,0,115,63,28.75,0,1,1,0,86,8,5,25,53,62,0,133.72,15.12,29.07,28.75
JC Archer,2021,Rajasthan Royals,10,4,113,27,11.3,0,0,0,0,66,5,10,19,0,13,100,171.21,22.73,28.79,18.83
GJ Maxwell,2021,Punjab Kings,11,4,108,32,9.82,0,0,1,1,112,9,0,36,2,59,47,96.43,8.04,32.14,15.43
TK Curran,2021,Rajasthan Royals,4,3,83,54,20.75,0,1,0,0,63,5,3,16,0,38,45,131.75,12.7,25.4,83.0
R Ashwin,2021,Delhi Capitals,10,4,81,20,8.1,0,0,0,0,77,5,2,27,0,7,74,105.19,9.09,35.06,13.5
JR Philippe,2021,Royal Challengers Bengaluru,5,1,78,33,15.6,0,0,2,1,80,9,1,34,51,26,1,97.5,12.5,42.5,19.5
Gurkeerat Singh,2021,Royal Challengers Bengaluru,5,4,71,21,14.2,0,0,0,0,83,8,0,37,0,29,42,85.54,9.64,44.58,71.0
RM Patidar,2021,Royal Challengers Bengaluru,4,0,71,31,17.75,0,0,2,0,65,3,3,16,20,51,0,109.23,9.23,24.62,17.75
K Rabada,2021,Delhi Capitals,9,5,69,15,7.67,0,0,0,1,58,6,2,21,0,3,66,118.97,13.79,36.21,17.25
Lalit Yadav,2021,Delhi Capitals,5,3,68,22,13.6,0,0,0,1,75,7,0,25,0,32,36,90.67,9.33,33.33,34.0
CH Morris,2021,Rajasthan Royals,7,2,67,36,9.57,0,0,1,2,53,2,5,18,0,0,67,126.42,13.21,33.96,13.4
KA Jamieson,2021,Royal Challengers Bengaluru,7,4,65,16,9.29,0,0,0,0,55,5,3,21,0,12,53,118.18,14.55,38.18,21.67
Harpreet Brar,2021,Punjab Kings,5,5,64,25,12.8,0,0,0,0,61,3,2,17,0,2,62,104.92,8.2,27.87,
KM Jadhav,2021,Chennai Super Kings,5,2,62,26,12.4,0,0,0,0,68,7,0,27,1,49,12,91.18,10.29,39.71,20.67
CJ Jordan,2021,Punjab Kings,6,1,61,30,10.17,0,0,1,0,54,3,3,21,0,1,60,112.96,11.11,38.89,12.2
LH Ferguson,2021,Kolkata Knight Riders,3,2,61,24,20.33,0,0,0,0,42,5,2,9,0,0,61,145.24,16.67,21.43,61.0
Shahbaz Ahmed,2021,Royal Challengers Bengaluru,8,1,60,14,7.5,0,0,0,0,56,4,2,19,14,13,33,107.14,10.71,33.93,8.57
HV Patel,2021,Royal Challengers Bengaluru,7,2,59,31,8.43,0,0,1,1,48,6,2,18,0,7,52,122.92,16.67,37.5,11.8
KM Jadhav,2021,Sunrisers Hyderabad,5,1,55,19,11.0,0,0,0,0,55,2,2,17,0,41,14,100.0,7.27,30.91,13.75
DJ Bravo,2021,Chennai Super Kings,5,1,54,23,10.8,0,0,0,1,28,3,4,6,0,0,54,192.86,25.0,21.43,13.5
JD Unadkat,2021,Rajasthan Royals,4,1,50,24,12.5,0,0,0,0,45,3,2,14,0,8,42,111.11,11.11,31.11,16.67
CA Lynn,2021,Mumbai Indians,1,0,49,49,49.0,0,0,1,0,36,4,3,14,13,36,0,136.11,19.44,38.89,49.0
Shakib Al Hasan,2021,Kolkata Knight Riders,6,1,47,26,7.83,0,0,0,2,50,3,1,14,0,31,16,94.0,8.0,28.0,9.4
Mohammad Nabi,2021,Sunrisers Hyderabad,4,0,45,17,11.25,0,0,0,0,30,5,2,7,0,25,20,150.0,23.33,23.33,11.25
S Gopal,2021,Rajasthan Royals,7,2,44,23,6.29,0,0,0,1,46,3,1,16,0,12,32,95.65,8.7,34.78,8.8
LS Livingstone,2021,Rajasthan Royals,5,0,42,25,8.4,0,0,0,0,43,3,1,13,7,32,3,97.67,9.3,30.23,8.4
M Vohra,2021,Rajasthan Royals,4,0,42,14,10.5,0,0,0,0,40,5,2,23,42,0,0,105.0,17.5,57.5,10.5
K Gowtham,2021,Punjab Kings,2,1,42,22,21.0,0,0,0,0,27,3,2,8,0,20,22,155.56,18.52,29.63,42.0
Mohammed Siraj,2021,Royal Challengers Bengaluru,7,5,37,12,5.29,0,0,0,0,40,3,1,19,0,0,37,92.5,10.0,47.5,18.5
Shivam Mavi,2021,Kolkata Knight Riders,5,1,35,20,7.0,0,0,0,1,35,3,2,18,0,0,35,100.0,14.29,51.43,8.75
P Simran Singh,2021,Punjab Kings,4,0,34,12,8.5,0,0,0,0,38,3,1,20,30,0,4,89.47,10.53,52.63,8.5
B Kumar,2021,Sunrisers Hyderabad,8,5,34,14,4.25,0,0,0,1,34,3,0,7,0,0,34,100.0,8.82,20.59,11.33
CH Morris,2021,Royal Challengers Bengaluru,5,1,34,25,6.8,0,0,0,1,21,2,3,9,0,0,34,161.9,23.81,42.86,8.5
J Yadav,2021,Mumbai Indians,2,0,34,23,17.0,0,0,0,0,26,2,1,8,0,9,25,130.77,11.54,30.77,17.0
SN Khan,2021,Punjab Kings,5,1,33,14,6.6,0,0,0,2,34,5,0,15,0,12,21,97.06,14.71,44.12,8.25
N Jagadeesan,2021,Chennai Super Kings,2,0,33,33,16.5,0,0,1,1,31,4,0,10,1,32,0,106.45,12.9,32.26,16.5
AT Carey,2021,Delhi Capitals,3,1,32,14,10.67,0,0,0,0,29,0,1,6,0,0,32,110.34,3.45,20.69,16.0
M Vijay,2021,Chennai Super Kings,3,0,32,21,10.67,0,0,0,0,44,4,0,23,30,2,0,72.73,9.09,52.27,10.67
MC Henriques,2021,Punjab Kings,4,1,31,14,7.75,0,0,0,0,32,0,1,11,0,19,12,96.88,3.13,34.38,10.33
NM Coulter-Nile,2021,Mumbai Indians,4,1,29,24,7.25,0,0,0,0,20,4,0,7,0,0,29,145.0,20.0,35.0,9.67
Navdeep Saini,2021,Royal Challengers Bengaluru,4,2,29,12,7.25,0,0,0,0,32,3,0,13,0,3,26,90.63,9.38,40.63,14.5
DJ Malan,2021,Punjab Kings,1,0,26,26,26.0,0,0,0,0,26,1,1,9,1,25,0,100.0,7.69,34.62,26.0
GD Phillips,2021,Rajasthan Royals,3,1,26,14,8.67,0,0,0,0,33,1,2,21,0,12,14,78.79,9.09,63.64,13.0
RV Patel,2021,Delhi Capitals,2,1,25,18,12.5,0,0,0,0,29,3,0,14,0,18,7,86.21,10.34,48.28,25.0
KL Nagarkoti,2021,Kolkata Knight Riders,7,3,22,8,3.14,0,0,0,2,34,1,0,16,0,6,16,64.71,2.94,47.06,5.5
TU Deshpande,2021,Delhi Capitals,2,1,21,20,10.5,0,0,0,0,12,2,1,3,0,0,21,175.0,25.0,25.0,21.0
TK Curran,2021,Delhi Capitals,2,1,21,21,10.5,0,0,0,0,17,2,0,5,0,8,13,123.53,11.76,29.41,21.0
HV Patel,2021,Delhi Capitals,2,0,21,16,10.5,0,0,0,0,25,2,0,12,0,10,11,84.0,8.0,48.0,10.5
JJ Bumrah,2021,Mumbai Indians,8,5,21,5,2.63,0,0,0,1,20,2,0,7,0,0,21,105.0,10.0,35.0,7.0
Sandeep Sharma,2021,Sunrisers Hyderabad,7,5,20,9,2.86,0,0,0,1,22,2,0,8,0,0,20,90.91,9.09,36.36,10.0
JDS Neesham,2021,Punjab Kings,3,1,19,10,6.33,0,0,0,0,18,0,1,6,0,6,13,105.56,5.56,33.33,9.5
M Ashwin,2021,Punjab Kings,3,0,19,9,6.33,0,0,0,0,28,1,0,13,0,4,15,67.86,3.57,46.43,6.33
T Banton,2021,Kolkata Knight Riders,2,0,18,10,9.0,0,0,0,0,22,1,1,11,18,0,0,81.82,9.09,50.0,9.0
NT Ellis,2021,Punjab Kings,2,1,18,12,9.0,0,0,0,0,17,0,1,5,0,0,18,105.88,5.88,29.41,18.0
SN Thakur,2021,Chennai Super Kings,6,4,17,11,2.83,0,0,0,1,27,0,0,12,0,11,6,62.96,0.0,44.44,8.5
KK Nair,2021,Punjab Kings,3,1,16,15,5.33,0,0,0,1,14,2,0,5,1,0,15,114.29,14.29,35.71,8.0
C Sakariya,2021,Rajasthan Royals,5,1,16,7,3.2,0,0,0,1,25,2,0,14,0,1,15,64.0,8.0,56.0,4.0
Anmolpreet Singh,2021,Mumbai Indians,1,0,16,16,16.0,0,0,0,0,14,2,1,9,16,0,0,114.29,21.43,64.29,16.0
AF Milne,2021,Mumbai Indians,3,1,16,15,5.33,0,0,0,1,19,0,1,7,0,1,15,84.21,5.26,36.84,8.0
RD Chahar,2021,Mumbai Indians,5,1,16,8,3.2,0,0,0,2,19,1,0,9,0,0,16,84.21,5.26,47.37,4.0
Virat Singh,2021,Sunrisers Hyderabad,2,0,15,11,7.5,0,0,0,0,26,1,0,13,0,15,0,57.69,3.85,50.0,7.5
I Udana,2021,Royal Challengers Bengaluru,4,1,15,10,3.75,0,0,0,1,11,1,1,4,0,0,15,136.36,18.18,36.36,5.0
JL Pattinson,2021,Mumbai Indians,2,1,15,11,7.5,0,0,0,0,13,2,0,4,0,0,15,115.38,15.38,30.77,15.0
Mohammed Shami,2021,Punjab Kings,5,3,15,9,3.0,0,0,0,1,20,0,0,8,0,0,15,75.0,0.0,40.0,7.5
CR Woakes,2021,Delhi Capitals,1,1,15,15,15.0,0,0,0,0,11,2,0,2,0,0,15,136.36,18.18,18.18,
JA Richardson,2021,Punjab Kings,2,0,15,15,7.5,0,0,0,1,25,2,0,15,0,15,0,60.0,8.0,60.0,7.5
J Suchith,2021,Sunrisers Hyderabad,1,1,14,14,14.0,0,0,0,0,6,2,1,1,0,0,14,233.33,50.0,16.67,
DT Christian,2021,Royal Challengers Bengaluru,7,3,14,9,2.0,0,0,0,1,24,1,0,13,1,1,12,58.33,4.17,54.17,3.5
Kuldeep Yadav,2021,Kolkata Knight Riders,2,2,13,12,6.5,0,0,0,0,21,1,0,11,0,3,10,61.9,4.76,52.38,
Imran Tahir,2021,Chennai Super Kings,1,1,13,13,13.0,0,0,0,0,10,2,0,3,0,0,13,130.0,20.0,30.0,
CV Varun,2021,Kolkata Knight Riders,5,3,12,7,2.4,0,0,0,0,20,0,0,7,0,0,12,60.0,0.0,35.0,6.0
MM Ali,2021,Royal Challengers Bengaluru,3,0,12,11,4.0,0,0,0,1,16,1,0,6,0,11,1,75.0,6.25,37.5,4.0
YS Chahal,2021,Royal Challengers Bengaluru,4,3,11,8,2.75,0,0,0,0,32,0,0,19,0,0,11,34.38,0.0,59.38,11.0
RK Singh,2021,Kolkata Knight Riders,1,0,11,11,11.0,0,0,0,0,11,1,0,3,0,11,0,100.0,9.09,27.27,11.0
AS Rajpoot,2021,Rajasthan Royals,2,1,9,7,4.5,0,0,0,0,10,0,1,6,0,0,9,90.0,10.0,60.0,9.0
Mustafizur Rahman,2021,Rajasthan Royals,3,3,8,8,2.67,0,0,0,0,14,0,1,11,0,0,8,57.14,7.14,78.57,
Ravi Bishnoi,2021,Punjab Kings,3,1,8,6,2.67,0,0,0,0,17,1,0,11,0,0,8,47.06,5.88,64.71,4.0
S Kaul,2021,Sunrisers Hyderabad,2,2,8,7,4.0,0,0,0,0,8,1,0,3,0,0,8,100.0,12.5,37.5,
DL Chahar,2021,Chennai Super Kings,4,3,8,5,2.0,0,0,0,1,13,0,0,6,0,0,8,61.54,0.0,46.15,8.0
P Dubey,2021,Delhi Capitals,1,1,7,7,7.0,0,0,0,0,13,0,0,6,0,0,7,53.85,0.0,46.15,
A Nortje,2021,Delhi Capitals,3,2,7,3,2.33,0,0,0,0,6,0,0,3,0,0,7,116.67,0.0,50.0,7.0
Sachin Baby,2021,Royal Challengers Bengaluru,1,0,7,7,7.0,0,0,0,0,17,0,0,10,0,7,0,41.18,0.0,58.82,7.0
S Nadeem,2021,Sunrisers Hyderabad,3,1,7,5,2.33,0,0,0,1,9,1,0,5,0,0,7,77.78,11.11,55.56,3.5
Kartik Tyagi,2021,Rajasthan Royals,4,2,6,2,1.5,0,0,0,0,10,0,0,3,0,0,6,60.0,0.0,30.0,3.0
AJ Tye,2021,Rajasthan Royals,1,0,6,6,6.0,0,0,0,0,7,0,1,5,0,6,0,85.71,14.29,71.43,6.0
DR Sams,2021,Royal Challengers Bengaluru,2,1,6,3,3.0,0,0,0,0,6,0,0,2,0,0,6,100.0,0.0,33.33,6.0
FA Allen,2021,Punjab Kings,2,1,6,6,3.0,0,0,0,0,12,0,0,6,0,3,3,50.0,0.0,50.0,6.0
Avesh Khan,2021,Delhi Capitals,1,1,5,5,5.0,0,0,0,0,3,1,0,1,0,0,5,166.67,33.33,33.33,
Harbhajan Singh,2021,Kolkata Knight Riders,2,2,4,2,2.0,0,0,0,0,4,0,0,1,0,0,4,100.0,0.0,25.0,
DS Kulkarni,2021,Mumbai Indians,1,1,3,3,3.0,0,0,0,0,2,0,0,0,0,0,3,150.0,0.0,0.0,
T Natarajan,2021,Sunrisers Hyderabad,2,2,3,3,1.5,0,0,0,0,5,0,0,2,0,0,3,60.0,0.0,40.0,
TG Southee,2021,Kolkata Knight Riders,1,0,3,3,3.0,0,0,0,0,5,0,0,3,0,0,3,60.0,0.0,60.0,3.0
T Shamsi,2021,Rajasthan Royals,1,1,2,2,2.0,0,0,0,0,4,0,0,2,0,0,2,50.0,0.0,50.0,
GHS Garton,2021,Royal Challengers Bengaluru,2,1,2,2,1.0,0,0,0,1,4,0,0,2,0,0,2,50.0,0.0,50.0,2.0
Arshdeep Singh,2021,Punjab Kings,3,2,2,1,0.67,0,0,0,1,6,0,0,3,0,0,2,33.33,0.0,50.0,2.0
TL Seifert,2021,Kolkata Knight Riders,1,0,2,2,2.0,0,0,0,0,5,0,0,1,0,0,2,40.0,0.0,20.0,2.0
M Prasidh Krishna,2021,Kolkata Knight Riders,3,3,2,2,0.67,0,0,0,0,5,0,0,3,0,0,2,40.0,0.0,60.0,
Mujeeb Ur Rahman,2021,Sunrisers Hyderabad,1,1,1,1,1.0,0,0,0,0,1,0,0,0,0,0,1,100.0,0.0,0.0,
PWH de Silva,2021,Royal Challengers Bengaluru,2,1,1,1,0.5,0,0,0,1,2,0,0,1,0,0,1,50.0,0.0,50.0,1.0
TA Boult,2021,Mumbai Indians,3,2,1,1,0.33,0,0,0,1,5,0,0,4,0,0,1,20.0,0.0,80.0,1.0
NS Naik,2021,Kolkata Knight Riders,1,0,1,1,1.0,0,0,0,0,3,0,0,2,0,0,1,33.33,0.0,66.67,1.0
KK Ahmed,2021,Sunrisers Hyderabad,2,0,1,1,0.5,0,0,0,1,4,0,0,3,0,0,1,25.0,0.0,75.0,0.5
Mujeeb Ur Rahman,2021,Punjab Kings,1,0,1,1,1.0,0,0,0,0,3,0,0,2,0,1,0,33.33,0.0,66.67,1.0
VR Aaron,2021,Rajasthan Royals,2,1,1,1,0.5,0,0,0,0,10,0,0,9,0,0,1,10.0,0.0,90.0,1.0
TH David,2021,Royal Challengers Bengaluru,1,0,1,1,1.0,0,0,0,0,3,0,0,2,0,0,1,33.33,0.0,66.67,1.0
DW Steyn,2021,Royal Challengers Bengaluru,1,1,1,1,1.0,0,0,0,0,2,0,0,1,0,0,1,50.0,0.0,50.0,
SP Goswami,2021,Sunrisers Hyderabad,2,0,0,0,0.0,0,0,0,2,5,0,0,4,0,0,0,0.0,0.0,80.0,0.0
PP Chawla,2021,Mumbai Indians,1,0,0,0,0.0,0,0,0,1,2,0,0,2,0,0,0,0.0,0.0,100.0,0.0
JDS Neesham,2021,Mumbai Indians,2,0,0,0,0.0,0,0,0,2,2,0,0,2,0,0,0,0.0,0.0,100.0,0.0
DR Sams,2021,Delhi Capitals,1,0,0,0,0.0,0,0,0,1,2,0,0,2,0,0,0,0.0,0.0,100.0,0.0
UT Yadav,2021,Royal Challengers Bengaluru,1,0,0,0,0.0,0,0,0,1,2,0,0,2,0,0,0,0.0,0.0,100.0,0.0
M Jansen,2021,Mumbai Indians,2,0,0,0,0.0,0,0,0,2,4,0,0,3,0,0,0,0.0,0.0,75.0,0.0
SS Cottrell,2021,Punjab Kings,1,0,0,0,0.0,0,0,0,1,2,0,0,2,0,0,0,0.0,0.0,100.0,0.0
MR Marsh,2021,Sunrisers Hyderabad,1,0,0,0,0.0,0,0,0,1,1,0,0,1,0,0,0,0.0,0.0,100.0,0.0
Anuj Rawat,2021,Rajasthan Royals,1,0,0,0,0.0,0,0,0,1,1,0,0,1,0,0,0,0.0,0.0,100.0,0.0
K Yadav,2021,Rajasthan Royals,1,1,0,0,0.0,0,0,0,0,4,0,0,4,0,0,0,0.0,0.0,100.0,
JC Buttler,2022,Rajasthan Royals,17,2,863,116,50.76,4,4,3,0,596,84,45,224,374,315,174,144.8,21.64,37.58,57.53
KL Rahul,2022,Lucknow Super Giants,14,3,616,103,44.0,2,4,2,2,472,45,30,144,203,272,141,130.51,15.89,30.51,56.0
Q de Kock,2022,Lucknow Super Giants,15,1,508,140,33.87,1,3,2,0,350,47,23,111,257,170,81,145.14,20.0,31.71,36.29
HH Pandya,2022,Gujarat Titans,15,5,487,87,32.47,0,4,4,0,387,49,12,115,65,317,105,125.84,15.76,29.72,48.7
Shubman Gill,2022,Gujarat Titans,16,2,483,96,30.19,0,4,3,2,374,51,11,113,215,216,52,129.14,16.58,30.21,34.5
DA Miller,2022,Gujarat Titans,16,7,481,94,30.06,0,2,5,0,348,32,23,88,11,240,230,138.22,15.8,25.29,53.44
F du Plessis,2022,Royal Challengers Bengaluru,16,1,468,96,29.25,0,3,2,2,377,49,13,139,201,194,73,124.14,16.45,36.87,31.2
S Dhawan,2022,Punjab Kings,14,2,460,88,32.86,0,3,4,0,395,47,12,129,242,169,49,116.46,14.94,32.66,38.33
SV Samson,2022,Rajasthan Royals,17,1,458,55,26.94,0,2,5,0,321,43,26,124,123,269,66,142.68,21.5,38.63,28.63
DJ Hooda,2022,Lucknow Super Giants,14,1,451,59,32.21,0,4,3,0,340,36,18,98,77,335,39,132.65,15.88,28.82,34.69
LS Livingstone,2022,Punjab Kings,14,2,437,70,31.21,0,4,2,0,261,29,34,68,70,261,106,167.43,24.14,26.05,36.42
DA Warner,2022,Delhi Capitals,12,3,432,92,36.0,0,5,1,1,301,52,15,96,225,173,34,143.52,22.26,31.89,48.0
Abhishek Sharma,2022,Sunrisers Hyderabad,14,0,426,75,30.43,0,2,6,1,329,47,13,125,255,167,4,129.48,18.24,37.99,30.43
Ishan Kishan,2022,Mumbai Indians,14,1,418,81,29.86,0,3,3,1,355,45,11,136,225,157,36,117.75,15.77,38.31,32.15
RA Tripathi,2022,Sunrisers Hyderabad,14,2,413,76,29.5,0,3,3,2,271,40,20,83,138,230,45,152.4,22.14,30.63,34.42
SS Iyer,2022,Kolkata Knight Riders,14,1,401,85,28.64,0,3,2,0,310,41,11,98,167,214,20,129.35,16.77,31.61,30.85
Tilak Varma,2022,Mumbai Indians,14,4,397,61,28.36,0,2,5,1,313,29,16,87,19,280,98,126.84,14.38,27.8,39.7
AK Markram,2022,Sunrisers Hyderabad,12,4,381,68,31.75,0,3,3,0,277,25,19,78,24,246,111,137.55,15.88,28.16,47.63
D Padikkal,2022,Rajasthan Royals,17,0,376,54,22.12,0,1,5,1,317,41,14,128,100,249,27,118.61,17.35,40.38,22.12
RD Gaikwad,2022,Chennai Super Kings,14,0,368,99,26.29,0,3,2,2,298,33,14,105,186,160,22,123.49,15.77,35.23,26.29
N Rana,2022,Kolkata Knight Riders,14,1,361,57,25.79,0,2,4,1,259,29,22,93,83,231,47,139.38,19.69,35.91,27.77
V Kohli,2022,Royal Challengers Bengaluru,16,2,341,73,21.31,0,2,3,3,306,32,8,113,160,152,29,111.44,13.07,36.93,24.36
RR Pant,2022,Delhi Capitals,13,2,340,44,26.15,0,0,6,0,234,35,16,75,55,211,74,145.3,21.79,32.05,30.91
AD Russell,2022,Kolkata Knight Riders,12,3,335,70,27.92,0,1,4,2,200,18,32,81,0,214,121,167.5,25.0,40.5,37.22
RM Patidar,2022,Royal Challengers Bengaluru,7,1,333,112,47.57,1,2,1,0,232,27,18,66,87,194,52,143.53,19.4,28.45,55.5
KD Karthik,2022,Royal Challengers Bengaluru,16,10,330,66,20.63,0,1,5,1,188,27,22,51,0,79,251,175.53,26.06,27.13,55.0
WP Saha,2022,Gujarat Titans,11,2,317,68,28.82,0,3,1,1,266,40,7,100,217,85,15,119.17,17.67,37.59,35.22
SO Hetmyer,2022,Rajasthan Royals,15,8,314,59,20.93,0,1,4,0,221,21,21,68,0,73,241,142.08,19.0,30.77,44.86
N Pooran,2022,Sunrisers Hyderabad,13,5,306,64,23.54,0,2,4,1,228,16,21,66,0,171,135,134.21,16.23,28.95,38.25
SA Yadav,2022,Mumbai Indians,8,1,303,68,37.88,0,3,3,0,210,23,16,65,42,170,91,144.29,18.57,30.95,43.29
GJ Maxwell,2022,Royal Challengers Bengaluru,13,3,301,55,23.15,0,1,4,1,184,31,15,56,78,133,90,163.59,25.0,30.43,30.1
S Dube,2022,Chennai Super Kings,11,2,289,95,26.27,0,2,2,1,194,22,16,58,8,182,99,148.97,19.59,29.9,32.11
PP Shaw,2022,Delhi Capitals,10,0,283,61,28.3,0,2,3,1,193,37,10,73,217,66,0,146.63,24.35,37.82,28.3
AT Rayudu,2022,Chennai Super Kings,11,1,274,78,24.91,0,1,2,0,230,25,15,100,39,198,37,119.13,17.39,43.48,27.4
RG Sharma,2022,Mumbai Indians,14,0,268,48,19.14,0,0,4,1,234,28,13,112,227,41,0,114.53,17.52,47.86,19.14
YBK Jaiswal,2022,Rajasthan Royals,10,0,258,68,25.8,0,2,1,0,198,28,10,77,172,86,0,130.3,19.19,38.89,25.8
JM Bairstow,2022,Punjab Kings,11,0,253,66,23.0,0,2,1,0,180,34,9,70,181,66,6,140.56,23.89,38.89,23.0
DP Conway,2022,Chennai Super Kings,7,1,252,87,36.0,0,3,0,1,176,23,12,52,85,142,25,143.18,19.89,29.55,42.0
MR Marsh,2022,Delhi Capitals,8,1,251,89,31.38,0,2,1,1,192,19,14,72,115,100,36,130.73,17.19,37.5,35.86
R Powell,2022,Delhi Capitals,12,1,250,67,20.83,0,1,4,2,174,10,22,63,0,116,134,143.68,18.39,36.21,22.73
MM Ali,2022,Chennai Super Kings,10,0,244,93,24.4,0,1,3,2,183,24,11,68,111,96,37,133.33,19.13,37.16,24.4
JM Sharma,2022,Punjab Kings,10,2,234,44,23.4,0,0,4,0,149,22,12,48,1,150,83,157.05,22.82,32.21,29.25
MS Dhoni,2022,Chennai Super Kings,12,4,232,50,19.33,0,1,1,0,198,21,10,80,6,52,174,117.17,15.66,40.4,29.0
RV Uthappa,2022,Chennai Super Kings,11,0,230,88,20.91,0,2,1,1,181,19,14,75,134,65,31,127.07,18.23,41.44,20.91
Shahbaz Ahmed,2022,Royal Challengers Bengaluru,11,4,219,45,19.91,0,0,3,0,197,14,9,63,0,150,69,111.17,11.68,31.98,31.29
R Tewatia,2022,Gujarat Titans,12,5,217,43,18.08,0,0,3,0,156,22,9,47,0,36,181,139.1,19.87,30.13,31.0
KS Williamson,2022,Sunrisers Hyderabad,12,2,216,57,18.0,0,1,2,0,235,16,8,108,110,87,19,91.91,10.21,45.96,21.6
PBB Rajapaksa,2022,Punjab Kings,9,0,206,43,22.89,0,0,4,0,137,16,13,42,56,146,4,150.36,21.17,30.66,22.89
MA Agarwal,2022,Punjab Kings,12,0,196,52,16.33,0,1,1,1,167,23,6,65,145,51,0,117.37,17.37,38.92,16.33
R Ashwin,2022,Rajasthan Royals,12,3,191,50,15.92,0,1,1,0,140,14,9,38,46,55,90,136.43,16.43,27.14,21.22
TH David,2022,Mumbai Indians,8,3,186,46,23.25,0,0,3,0,91,12,16,22,0,39,147,204.4,30.77,24.18,37.2
R Parag,2022,Rajasthan Royals,14,4,183,56,13.07,0,1,0,0,136,11,10,40,0,50,133,134.56,15.44,29.41,18.3
KH Pandya,2022,Lucknow Super Giants,13,4,183,42,14.08,0,0,1,1,150,16,4,47,17,107,59,122.0,13.33,31.33,20.33
AR Patel,2022,Delhi Capitals,10,7,182,42,18.2,0,0,2,0,122,12,10,35,0,55,127,149.18,18.03,28.69,60.67
VR Iyer,2022,Kolkata Knight Riders,12,1,182,50,15.17,0,1,1,1,175,17,7,79,127,52,3,104.0,13.71,45.14,16.55
RK Singh,2022,Kolkata Knight Riders,7,2,174,42,24.86,0,0,3,0,125,17,7,37,9,51,114,139.2,19.2,29.6,34.8
SW Billings,2022,Kolkata Knight Riders,8,1,169,36,21.13,0,0,2,0,143,9,10,52,12,116,41,118.18,13.29,36.36,24.14
Lalit Yadav,2022,Delhi Capitals,8,2,161,48,20.13,0,0,2,0,152,11,7,57,23,107,31,105.92,11.84,37.5,26.83
D Brevis,2022,Mumbai Indians,7,0,161,49,23.0,0,0,3,0,116,14,11,52,65,96,0,138.79,21.55,44.83,23.0
A Badoni,2022,Lucknow Super Giants,11,2,161,54,14.64,0,1,0,1,139,11,7,47,1,59,101,115.83,12.95,33.81,17.89
MS Wade,2022,Gujarat Titans,10,1,157,35,15.7,0,0,2,0,145,23,2,64,111,46,0,108.28,17.24,44.14,17.44
MP Stoinis,2022,Lucknow Super Giants,10,3,156,38,15.6,0,0,1,1,116,7,13,38,0,27,129,134.48,17.24,32.76,22.29
B Sai Sudharsan,2022,Gujarat Titans,5,1,145,65,29.0,0,1,1,0,118,14,3,32,28,85,32,122.88,14.41,27.12,36.25
KA Pollard,2022,Mumbai Indians,11,1,144,25,13.09,0,0,0,1,146,6,9,57,0,44,100,98.63,10.27,39.04,14.4
AM Rahane,2022,Kolkata Knight Riders,7,0,133,44,19.0,0,0,1,0,131,14,4,58,92,41,0,101.53,13.74,44.27,19.0
Anuj Rawat,2022,Royal Challengers Bengaluru,8,1,129,66,16.13,0,1,0,3,123,10,7,55,77,38,14,104.88,13.82,44.72,18.43
SN Thakur,2022,Delhi Capitals,10,2,120,29,12.0,0,0,0,0,90,7,7,29,0,33,87,133.33,15.56,32.22,15.0
M Shahrukh Khan,2022,Punjab Kings,8,1,117,26,14.63,0,0,0,1,118,4,9,51,15,61,41,99.15,11.02,43.22,16.71
RA Jadeja,2022,Chennai Super Kings,10,2,116,26,11.6,0,0,0,2,105,6,5,30,0,21,95,110.48,10.48,28.57,14.5
A Manohar,2022,Gujarat Titans,7,1,108,43,15.43,0,0,2,1,79,14,3,26,12,47,49,136.71,21.52,32.91,18.0
Washington Sundar,2022,Sunrisers Hyderabad,7,0,101,40,14.43,0,0,1,0,76,9,3,20,0,9,92,132.89,15.79,26.32,14.43
Rashid Khan,2022,Gujarat Titans,8,4,91,40,11.38,0,0,2,3,44,3,9,10,0,4,87,206.82,27.27,22.73,22.75
SN Khan,2022,Delhi Capitals,5,2,91,36,18.2,0,0,2,0,69,9,2,19,39,32,20,131.88,15.94,27.54,30.33
MK Pandey,2022,Lucknow Super Giants,6,0,88,38,14.67,0,0,1,0,84,9,2,35,31,57,0,104.76,13.1,41.67,14.67
MK Lomror,2022,Royal Challengers Bengaluru,5,0,86,42,17.2,0,0,1,0,60,7,4,14,6,37,43,143.33,18.33,23.33,17.2
AJ Finch,2022,Kolkata Knight Riders,5,0,86,58,17.2,0,1,0,0,70,10,3,25,51,35,0,122.86,18.57,35.71,17.2
RD Chahar,2022,Punjab Kings,8,1,77,25,9.63,0,0,0,2,70,7,4,35,0,3,74,110.0,15.71,50.0,11.0
E Lewis,2022,Lucknow Super Giants,5,2,73,55,14.6,0,1,0,0,60,8,3,22,11,32,30,121.67,18.33,36.67,24.33
SP Narine,2022,Kolkata Knight Riders,9,2,71,22,7.89,0,0,0,2,40,6,6,18,11,34,26,177.5,30.0,45.0,10.14
Shashank Singh,2022,Sunrisers Hyderabad,5,1,69,25,13.8,0,0,0,0,47,5,4,17,0,22,47,146.81,19.15,36.17,17.25
SS Prabhudessai,2022,Royal Challengers Bengaluru,5,0,67,34,13.4,0,0,1,0,62,7,2,26,8,59,0,108.06,14.52,41.94,13.4
PJ Cummins,2022,Kolkata Knight Riders,5,1,63,56,12.6,0,1,0,2,24,5,6,8,0,26,37,262.5,45.83,33.33,15.75
JD Unadkat,2022,Mumbai Indians,5,4,59,19,11.8,0,0,0,0,37,4,3,12,0,2,57,159.46,18.92,32.43,59.0
R Shepherd,2022,Sunrisers Hyderabad,3,0,58,26,19.33,0,0,0,0,43,2,5,16,0,24,34,134.88,16.28,37.21,19.33
JO Holder,2022,Lucknow Super Giants,8,2,58,16,7.25,0,0,0,0,46,2,6,22,8,1,49,126.09,17.39,47.83,9.67
UT Yadav,2022,Kolkata Knight Riders,7,3,55,21,7.86,0,0,0,2,41,4,4,18,0,1,54,134.15,19.51,43.9,13.75
OF Smith,2022,Punjab Kings,6,3,51,25,8.5,0,0,0,1,50,1,5,23,0,3,48,102.0,12.0,46.0,17.0
Kuldeep Yadav,2022,Delhi Capitals,7,6,48,16,6.86,0,0,0,0,54,3,2,23,0,5,43,88.89,9.26,42.59,48.0
K Rabada,2022,Punjab Kings,7,3,48,25,6.86,0,0,0,0,47,5,2,20,0,2,46,102.13,14.89,42.55,12.0
PK Garg,2022,Sunrisers Hyderabad,2,0,46,42,23.0,0,0,1,0,33,4,2,11,24,22,0,139.39,18.18,33.33,23.0
Ramandeep Singh,2022,Mumbai Indians,4,2,45,14,11.25,0,0,0,0,42,3,1,12,2,16,27,107.14,9.52,28.57,22.5
D Pretorius,2022,Chennai Super Kings,5,1,44,22,8.8,0,0,0,1,28,3,3,10,0,0,44,157.14,21.43,35.71,11.0
HR Shokeen,2022,Mumbai Indians,2,0,43,25,21.5,0,0,0,0,48,5,0,24,1,42,0,89.58,10.42,50.0,21.5
PVD Chameera,2022,Lucknow Super Giants,7,4,43,17,6.14,0,0,0,1,32,3,3,11,0,0,43,134.38,18.75,34.38,14.33
HV Patel,2022,Royal Challengers Bengaluru,7,3,43,11,6.14,0,0,0,0,42,4,2,19,0,4,39,102.38,14.29,45.24,10.75
N Jagadeesan,2022,Chennai Super Kings,2,1,40,39,20.0,0,0,1,0,40,3,1,12,0,29,11,100.0,10.0,30.0,40.0
TA Boult,2022,Rajasthan Royals,7,5,40,17,5.71,0,0,0,0,30,2,1,6,0,0,40,133.33,10.0,20.0,20.0
DR Sams,2022,Mumbai Indians,10,3,38,15,3.8,0,0,0,2,40,1,3,18,1,16,21,95.0,10.0,45.0,5.43
PWH de Silva,2022,Royal Challengers Bengaluru,7,0,38,18,5.43,0,0,0,2,48,4,1,24,0,17,21,79.17,10.42,50.0,5.43
R Dhawan,2022,Punjab Kings,4,2,37,21,9.25,0,0,0,0,41,4,2,25,0,4,33,90.24,14.63,60.98,18.5
DJ Mitchell,2022,Rajasthan Royals,2,0,33,17,16.5,0,0,0,0,46,1,0,16,0,33,0,71.74,2.17,34.78,16.5
SE Rutherford,2022,Royal Challengers Bengaluru,2,0,33,28,16.5,0,0,0,0,52,1,1,24,4,26,3,63.46,3.85,46.15,16.5
JDS Neesham,2022,Rajasthan Royals,2,1,31,17,15.5,0,0,0,0,27,3,0,7,0,15,16,114.81,11.11,25.93,31.0
Mohammed Siraj,2022,Royal Challengers Bengaluru,4,2,30,14,7.5,0,0,0,0,33,5,0,19,0,0,30,90.91,15.15,57.58,15.0
B Kumar,2022,Sunrisers Hyderabad,6,4,24,8,4.0,0,0,0,0,28,3,0,10,0,0,24,85.71,10.71,35.71,12.0
TL Seifert,2022,Delhi Capitals,2,0,24,21,12.0,0,0,0,0,21,4,0,10,24,0,0,114.29,19.05,47.62,12.0
DJ Bravo,2022,Chennai Super Kings,6,4,23,12,3.83,0,0,0,1,26,1,1,9,0,12,11,88.46,7.69,34.62,11.5
Mohsin Khan,2022,Lucknow Super Giants,3,2,23,13,7.67,0,0,0,0,19,2,1,5,0,1,22,121.05,15.79,26.32,23.0
SP Jackson,2022,Kolkata Knight Riders,5,1,23,8,4.6,0,0,0,1,26,0,1,10,0,8,15,88.46,3.85,38.46,5.75
Avesh Khan,2022,Lucknow Super Giants,4,3,22,12,5.5,0,0,0,0,13,0,3,6,0,12,10,169.23,23.08,46.15,22.0
MJ Santner,2022,Chennai Super Kings,4,2,22,11,5.5,0,0,0,0,30,3,0,15,20,0,2,73.33,10.0,50.0,11.0
Harpreet Brar,2022,Punjab Kings,3,0,22,14,7.33,0,0,0,0,25,1,2,16,0,15,7,88.0,12.0,64.0,7.33
HE van der Dussen,2022,Rajasthan Royals,3,1,22,12,7.33,0,0,0,0,25,2,0,9,0,10,12,88.0,8.0,36.0,11.0
B Indrajith,2022,Kolkata Knight Riders,3,0,21,15,7.0,0,0,0,1,31,2,0,17,19,2,0,67.74,6.45,54.84,7.0
Arshdeep Singh,2022,Punjab Kings,6,3,21,10,3.5,0,0,0,2,30,3,0,20,0,4,17,70.0,10.0,66.67,7.0
M Vohra,2022,Lucknow Super Giants,1,0,19,19,19.0,0,0,0,0,12,1,2,4,19,0,0,158.33,25.0,33.33,19.0
V Shankar,2022,Gujarat Titans,4,0,19,13,4.75,0,0,0,1,36,1,0,19,19,0,0,52.78,2.78,52.78,4.75
DJ Willey,2022,Royal Challengers Bengaluru,2,0,18,18,9.0,0,0,0,1,32,3,0,21,6,12,0,56.25,9.38,65.63,9.0
Mandeep Singh,2022,Delhi Capitals,3,0,18,18,6.0,0,0,0,2,24,4,0,16,18,0,0,75.0,16.67,66.67,6.0
JR Hazlewood,2022,Royal Challengers Bengaluru,5,5,18,7,3.6,0,0,0,0,27,1,0,12,0,2,16,66.67,3.7,44.44,
KK Nair,2022,Rajasthan Royals,2,0,16,13,8.0,0,0,0,0,18,1,0,4,0,13,3,88.89,5.56,22.22,8.0
P Simran Singh,2022,Punjab Kings,1,0,14,14,14.0,0,0,0,0,11,2,0,5,14,0,0,127.27,18.18,45.45,14.0
Anmolpreet Singh,2022,Mumbai Indians,2,0,13,8,6.5,0,0,0,0,13,1,0,5,5,8,0,100.0,7.69,38.46,6.5
CV Varun,2022,Kolkata Knight Riders,3,3,12,10,4.0,0,0,0,0,18,2,0,12,0,0,12,66.67,11.11,66.67,
M Ashwin,2022,Mumbai Indians,4,2,12,6,3.0,0,0,0,1,14,1,1,10,0,0,12,85.71,14.29,71.43,6.0
RA Bawa,2022,Punjab Kings,2,0,11,11,5.5,0,0,0,1,14,1,0,7,0,11,0,78.57,7.14,50.0,5.5
CJ Jordan,2022,Chennai Super Kings,2,1,11,6,5.5,0,0,0,0,9,0,0,2,0,0,11,122.22,0.0,22.22,11.0
M Jansen,2022,Sunrisers Hyderabad,2,1,9,8,4.5,0,0,0,0,7,0,1,3,0,0,9,128.57,14.29,42.86,9.0
S Gopal,2022,Sunrisers Hyderabad,1,1,9,9,9.0,0,0,0,0,7,2,0,4,0,0,9,128.57,28.57,57.14,
OC McCoy,2022,Rajasthan Royals,1,1,8,8,8.0,0,0,0,0,5,0,1,2,0,0,8,160.0,20.0,40.0,
FA Allen,2022,Mumbai Indians,1,0,8,8,8.0,0,0,0,0,7,1,0,3,0,0,8,114.29,14.29,42.86,8.0
KS Bharat,2022,Delhi Capitals,2,0,8,8,4.0,0,0,0,1,7,2,0,5,8,0,0,114.29,28.57,71.43,4.0
Simarjeet Singh,2022,Chennai Super Kings,3,2,7,3,2.33,0,0,0,0,8,0,0,3,0,2,5,87.5,0.0,37.5,7.0
M Theekshana,2022,Chennai Super Kings,2,1,7,7,3.5,0,0,0,1,7,0,1,4,0,0,7,100.0,14.29,57.14,7.0
Rasikh Salam,2022,Kolkata Knight Riders,1,0,7,7,7.0,0,0,0,0,6,1,0,4,0,0,7,116.67,16.67,66.67,7.0
SA Abbott,2022,Sunrisers Hyderabad,1,0,7,7,7.0,0,0,0,0,5,0,1,3,0,0,7,140.0,20.0,60.0,7.0
Kartik Tyagi,2022,Sunrisers Hyderabad,2,0,7,7,3.5,0,0,0,1,6,1,0,3,0,0,7,116.67,16.67,50.0,3.5
Mukesh Choudhary,2022,Chennai Super Kings,2,2,6,4,3.0,0,0,0,0,6,1,0,3,0,4,2,100.0,16.67,50.0,
RV Patel,2022,Delhi Capitals,1,0,6,6,6.0,0,0,0,0,3,0,1,2,0,6,0,200.0,33.33,66.67,6.0
M Prasidh Krishna,2022,Rajasthan Royals,2,1,6,4,3.0,0,0,0,0,12,0,0,6,0,0,6,50.0,0.0,50.0,6.0
LH Ferguson,2022,Gujarat Titans,2,0,5,5,2.5,0,0,0,1,4,1,0,2,0,0,5,125.0,25.0,50.0,2.5
YS Chahal,2022,Rajasthan Royals,1,0,5,5,5.0,0,0,0,0,8,0,0,4,0,0,5,62.5,0.0,50.0,5.0
VG Arora,2022,Punjab Kings,4,2,5,2,1.25,0,0,0,1,14,0,0,8,0,0,5,35.71,0.0,57.14,2.5
Aman Hakim Khan,2022,Kolkata Knight Riders,1,0,5,5,5.0,0,0,0,0,3,1,0,1,0,0,5,166.67,33.33,33.33,5.0
AS Joseph,2022,Gujarat Titans,3,2,5,4,1.67,0,0,0,1,7,0,0,2,0,0,5,71.43,0.0,28.57,5.0
Abdul Samad,2022,Sunrisers Hyderabad,2,0,4,4,2.0,0,0,0,1,7,0,0,3,0,4,0,57.14,0.0,42.86,2.0
KS Sharma,2022,Lucknow Super Giants,1,0,4,4,4.0,0,0,0,0,4,1,0,3,4,0,0,100.0,25.0,75.0,4.0
Umran Malik,2022,Sunrisers Hyderabad,4,3,4,3,1.0,0,0,0,1,8,0,0,4,0,0,4,50.0,0.0,50.0,4.0
PN Mankad,2022,Punjab Kings,1,1,4,4,4.0,0,0,0,0,1,1,0,0,0,0,4,400.0,100.0,0.0,
A Tomar,2022,Kolkata Knight Riders,1,0,4,4,4.0,0,0,0,0,8,1,0,7,4,0,0,50.0,12.5,87.5,4.0
Shivam Mavi,2022,Kolkata Knight Riders,3,1,3,2,1.0,0,0,0,1,8,0,0,4,0,3,0,37.5,0.0,50.0,1.5
K Kartikeya,2022,Mumbai Indians,1,0,3,3,3.0,0,0,0,0,6,0,0,2,0,0,3,50.0,0.0,33.33,3.0
Mustafizur Rahman,2022,Delhi Capitals,1,1,3,3,3.0,0,0,0,0,5,0,0,2,0,0,3,60.0,0.0,40.0,
Fazalhaq Farooqi,2022,Sunrisers Hyderabad,1,1,2,2,2.0,0,0,0,0,8,0,0,6,0,0,2,25.0,0.0,75.0,
PJ Sangwan,2022,Gujarat Titans,1,0,2,2,2.0,0,0,0,0,6,0,0,3,0,0,2,33.33,0.0,50.0,2.0
J Suchith,2022,Sunrisers Hyderabad,2,0,2,2,1.0,0,0,0,1,8,0,0,5,0,2,0,25.0,0.0,62.5,1.0
Navdeep Saini,2022,Rajasthan Royals,1,0,2,2,2.0,0,0,0,0,2,0,0,1,0,0,2,100.0,0.0,50.0,2.0
Harshit Rana,2022,Kolkata Knight Riders,2,1,2,2,1.0,0,0,0,0,2,0,0,1,0,2,0,100.0,0.0,50.0,2.0
TG Southee,2022,Kolkata Knight Riders,5,1,2,1,0.4,0,0,0,3,12,0,0,10,0,1,1,16.67,0.0,83.33,0.5
T Stubbs,2022,Mumbai Indians,2,1,2,2,1.0,0,0,0,1,4,0,0,2,0,0,2,50.0,0.0,50.0,2.0
NM Coulter-Nile,2022,Rajasthan Royals,1,1,1,1,1.0,0,0,0,0,2,0,0,0,0,0,1,50.0,0.0,0.0,
A Nortje,2022,Delhi Capitals,1,1,1,1,1.0,0,0,0,0,7,0,0,5,0,0,1,14.29,0.0,71.43,
Yash Dayal,2022,Gujarat Titans,1,0,0,0,0.0,0,0,0,1,1,0,0,1,0,0,0,0.0,0.0,100.0,0.0
NT Ellis,2022,Punjab Kings,1,0,0,0,0.0,0,0,0,1,2,0,0,2,0,0,0,0.0,0.0,100.0,0.0
RP Meredith,2022,Mumbai Indians,1,0,0,0,0.0,0,0,0,1,1,0,0,1,0,0,0,0.0,0.0,100.0,0.0
JJ Bumrah,2022,Mumbai Indians,4,3,0,0,0.0,0,0,0,1,9,0,0,8,0,0,0,0.0,0.0,88.89,0.0
TS Mills,2022,Mumbai Indians,2,1,0,0,0.0,0,0,0,1,3,0,0,3,0,0,0,0.0,0.0,100.0,0.0
Ravi Bishnoi,2022,Lucknow Super Giants,1,1,0,0,0.0,0,0,0,0,1,0,0,1,0,0,0,0.0,0.0,100.0,
KK Ahmed,2022,Delhi Capitals,2,0,0,0,0.0,0,0,0,2,2,0,0,2,0,0,0,0.0,0.0,100.0,0.0
KR Sen,2022,Rajasthan Royals,1,1,0,0,0.0,0,0,0,0,3,0,0,3,0,0,0,0.0,0.0,100.0,
K Gowtham,2022,Lucknow Super Giants,1,0,0,0,0.0,0,0,0,1,2,0,0,1,0,0,0,0.0,0.0,50.0,0.0
AS Roy,2022,Kolkata Knight Riders,1,0,0,0,0.0,0,0,0,1,2,0,0,2,0,0,0,0.0,0.0,100.0,0.0
R Sanjay Yadav,2022,Mumbai Indians,1,0,0,0,0.0,0,0,0,1,2,0,0,2,0,0,0,0.0,0.0,100.0,0.0
Akash Deep,2022,Royal Challengers Bengaluru,1,0,0,0,0.0,0,0,0,1,2,0,0,2,0,0,0,0.0,0.0,100.0,0.0
Shubman Gill,2023,Gujarat Titans,17,2,890,129,52.35,3,4,6,1,582,85,33,144,356,429,105,152.92,20.27,24.74,59.33
F du Plessis,2023,Royal Challengers Bengaluru,14,1,730,84,52.14,0,8,2,0,483,60,36,124,359,308,63,151.14,19.88,25.67,56.15
DP Conway,2023,Chennai Super Kings,15,1,672,92,44.8,0,6,5,1,493,77,18,152,307,304,61,136.31,19.27,30.83,48.0
V Kohli,2023,Royal Challengers Bengaluru,14,2,639,101,45.64,2,6,1,1,473,65,16,127,301,264,74,135.1,17.12,26.85,53.25
YBK Jaiswal,2023,Rajasthan Royals,14,2,625,124,44.64,1,5,3,1,397,83,26,144,361,217,47,157.43,27.46,36.27,52.08
SA Yadav,2023,Mumbai Indians,16,2,605,103,37.81,1,5,2,1,340,65,28,89,46,450,109,177.94,27.35,26.18,43.21
RD Gaikwad,2023,Chennai Super Kings,15,2,590,92,39.33,0,4,6,0,411,46,30,128,345,230,15,143.55,18.49,31.14,45.38
DA Warner,2023,Delhi Capitals,14,1,516,86,36.86,0,6,2,2,406,69,10,153,299,185,32,127.09,19.46,37.68,39.69
RK Singh,2023,Kolkata Knight Riders,14,6,474,67,33.86,0,4,3,0,333,31,29,97,18,176,280,142.34,18.02,29.13,59.25
Ishan Kishan,2023,Mumbai Indians,15,0,454,75,30.27,0,3,5,0,325,54,18,126,333,120,1,139.69,22.15,38.77,30.27
C Green,2023,Mumbai Indians,16,6,452,100,28.25,1,2,4,0,287,40,22,76,167,198,87,157.49,21.6,26.48,45.2
H Klaasen,2023,Sunrisers Hyderabad,11,2,448,104,40.73,1,2,4,0,262,32,25,48,36,249,163,170.99,21.76,18.32,49.78
S Dube,2023,Chennai Super Kings,14,3,418,52,29.86,0,3,2,0,277,12,35,74,0,288,130,150.9,16.97,26.71,38.0
N Rana,2023,Kolkata Knight Riders,14,1,413,75,29.5,0,3,3,0,303,39,20,105,94,269,50,136.3,19.47,34.65,31.77
MP Stoinis,2023,Lucknow Super Giants,15,1,408,89,27.2,0,3,2,2,281,28,27,93,49,239,120,145.2,19.57,33.1,29.14
VR Iyer,2023,Kolkata Knight Riders,14,0,404,104,28.86,1,2,2,1,288,32,21,86,142,234,28,140.28,18.4,29.86,28.86
GJ Maxwell,2023,Royal Challengers Bengaluru,14,2,400,77,28.57,0,5,0,2,225,29,31,68,83,249,68,177.78,26.67,30.22,33.33
JC Buttler,2023,Rajasthan Royals,14,0,392,95,28.0,0,4,1,5,298,42,14,99,185,158,49,131.54,18.79,33.22,28.0
KR Mayers,2023,Lucknow Super Giants,13,0,379,73,29.15,0,4,1,2,276,38,22,119,282,97,0,137.32,21.74,43.12,29.15
S Dhawan,2023,Punjab Kings,11,1,373,99,33.91,0,3,2,1,275,49,12,102,159,134,80,135.64,22.18,37.09,37.3
WP Saha,2023,Gujarat Titans,17,1,371,81,21.82,0,2,3,2,297,47,8,108,287,84,0,124.92,18.52,36.36,23.19
B Sai Sudharsan,2023,Gujarat Titans,8,2,362,96,45.25,0,3,2,0,264,33,12,72,80,194,88,137.12,17.05,27.27,60.33
SV Samson,2023,Rajasthan Royals,14,3,362,66,25.86,0,3,3,2,240,25,24,79,76,242,44,150.83,20.42,32.92,32.91
N Pooran,2023,Lucknow Super Giants,15,4,358,62,23.87,0,2,4,2,217,26,26,66,7,176,175,164.98,23.96,30.41,32.55
P Simran Singh,2023,Punjab Kings,14,0,358,103,25.57,1,1,2,2,245,38,19,100,219,105,34,146.12,23.27,40.82,25.57
HH Pandya,2023,Gujarat Titans,15,4,346,66,23.07,0,2,1,0,254,26,15,77,60,182,104,136.22,16.14,30.31,31.45
Tilak Varma,2023,Mumbai Indians,11,3,343,84,31.18,0,1,4,0,226,26,23,70,50,167,126,151.77,21.68,30.97,42.88
RG Sharma,2023,Mumbai Indians,16,0,332,65,20.75,0,2,2,2,258,35,17,110,234,94,4,128.68,20.16,42.64,20.75
AM Rahane,2023,Chennai Super Kings,11,1,326,71,29.64,0,2,2,0,193,24,16,36,125,167,34,168.91,20.73,18.65,32.6
JM Sharma,2023,Punjab Kings,14,1,309,49,22.07,0,0,3,1,205,22,21,70,10,187,112,150.73,20.98,34.15,23.77
V Shankar,2023,Gujarat Titans,10,2,301,63,30.1,0,3,0,0,199,27,15,52,51,128,122,151.26,21.11,26.13,37.63
SO Hetmyer,2023,Rajasthan Royals,13,5,299,56,23.0,0,1,5,0,205,12,23,62,7,99,193,145.85,17.07,30.24,37.38
JJ Roy,2023,Kolkata Knight Riders,8,0,285,61,35.63,0,2,3,0,196,36,12,73,177,108,0,145.41,24.49,37.24,35.63
AR Patel,2023,Delhi Capitals,13,3,283,54,21.77,0,1,2,0,216,21,15,67,2,123,158,131.02,16.67,31.02,28.3
LS Livingstone,2023,Punjab Kings,9,1,279,94,31.0,0,2,1,0,175,20,19,51,28,148,103,159.43,22.29,29.14,34.88
SM Curran,2023,Punjab Kings,13,3,276,55,21.23,0,1,1,0,213,20,13,67,14,116,146,129.58,15.49,31.46,27.6
KL Rahul,2023,Lucknow Super Giants,9,1,274,74,30.44,0,2,2,0,247,28,4,88,137,107,30,110.93,12.96,35.63,34.25
RA Tripathi,2023,Sunrisers Hyderabad,13,1,273,74,21.0,0,1,2,1,217,29,10,83,94,155,24,125.81,17.97,38.25,22.75
MA Agarwal,2023,Sunrisers Hyderabad,10,0,270,83,27.0,0,1,2,0,219,29,6,65,146,114,10,123.29,15.98,29.68,27.0
D Padikkal,2023,Rajasthan Royals,11,0,261,52,23.73,0,2,1,0,206,31,6,69,108,105,48,126.7,17.96,33.5,23.73
DA Miller,2023,Gujarat Titans,13,5,259,46,19.92,0,0,5,1,184,18,13,43,5,109,145,140.76,16.85,23.37,32.38
AK Markram,2023,Sunrisers Hyderabad,13,2,248,50,19.08,0,1,2,1,200,18,8,57,18,190,40,124.0,13.0,28.5,22.55
N Wadhera,2023,Mumbai Indians,10,1,241,64,24.1,0,2,1,1,171,23,12,59,20,144,77,140.94,20.47,34.5,26.78
A Badoni,2023,Lucknow Super Giants,12,3,238,59,19.83,0,1,2,0,186,13,12,52,8,87,143,127.96,13.44,27.96,26.44
TH David,2023,Mumbai Indians,15,7,231,45,15.4,0,0,3,2,155,12,15,38,0,44,187,149.03,17.42,24.52,28.88
Rahmanullah Gurbaz,2023,Kolkata Knight Riders,11,0,227,81,20.64,0,2,0,2,178,17,15,76,145,82,0,127.53,17.98,42.7,20.64
AD Russell,2023,Kolkata Knight Riders,14,2,227,42,16.21,0,0,4,1,162,13,18,67,0,93,134,140.12,19.14,41.36,18.92
Abhishek Sharma,2023,Sunrisers Hyderabad,11,0,226,67,20.55,0,2,2,1,166,28,6,53,117,80,29,136.14,20.48,31.93,20.55
PD Salt,2023,Delhi Capitals,9,1,218,87,24.22,0,2,0,2,135,24,10,42,108,80,30,161.48,25.19,31.11,27.25
RR Rossouw,2023,Delhi Capitals,9,2,209,82,23.22,0,1,3,2,148,17,11,51,37,126,46,141.22,18.92,34.46,29.86
HC Brook,2023,Sunrisers Hyderabad,11,2,190,100,17.27,1,0,0,3,159,23,4,64,96,58,36,119.5,16.98,40.25,21.11
RA Jadeja,2023,Chennai Super Kings,12,4,190,25,15.83,0,0,0,0,138,11,9,29,0,26,164,137.68,14.49,21.01,23.75
KH Pandya,2023,Lucknow Super Giants,14,3,188,49,13.43,0,0,2,3,172,15,6,66,29,139,20,109.3,12.21,38.37,17.09
Atharva Taide,2023,Punjab Kings,7,1,186,66,26.57,0,2,0,1,136,20,6,43,102,84,0,136.76,19.12,31.62,31.0
Abdul Samad,2023,Sunrisers Hyderabad,8,3,169,37,21.13,0,0,2,0,131,10,11,47,0,49,120,129.01,16.03,35.88,33.8
MK Pandey,2023,Delhi Capitals,9,0,160,50,17.78,0,1,1,2,149,15,3,54,37,111,12,107.38,12.08,36.24,17.78
AT Rayudu,2023,Chennai Super Kings,12,2,158,27,13.17,0,0,0,1,115,10,9,36,0,74,84,137.39,16.52,31.3,15.8
M Shahrukh Khan,2023,Punjab Kings,12,5,156,41,13.0,0,0,1,0,100,13,9,28,0,13,143,156.0,22.0,28.0,22.29
Dhruv Jurel,2023,Rajasthan Royals,11,5,152,34,13.82,0,0,3,1,93,11,9,20,0,12,140,163.44,21.51,21.51,25.33
Q de Kock,2023,Lucknow Super Giants,4,0,143,70,35.75,0,1,0,0,103,10,8,31,70,64,9,138.83,17.48,30.1,35.75
KD Karthik,2023,Royal Challengers Bengaluru,13,2,140,30,10.77,0,0,1,4,106,13,5,34,0,33,107,132.08,16.98,32.08,12.73
Sikandar Raza,2023,Punjab Kings,7,2,139,57,19.86,0,1,1,0,104,10,6,35,8,84,47,133.65,15.38,33.65,27.8
MK Lomror,2023,Royal Challengers Bengaluru,10,2,135,54,13.5,0,1,1,1,101,9,8,28,3,94,38,133.66,16.83,27.72,16.88
Rashid Khan,2023,Gujarat Titans,9,5,130,79,14.44,0,1,1,2,66,8,13,22,0,28,102,196.97,31.82,33.33,32.5
MR Marsh,2023,Delhi Capitals,9,1,128,63,14.22,0,1,0,2,97,11,7,40,65,63,0,131.96,18.56,41.24,16.0
MM Ali,2023,Chennai Super Kings,10,3,124,23,12.4,0,0,0,0,92,12,6,34,23,62,39,134.78,19.57,36.96,17.71
MW Short,2023,Punjab Kings,6,0,117,36,19.5,0,0,2,0,99,15,4,43,107,10,0,118.18,19.19,43.43,19.5
A Manohar,2023,Gujarat Titans,6,0,114,42,19.0,0,0,1,0,86,6,7,25,0,58,56,132.56,15.12,29.07,19.0
SN Thakur,2023,Kolkata Knight Riders,9,1,113,68,12.56,0,1,0,2,72,13,4,20,0,61,52,156.94,23.61,27.78,14.13
Aman Hakim Khan,2023,Delhi Capitals,9,1,110,51,12.22,0,1,0,1,106,7,6,47,4,52,54,103.77,12.26,44.34,13.75
PP Shaw,2023,Delhi Capitals,8,0,106,54,13.25,0,1,0,2,90,16,1,36,78,28,0,117.78,18.89,40.0,13.25
Anmolpreet Singh,2023,Sunrisers Hyderabad,4,0,105,36,26.25,0,0,3,0,83,15,2,35,90,15,0,126.51,20.48,42.17,26.25
MS Dhoni,2023,Chennai Super Kings,12,8,104,32,8.67,0,0,1,1,63,3,10,14,0,0,104,165.08,20.63,22.22,26.0
PN Mankad,2023,Lucknow Super Giants,4,1,93,64,23.25,0,1,0,1,74,12,2,28,45,34,14,125.68,18.92,37.84,31.0
Anuj Rawat,2023,Royal Challengers Bengaluru,7,4,91,29,13.0,0,0,0,0,72,6,4,23,6,11,74,126.39,13.89,31.94,30.33
N Jagadeesan,2023,Kolkata Knight Riders,6,0,89,36,14.83,0,0,1,1,84,14,1,42,63,26,0,105.95,17.86,50.0,14.83
R Tewatia,2023,Gujarat Titans,10,6,87,20,8.7,0,0,0,0,61,3,7,16,0,17,70,142.62,16.39,26.23,21.75
DJ Hooda,2023,Lucknow Super Giants,12,2,84,17,7.0,0,0,0,0,93,3,2,32,27,44,13,90.32,5.38,34.41,8.4
R Parag,2023,Rajasthan Royals,7,1,78,20,11.14,0,0,0,0,68,4,5,25,0,44,34,114.71,13.24,36.76,13.0
Harpreet Singh,2023,Punjab Kings,3,1,76,41,25.33,0,0,1,0,59,8,3,23,18,33,25,128.81,18.64,38.98,38.0
PBB Rajapaksa,2023,Punjab Kings,4,1,71,50,17.75,0,1,0,1,64,6,2,22,21,48,2,110.94,12.5,34.38,23.67
Vivrant Sharma,2023,Sunrisers Hyderabad,1,0,69,69,69.0,0,1,0,0,49,9,2,14,27,42,0,140.82,22.45,28.57,69.0
R Ashwin,2023,Rajasthan Royals,9,4,67,30,7.44,0,0,1,1,55,5,3,18,0,32,35,121.82,14.55,32.73,13.4
Lalit Yadav,2023,Delhi Capitals,6,1,66,38,11.0,0,0,1,0,62,8,0,20,2,40,24,106.45,12.9,32.26,13.2
K Gowtham,2023,Lucknow Super Giants,7,3,61,23,8.71,0,0,0,0,44,2,5,10,0,25,36,138.64,15.91,22.73,15.25
Washington Sundar,2023,Sunrisers Hyderabad,5,2,60,24,12.0,0,0,0,0,62,6,0,20,0,14,46,96.77,9.68,32.26,20.0
MG Bracewell,2023,Royal Challengers Bengaluru,4,2,58,26,14.5,0,0,0,0,49,6,1,12,2,43,13,118.37,14.29,24.49,29.0
SN Khan,2023,Delhi Capitals,4,0,53,30,13.25,0,0,1,0,62,4,1,27,14,25,14,85.48,8.06,43.55,13.25
Harpreet Brar,2023,Punjab Kings,8,1,52,17,6.5,0,0,0,1,42,5,2,14,0,8,44,123.81,16.67,33.33,7.43
RV Patel,2023,Delhi Capitals,4,1,49,23,12.25,0,0,0,0,44,3,1,9,0,4,45,111.36,9.09,20.45,16.33
B Kumar,2023,Sunrisers Hyderabad,5,2,42,27,8.4,0,0,0,0,49,4,0,19,0,18,24,85.71,8.16,38.78,14.0
Shahbaz Ahmed,2023,Royal Challengers Bengaluru,6,2,42,20,7.0,0,0,0,0,41,3,1,10,4,12,26,102.44,9.76,24.39,10.5
GD Phillips,2023,Sunrisers Hyderabad,5,0,39,25,7.8,0,0,0,1,22,2,4,10,0,8,31,177.27,27.27,45.45,7.8
M Jansen,2023,Sunrisers Hyderabad,6,2,39,17,6.5,0,0,0,0,45,4,0,15,0,7,32,86.67,8.89,33.33,9.75
A Nortje,2023,Delhi Capitals,7,5,37,23,5.29,0,0,0,1,29,6,0,9,0,0,37,127.59,20.69,31.03,18.5
Vishnu Vinod,2023,Mumbai Indians,3,0,37,30,12.33,0,0,1,0,32,2,2,10,0,34,3,115.63,12.5,31.25,12.33
SS Prabhudessai,2023,Royal Challengers Bengaluru,4,1,35,19,8.75,0,0,0,1,32,1,2,12,0,16,19,109.38,9.38,37.5,11.67
DJ Willey,2023,Royal Challengers Bengaluru,3,3,35,20,11.67,0,0,0,0,32,4,0,11,0,11,24,109.38,12.5,34.38,
Abishek Porel,2023,Delhi Capitals,4,0,33,20,8.25,0,0,0,0,31,1,2,11,1,24,8,106.45,9.68,35.48,8.25
PWH de Silva,2023,Royal Challengers Bengaluru,5,2,33,12,6.6,0,0,0,0,30,3,0,8,0,0,33,110.0,10.0,26.67,11.0
Kuldeep Yadav,2023,Delhi Capitals,10,7,31,10,3.1,0,0,0,2,50,2,0,25,0,0,31,62.0,4.0,50.0,10.33
MD Shanaka,2023,Gujarat Titans,3,1,26,17,8.67,0,0,0,1,26,2,1,12,0,17,9,100.0,11.54,46.15,13.0
T Stubbs,2023,Mumbai Indians,2,0,25,20,12.5,0,0,0,0,31,2,0,14,0,9,16,80.65,6.45,45.16,12.5
PP Chawla,2023,Mumbai Indians,4,2,25,18,6.25,0,0,0,1,22,1,1,6,0,8,17,113.64,9.09,27.27,12.5
AS Roy,2023,Kolkata Knight Riders,4,2,23,13,5.75,0,0,0,1,19,3,0,7,4,0,19,121.05,15.79,36.84,11.5
HR Shokeen,2023,Mumbai Indians,3,2,23,18,7.67,0,0,0,0,19,4,0,5,0,0,23,121.05,21.05,26.32,23.0
AU Rashid,2023,Sunrisers Hyderabad,2,0,22,18,11.0,0,0,0,0,17,2,1,7,0,18,4,129.41,17.65,41.18,11.0
PK Garg,2023,Delhi Capitals,2,0,22,12,11.0,0,0,0,0,23,1,0,8,10,11,1,95.65,4.35,34.78,11.0
SP Narine,2023,Kolkata Knight Riders,10,3,21,7,2.1,0,0,0,3,28,2,1,14,0,5,16,75.0,10.71,50.0,3.0
D Wiese,2023,Kolkata Knight Riders,3,2,21,12,7.0,0,0,0,0,11,0,3,4,0,0,21,190.91,27.27,36.36,21.0
M Markande,2023,Sunrisers Hyderabad,3,3,21,18,7.0,0,0,0,0,14,2,1,3,0,0,21,150.0,21.43,21.43,
R Dhawan,2023,Punjab Kings,2,1,20,19,10.0,0,0,0,0,12,1,1,3,0,5,15,166.67,16.67,25.0,20.0
Ravi Bishnoi,2023,Lucknow Super Giants,7,4,20,5,2.86,0,0,0,0,28,1,0,13,0,8,12,71.43,3.57,46.43,6.67
UT Yadav,2023,Kolkata Knight Riders,5,3,19,6,3.8,0,0,0,0,20,1,0,6,0,1,18,95.0,5.0,30.0,9.5
A Mishra,2023,Lucknow Super Giants,1,0,19,19,19.0,0,0,0,0,30,2,0,17,0,6,13,63.33,6.67,56.67,19.0
Umran Malik,2023,Sunrisers Hyderabad,1,1,19,19,19.0,0,0,0,0,8,1,2,3,0,0,19,237.5,37.5,37.5,
Arshad Khan,2023,Mumbai Indians,3,1,18,15,6.0,0,0,0,0,15,0,1,4,0,2,16,120.0,6.67,26.67,9.0
Akash Deep,2023,Royal Challengers Bengaluru,1,0,17,17,17.0,0,0,0,0,8,2,1,2,0,5,12,212.5,37.5,25.0,17.0
Naveen-ul-Haq,2023,Lucknow Super Giants,3,1,16,13,5.33,0,0,0,0,22,2,0,8,0,1,15,72.73,9.09,36.36,8.0
YV Dhull,2023,Delhi Capitals,3,0,16,13,5.33,0,0,0,0,23,1,0,10,2,14,0,69.57,4.35,43.48,5.33
P Dubey,2023,Delhi Capitals,1,0,16,16,16.0,0,0,0,0,20,2,0,10,0,13,3,80.0,10.0,50.0,16.0
AJ Hosein,2023,Sunrisers Hyderabad,1,1,16,16,16.0,0,0,0,0,11,1,1,3,0,0,16,145.45,18.18,27.27,
TA Boult,2023,Rajasthan Royals,4,3,16,15,4.0,0,0,0,0,17,1,1,6,0,7,9,94.12,11.76,35.29,16.0
BA Stokes,2023,Chennai Super Kings,2,0,15,8,7.5,0,0,0,0,15,2,0,5,1,7,7,100.0,13.33,33.33,7.5
Mandeep Singh,2023,Kolkata Knight Riders,3,0,14,12,4.67,0,0,0,1,16,0,1,8,4,10,0,87.5,6.25,50.0,4.67
Vijaykumar Vyshak,2023,Royal Challengers Bengaluru,2,1,13,13,6.5,0,0,0,1,10,0,1,2,0,0,13,130.0,10.0,20.0,13.0
Arjun Tendulkar,2023,Mumbai Indians,1,0,13,13,13.0,0,0,0,0,9,0,1,2,0,0,13,144.44,11.11,22.22,13.0
JO Holder,2023,Rajasthan Royals,3,1,12,11,4.0,0,0,0,1,12,0,1,4,0,11,1,100.0,8.33,33.33,6.0
KS Sharma,2023,Lucknow Super Giants,2,0,12,9,6.0,0,0,0,0,21,0,0,9,6,6,0,57.14,0.0,42.86,6.0
KM Jadhav,2023,Royal Challengers Bengaluru,1,1,12,12,12.0,0,0,0,0,10,1,0,3,0,5,7,120.0,10.0,30.0,
Sanvir Singh,2023,Sunrisers Hyderabad,2,1,11,7,5.5,0,0,0,0,9,1,1,5,7,0,4,122.22,22.22,55.56,11.0
MA Wood,2023,Lucknow Super Giants,2,1,11,10,5.5,0,0,0,0,5,1,1,2,0,0,11,220.0,40.0,40.0,11.0
M Vohra,2023,Lucknow Super Giants,1,0,10,10,10.0,0,0,0,0,11,1,0,4,10,0,0,90.91,9.09,36.36,10.0
JE Root,2023,Rajasthan Royals,1,0,10,10,10.0,0,0,0,0,15,1,0,8,10,0,0,66.67,6.67,53.33,10.0
A Zampa,2023,Rajasthan Royals,3,0,10,7,3.33,0,0,0,0,17,0,0,6,0,4,6,58.82,0.0,35.29,3.33
JD Unadkat,2023,Lucknow Super Giants,1,0,9,9,9.0,0,0,0,0,7,1,0,1,0,0,9,128.57,14.29,14.29,9.0
Noor Ahmad,2023,Gujarat Titans,3,1,8,7,2.67,0,0,0,1,9,1,0,4,0,1,7,88.89,11.11,44.44,4.0
AS Joseph,2023,Gujarat Titans,1,1,7,7,7.0,0,0,0,0,12,1,0,7,0,3,4,58.33,8.33,58.33,
Mukesh Kumar,2023,Delhi Capitals,3,3,7,6,2.33,0,0,0,0,10,0,0,2,0,0,7,70.0,0.0,20.0,
R Powell,2023,Delhi Capitals,3,0,7,4,2.33,0,0,0,0,9,1,0,6,0,7,0,77.78,11.11,66.67,2.33
CJ Jordan,2023,Mumbai Indians,2,0,6,4,3.0,0,0,0,0,13,0,0,6,0,0,6,46.15,0.0,46.15,3.0
K Kartikeya,2023,Mumbai Indians,1,0,6,6,6.0,0,0,0,0,7,1,0,3,0,0,6,85.71,14.29,42.86,6.0
JP Behrendorff,2023,Mumbai Indians,2,2,6,3,3.0,0,0,0,0,9,0,0,3,0,0,6,66.67,0.0,33.33,
HV Patel,2023,Royal Challengers Bengaluru,2,0,6,6,3.0,0,0,0,1,6,0,1,4,0,6,0,100.0,16.67,66.67,3.0
Mohammed Shami,2023,Gujarat Titans,2,0,5,5,2.5,0,0,0,1,8,1,0,4,0,0,5,62.5,12.5,50.0,2.5
C Sakariya,2023,Delhi Capitals,2,1,4,4,2.0,0,0,0,0,6,1,0,5,0,0,4,66.67,16.67,83.33,4.0
JC Archer,2023,Mumbai Indians,2,2,4,3,2.0,0,0,0,0,4,0,0,1,0,0,4,100.0,0.0,25.0,
Liton Das,2023,Kolkata Knight Riders,1,0,4,4,4.0,0,0,0,0,4,1,0,3,4,0,0,100.0,25.0,75.0,4.0
VG Arora,2023,Kolkata Knight Riders,2,2,3,2,1.5,0,0,0,0,2,0,0,0,0,0,3,150.0,0.0,0.0,
KV Sharma,2023,Royal Challengers Bengaluru,2,0,3,2,1.5,0,0,0,0,5,0,0,3,0,1,2,60.0,0.0,60.0,1.5
MJ Santner,2023,Chennai Super Kings,2,2,2,1,1.0,0,0,0,0,4,0,0,1,0,0,2,50.0,0.0,25.0,
Swapnil Singh,2023,Lucknow Super Giants,1,1,2,2,2.0,0,0,0,0,4,0,0,2,0,0,2,50.0,0.0,50.0,
WD Parnell,2023,Royal Challengers Bengaluru,1,0,2,2,2.0,0,0,0,0,6,0,0,3,0,0,2,33.33,0.0,50.0,2.0
Sandeep Sharma,2023,Rajasthan Royals,2,2,2,2,1.0,0,0,0,0,7,0,0,4,0,0,2,28.57,0.0,57.14,
Arshdeep Singh,2023,Punjab Kings,1,1,2,2,2.0,0,0,0,0,2,0,0,1,0,0,2,100.0,0.0,50.0,
Mohammed Siraj,2023,Royal Challengers Bengaluru,2,1,1,1,0.5,0,0,0,1,2,0,0,1,0,0,1,50.0,0.0,50.0,1.0
DL Chahar,2023,Chennai Super Kings,1,1,1,1,1.0,0,0,0,0,2,0,0,1,0,0,1,50.0,0.0,50.0,
NT Ellis,2023,Punjab Kings,2,0,1,1,0.5,0,0,0,1,7,0,0,6,0,0,1,14.29,0.0,85.71,0.5
Abdul Basith,2023,Rajasthan Royals,1,1,1,1,1.0,0,0,0,0,1,0,0,0,0,0,1,100.0,0.0,0.0,
Mohit Rathee,2023,Punjab Kings,1,1,1,1,1.0,0,0,0,0,2,0,0,1,0,0,1,50.0,0.0,50.0,
Mustafizur Rahman,2023,Delhi Capitals,1,1,1,1,1.0,0,0,0,0,1,0,0,0,0,0,1,100.0,0.0,0.0,
CV Varun,2023,Kolkata Knight Riders,2,2,1,1,0.5,0,0,0,0,11,0,0,8,0,0,1,9.09,0.0,72.73,
Fazalhaq Farooqi,2023,Sunrisers Hyderabad,1,1,1,1,1.0,0,0,0,0,5,0,0,4,0,0,1,20.0,0.0,80.0,
JR Hazlewood,2023,Royal Challengers Bengaluru,1,1,1,1,1.0,0,0,0,0,2,0,0,1,0,0,1,50.0,0.0,50.0,
Yudhvir Singh,2023,Lucknow Super Giants,2,0,1,1,0.5,0,0,0,1,2,0,0,1,0,0,1,50.0,0.0,50.0,0.5
I Sharma,2023,Delhi Capitals,1,1,1,1,1.0,0,0,0,0,1,0,0,0,0,0,1,100.0,0.0,0.0,
K Rabada,2023,Punjab Kings,2,1,0,0,0.0,0,0,0,1,2,0,0,2,0,0,0,0.0,0.0,100.0,0.0
RD Chahar,2023,Punjab Kings,2,0,0,0,0.0,0,0,0,2,10,0,0,9,0,0,0,0.0,0.0,90.0,0.0
MM Sharma,2023,Gujarat Titans,1,1,0,0,0.0,0,0,0,0,1,0,0,0,0,0,0,0.0,0.0,0.0,
RP Meredith,2023,Mumbai Indians,1,1,0,0,0.0,0,0,0,0,2,0,0,2,0,0,0,0.0,0.0,100.0,
KM Asif,2023,Rajasthan Royals,1,0,0,0,0.0,0,0,0,1,2,0,0,2,0,0,0,0.0,0.0,100.0,0.0
Harshit Rana,2023,Kolkata Knight Riders,1,0,0,0,0.0,0,0,0,1,1,0,0,1,0,0,0,0.0,0.0,100.0,0.0
R Shepherd,2023,Lucknow Super Giants,1,0,0,0,0.0,0,0,0,1,1,0,0,1,0,0,0,0.0,0.0,100.0,0.0
TU Deshpande,2023,Chennai Super Kings,1,1,0,0,0.0,0,0,0,0,1,0,0,0,0,0,0,0.0,0.0,0.0,
Mohsin Khan,2023,Lucknow Super Giants,1,0,0,0,0.0,0,0,0,1,7,0,0,7,0,0,0,0.0,0.0,100.0,0.0
Avesh Khan,2023,Lucknow Super Giants,1,1,0,0,0.0,0,0,0,0,1,0,0,0,0,0,0,0.0,0.0,0.0,
DG Nalkande,2023,Gujarat Titans,1,0,0,0,0.0,0,0,0,1,1,0,0,1,0,0,0,0.0,0.0,100.0,0.0
V Kohli,2024,Royal Challengers Bengaluru,15,2,741,113,49.4,1,5,4,0,497,62,38,141,373,271,97,149.09,20.12,28.37,57.0
RD Gaikwad,2024,Chennai Super Kings,14,3,583,108,41.64,1,4,3,2,425,58,18,126,261,243,79,137.18,17.88,29.65,53.0
R Parag,2024,Rajasthan Royals,14,3,573,84,40.93,0,4,5,0,407,40,33,117,50,382,141,140.79,17.94,28.75,52.09
TM Head,2024,Sunrisers Hyderabad,15,1,567,102,37.8,1,4,3,3,307,64,32,87,402,165,0,184.69,31.27,28.34,40.5
SV Samson,2024,Rajasthan Royals,15,4,531,86,35.4,0,5,1,1,367,48,24,97,145,282,104,144.69,19.62,26.43,48.27
B Sai Sudharsan,2024,Gujarat Titans,12,1,527,103,43.92,1,2,7,0,388,48,17,103,164,312,51,135.82,16.75,26.55,47.91
KL Rahul,2024,Lucknow Super Giants,14,0,520,82,37.14,0,4,3,0,398,45,19,117,273,223,24,130.65,16.08,29.4,37.14
N Pooran,2024,Lucknow Super Giants,14,6,499,75,35.64,0,3,6,1,296,35,36,79,32,247,220,168.58,23.99,26.69,62.38
SP Narine,2024,Kolkata Knight Riders,14,1,488,109,34.86,1,3,1,1,292,50,33,98,281,177,30,167.12,28.42,33.56,37.54
Abhishek Sharma,2024,Sunrisers Hyderabad,16,1,484,75,30.25,0,3,5,0,248,36,42,75,343,141,0,195.16,31.45,30.24,32.27
H Klaasen,2024,Sunrisers Hyderabad,15,3,479,80,31.93,0,4,3,0,293,19,38,73,13,271,195,163.48,19.45,24.91,39.92
RR Pant,2024,Delhi Capitals,13,2,446,88,34.31,0,3,3,0,296,36,25,89,26,287,133,150.68,20.61,30.07,40.55
F du Plessis,2024,Royal Challengers Bengaluru,15,1,438,64,29.2,0,4,2,0,276,47,21,90,309,126,3,158.7,24.64,32.61,31.29
PD Salt,2024,Kolkata Knight Riders,12,1,435,89,36.25,0,4,3,1,250,50,24,78,296,134,5,174.0,29.6,31.2,39.55
YBK Jaiswal,2024,Rajasthan Royals,15,1,435,104,29.0,1,1,3,1,288,54,16,103,282,136,17,151.04,24.31,35.76,31.07
Shubman Gill,2024,Gujarat Titans,12,1,426,104,35.5,1,2,3,0,295,37,15,80,194,179,53,144.41,17.63,27.12,38.73
RG Sharma,2024,Mumbai Indians,14,1,417,105,29.79,1,1,4,1,293,45,23,119,269,120,28,142.32,23.21,40.61,32.08
Tilak Varma,2024,Mumbai Indians,13,3,416,65,32.0,0,3,5,0,291,35,19,78,40,303,73,142.96,18.56,26.8,41.6
S Dube,2024,Chennai Super Kings,14,3,396,66,28.29,0,3,3,2,259,28,28,78,0,219,177,152.9,21.62,30.12,36.0
RM Patidar,2024,Royal Challengers Bengaluru,13,0,395,55,30.38,0,5,2,1,237,21,33,65,63,312,20,166.67,22.78,27.43,30.38
MP Stoinis,2024,Lucknow Super Giants,14,2,388,124,27.71,1,2,1,1,272,39,16,88,130,209,49,142.65,20.22,32.35,32.33
T Stubbs,2024,Delhi Capitals,13,7,378,71,29.08,0,3,3,1,204,24,26,38,10,116,252,185.29,24.51,18.63,63.0
VR Iyer,2024,Kolkata Knight Riders,13,5,370,70,28.46,0,4,2,0,238,35,19,79,111,199,60,155.46,22.69,33.19,46.25
JC Buttler,2024,Rajasthan Royals,11,1,359,107,32.64,2,0,2,1,266,36,12,87,198,89,72,134.96,18.05,32.71,35.9
Shashank Singh,2024,Punjab Kings,14,7,354,68,25.29,0,2,3,2,225,28,21,55,34,185,135,157.33,21.78,24.44,50.57
SS Iyer,2024,Kolkata Knight Riders,14,5,351,58,25.07,0,2,4,1,250,34,14,70,18,220,113,140.4,19.2,28.0,39.0
SA Yadav,2024,Mumbai Indians,11,1,345,102,31.36,1,3,0,3,209,36,18,75,86,222,37,165.07,25.84,35.89,34.5
P Simran Singh,2024,Punjab Kings,14,1,334,71,23.86,0,2,3,1,216,34,20,87,236,98,0,154.63,25.0,40.28,25.69
J Fraser-McGurk,2024,Delhi Capitals,9,1,330,84,36.67,0,4,0,1,150,32,28,48,266,64,0,220.0,40.0,32.0,41.25
Abishek Porel,2024,Delhi Capitals,12,1,327,65,27.25,0,2,4,1,213,36,13,70,140,144,43,153.52,23.0,32.86,29.73
KD Karthik,2024,Royal Challengers Bengaluru,13,4,326,83,25.08,0,2,1,1,195,27,22,47,0,77,249,167.18,25.13,24.1,36.22
Ishan Kishan,2024,Mumbai Indians,14,0,320,69,22.86,0,1,4,2,222,35,16,82,239,74,7,144.14,22.97,36.94,22.86
DJ Mitchell,2024,Chennai Super Kings,13,2,318,63,24.46,0,2,2,0,228,27,10,57,97,175,46,139.47,16.23,25.0,28.91
Nithish Kumar Reddy,2024,Sunrisers Hyderabad,11,2,303,76,27.55,0,2,2,0,221,15,21,72,37,213,53,137.1,16.29,32.58,33.67
JM Bairstow,2024,Punjab Kings,11,1,298,108,27.09,1,0,2,1,197,33,14,71,169,118,11,151.27,23.86,36.04,29.8
SM Curran,2024,Punjab Kings,12,2,270,63,22.5,0,2,0,1,230,24,6,65,41,162,67,117.39,13.04,28.26,27.0
RA Jadeja,2024,Chennai Super Kings,11,5,267,57,24.27,0,1,3,0,191,22,8,43,8,118,141,139.79,15.71,22.51,44.5
C Green,2024,Royal Challengers Bengaluru,12,3,255,46,21.25,0,0,5,0,185,22,10,51,29,109,117,137.84,17.3,27.57,28.33
Q de Kock,2024,Lucknow Super Giants,11,0,250,81,22.73,0,3,0,1,194,29,9,77,139,101,10,128.87,19.59,39.69,22.73
AM Rahane,2024,Chennai Super Kings,12,0,242,45,20.17,0,0,4,0,200,24,7,68,145,97,0,121.0,15.5,34.0,20.17
TH David,2024,Mumbai Indians,11,3,241,45,21.91,0,0,4,1,168,14,15,42,0,36,205,143.45,17.26,25.0,30.13
AR Patel,2024,Delhi Capitals,12,4,235,66,19.58,0,2,0,1,183,19,10,58,19,129,87,128.42,15.85,31.69,29.38
A Badoni,2024,Lucknow Super Giants,12,4,235,55,19.58,0,2,0,1,180,22,5,45,9,90,136,130.56,15.0,25.0,29.38
WG Jacks,2024,Royal Challengers Bengaluru,8,2,230,100,28.75,1,1,1,0,133,16,18,43,73,129,28,172.93,25.56,32.33,38.33
AD Russell,2024,Kolkata Knight Riders,9,3,222,64,24.67,0,1,1,0,141,20,16,39,0,87,135,157.45,25.53,27.66,37.0
R Ravindra,2024,Chennai Super Kings,10,1,222,61,22.2,0,1,2,1,146,22,12,47,169,53,0,152.05,23.29,32.19,24.67
AK Markram,2024,Sunrisers Hyderabad,11,2,220,50,20.0,0,1,3,1,187,18,4,47,57,127,36,117.65,11.76,25.13,24.44
HH Pandya,2024,Mumbai Indians,13,1,216,46,16.62,0,0,3,1,154,17,11,53,16,150,50,140.26,18.18,34.42,18.0
Shahbaz Ahmed,2024,Sunrisers Hyderabad,12,2,215,59,17.92,0,1,1,1,173,7,13,51,3,83,129,124.28,11.56,29.48,21.5
RR Rossouw,2024,Punjab Kings,8,0,211,61,26.38,0,1,2,1,122,25,11,38,82,114,15,172.95,29.51,31.15,26.38
DA Miller,2024,Gujarat Titans,9,2,210,55,23.33,0,1,2,0,149,20,8,38,6,94,110,140.94,18.79,25.5,30.0
PP Shaw,2024,Delhi Capitals,8,0,198,66,24.75,0,1,2,0,125,30,5,41,140,58,0,158.4,28.0,32.8,24.75
Dhruv Jurel,2024,Rajasthan Royals,11,4,195,56,17.73,0,2,0,1,144,18,7,45,0,81,114,135.42,17.36,31.25,27.86
Ashutosh Sharma,2024,Punjab Kings,9,2,189,61,21.0,0,1,3,0,118,10,15,31,0,61,128,160.17,21.19,26.27,27.0
R Tewatia,2024,Gujarat Titans,9,2,188,36,20.89,0,0,3,0,139,24,5,41,0,30,158,135.25,20.86,29.5,26.86
JM Sharma,2024,Punjab Kings,12,1,187,32,15.58,0,0,1,1,147,9,12,51,0,118,69,127.21,14.29,34.69,17.0
SD Hope,2024,Delhi Capitals,9,2,183,41,20.33,0,0,3,0,125,12,12,45,78,94,11,146.4,19.2,36.0,26.14
Abdul Samad,2024,Sunrisers Hyderabad,12,3,182,37,15.17,0,0,1,1,113,15,11,31,0,61,121,161.06,23.01,27.43,20.22
RK Singh,2024,Kolkata Knight Riders,11,2,168,26,15.27,0,0,0,0,117,13,8,35,9,73,86,143.59,17.95,29.91,18.67
DA Warner,2024,Delhi Capitals,8,0,168,52,21.0,0,1,1,0,130,17,10,57,125,43,0,129.23,20.77,43.85,21.0
RA Tripathi,2024,Sunrisers Hyderabad,6,1,165,55,27.5,0,1,2,0,121,18,6,36,104,61,0,136.36,19.83,29.75,33.0
A Raghuvanshi,2024,Kolkata Knight Riders,7,0,163,54,23.29,0,1,2,0,109,16,8,31,78,85,0,149.54,22.02,28.44,23.29
MS Dhoni,2024,Chennai Super Kings,11,8,161,37,14.64,0,0,1,1,82,14,13,21,0,0,161,196.34,32.93,25.61,53.67
S Dhawan,2024,Punjab Kings,5,0,152,70,30.4,0,1,1,0,125,18,4,48,99,51,2,121.6,17.6,38.4,30.4
DJ Hooda,2024,Lucknow Super Giants,9,1,145,50,16.11,0,1,0,1,107,16,3,31,44,84,17,135.51,17.76,28.97,18.13
Naman Dhir,2024,Mumbai Indians,7,1,140,62,20.0,0,1,1,2,84,12,10,27,38,45,57,166.67,26.19,32.14,23.33
PJ Cummins,2024,Sunrisers Hyderabad,10,3,136,35,13.6,0,0,3,0,99,9,8,34,0,43,93,137.37,17.17,34.34,19.43
WP Saha,2024,Gujarat Titans,9,0,136,39,15.11,0,0,1,0,120,18,3,46,130,6,0,113.33,17.5,38.33,15.11
KH Pandya,2024,Lucknow Super Giants,11,6,133,43,12.09,0,0,1,0,112,8,5,30,2,49,82,118.75,11.61,26.79,26.6
MM Ali,2024,Chennai Super Kings,5,0,128,56,25.6,0,1,1,0,105,7,8,32,18,72,38,121.9,14.29,30.48,25.6
M Shahrukh Khan,2024,Gujarat Titans,7,2,127,58,18.14,0,1,1,1,77,9,9,21,8,95,24,164.94,23.38,27.27,25.4
Ramandeep Singh,2024,Kolkata Knight Riders,9,5,125,35,13.89,0,0,1,0,64,5,12,17,0,57,68,195.31,26.56,26.56,31.25
MK Lomror,2024,Royal Challengers Bengaluru,10,2,125,33,12.5,0,0,2,2,74,9,9,16,0,39,86,168.92,24.32,21.62,15.63
SO Hetmyer,2024,Rajasthan Royals,9,4,113,27,12.56,0,0,0,1,72,9,7,19,0,17,96,156.94,22.22,26.39,22.6
LS Livingstone,2024,Punjab Kings,7,3,111,38,15.86,0,0,1,1,82,8,7,27,1,39,71,135.37,18.29,32.93,27.75
N Wadhera,2024,Mumbai Indians,6,0,109,49,18.17,0,0,2,0,90,9,6,33,1,86,22,121.11,16.67,36.67,18.17
R Powell,2024,Rajasthan Royals,7,1,103,27,14.71,0,0,0,0,71,10,6,29,0,8,95,145.07,22.54,40.85,17.17
Rashid Khan,2024,Gujarat Titans,8,3,102,31,12.75,0,0,1,1,75,11,3,23,0,32,70,136.0,18.67,30.67,20.4
Anuj Rawat,2024,Royal Challengers Bengaluru,5,2,98,48,19.6,0,0,1,0,80,10,3,26,0,44,54,122.5,16.25,32.5,32.67
R Ashwin,2024,Rajasthan Royals,8,2,86,29,10.75,0,0,0,1,76,5,4,25,0,81,5,113.16,11.84,32.89,14.33
V Shankar,2024,Gujarat Titans,7,2,83,17,11.86,0,0,0,0,75,7,2,23,8,40,35,110.67,12.0,30.67,16.6
Arshad Khan,2024,Lucknow Super Giants,3,1,78,58,26.0,0,1,0,1,52,5,5,16,0,30,48,150.0,19.23,30.77,39.0
Harpreet Brar,2024,Punjab Kings,7,5,75,29,10.71,0,0,0,0,59,8,2,16,0,11,64,127.12,16.95,27.12,37.5
D Brevis,2024,Mumbai Indians,3,0,69,46,23.0,0,0,1,1,60,3,5,27,16,53,0,115.0,13.33,45.0,23.0
MA Agarwal,2024,Sunrisers Hyderabad,4,0,64,32,16.0,0,0,1,0,59,8,1,27,59,5,0,108.47,15.25,45.76,16.0
Rahmanullah Gurbaz,2024,Kolkata Knight Riders,2,0,62,39,31.0,0,0,1,0,50,7,4,24,44,18,0,124.0,22.0,48.0,31.0
MR Marsh,2024,Delhi Capitals,4,0,61,23,15.25,0,0,0,1,41,9,3,17,43,18,0,148.78,29.27,41.46,15.25
Atharva Taide,2024,Punjab Kings,2,0,61,46,30.5,0,0,1,0,41,7,2,11,42,19,0,148.78,21.95,26.83,30.5
R Shepherd,2024,Mumbai Indians,5,3,57,39,11.4,0,0,1,0,24,5,5,4,0,0,57,237.5,41.67,16.67,28.5
GJ Maxwell,2024,Royal Challengers Bengaluru,9,0,52,28,5.78,0,0,0,4,46,6,2,20,0,36,16,113.04,17.39,43.48,5.78
Sameer Rizvi,2024,Chennai Super Kings,5,1,51,21,10.2,0,0,0,1,43,4,2,19,0,18,33,118.6,13.95,44.19,12.75
T Kohler-Cadmore,2024,Rajasthan Royals,3,0,48,20,16.0,0,0,0,0,54,7,1,32,47,1,0,88.89,14.81,59.26,16.0
Kuldeep Yadav,2024,Delhi Capitals,5,3,47,35,9.4,0,0,1,1,44,6,1,18,0,10,37,106.82,15.91,40.91,23.5
Sikandar Raza,2024,Punjab Kings,2,0,43,28,21.5,0,0,0,0,39,2,2,15,0,43,0,110.26,10.26,38.46,21.5
N Rana,2024,Kolkata Knight Riders,2,0,42,33,21.0,0,0,1,0,35,5,1,12,12,30,0,120.0,17.14,34.29,21.0
MK Pandey,2024,Kolkata Knight Riders,1,0,42,42,42.0,0,0,1,0,33,2,2,7,0,34,8,127.27,12.12,21.21,42.0
Azmatullah Omarzai,2024,Gujarat Titans,4,0,42,17,10.5,0,0,0,0,34,2,2,10,0,36,6,123.53,11.76,29.41,10.5
D Padikkal,2024,Lucknow Super Giants,7,0,38,13,5.43,0,0,0,2,60,3,0,28,22,16,0,63.33,5.0,46.67,5.43
Swapnil Singh,2024,Royal Challengers Bengaluru,5,3,37,15,7.4,0,0,0,1,22,3,3,7,0,15,22,168.18,27.27,31.82,18.5
Mohammad Nabi,2024,Mumbai Indians,5,1,35,23,7.0,0,0,0,1,31,2,2,10,20,3,12,112.9,12.9,32.26,8.75
SB Dubey,2024,Rajasthan Royals,3,1,33,25,11.0,0,0,0,1,21,3,2,5,0,22,11,157.14,23.81,23.81,16.5
KV Sharma,2024,Royal Challengers Bengaluru,3,1,31,20,10.33,0,0,0,0,16,2,3,4,0,0,31,193.75,31.25,25.0,15.5
Rasikh Salam,2024,Delhi Capitals,4,0,28,10,7.0,0,0,0,0,30,4,0,13,0,11,17,93.33,13.33,43.33,7.0
KS Williamson,2024,Gujarat Titans,2,0,27,26,13.5,0,0,0,0,27,4,0,15,16,11,0,100.0,14.81,55.56,13.5
Harpreet Singh,2024,Punjab Kings,2,0,27,14,13.5,0,0,0,0,34,2,0,15,12,4,11,79.41,5.88,44.12,13.5
Tanush Kotian,2024,Rajasthan Royals,1,0,24,24,24.0,0,0,0,0,32,3,0,17,18,6,0,75.0,9.38,53.13,24.0
JD Unadkat,2024,Sunrisers Hyderabad,5,3,24,8,4.8,0,0,0,0,27,2,1,13,0,0,24,88.89,11.11,48.15,12.0
SS Prabhudessai,2024,Royal Challengers Bengaluru,1,0,24,24,24.0,0,0,0,0,19,3,0,7,0,19,5,126.32,15.79,36.84,24.0
B Kumar,2024,Sunrisers Hyderabad,5,2,23,13,4.6,0,0,0,1,30,3,0,17,0,5,18,76.67,10.0,56.67,7.67
Yudhvir Singh,2024,Lucknow Super Giants,2,0,21,14,10.5,0,0,0,0,14,1,2,7,0,2,19,150.0,21.43,50.0,10.5
RD Chahar,2024,Punjab Kings,2,1,21,16,10.5,0,0,0,0,15,3,1,8,0,1,20,140.0,26.67,53.33,21.0
SN Thakur,2024,Chennai Super Kings,3,2,21,17,7.0,0,0,0,0,18,2,1,7,0,0,21,116.67,16.67,38.89,21.0
AJ Turner,2024,Lucknow Super Giants,2,0,21,16,10.5,0,0,0,0,20,0,2,6,0,17,4,105.0,10.0,30.0,10.5
K Rabada,2024,Punjab Kings,3,2,20,11,6.67,0,0,0,0,17,0,2,3,0,0,20,117.65,11.76,17.65,20.0
Gulbadin Naib,2024,Delhi Capitals,1,0,19,19,19.0,0,0,0,0,15,1,1,4,0,4,15,126.67,13.33,26.67,19.0
Saurav Chauhan,2024,Royal Challengers Bengaluru,3,0,18,9,6.0,0,0,0,1,16,1,1,6,0,1,17,112.5,12.5,37.5,6.0
Sumit Kumar,2024,Delhi Capitals,3,1,18,9,6.0,0,0,0,0,26,2,1,14,0,16,2,69.23,11.54,53.85,9.0
M Jansen,2024,Sunrisers Hyderabad,2,1,18,17,9.0,0,0,0,0,15,1,1,4,0,16,2,120.0,13.33,26.67,18.0
PP Chawla,2024,Mumbai Indians,6,2,15,10,2.5,0,0,0,2,15,1,1,7,0,3,12,100.0,13.33,46.67,3.75
TA Boult,2024,Rajasthan Royals,4,3,14,12,3.5,0,0,0,0,16,2,0,9,0,0,14,87.5,12.5,56.25,14.0
Sanvir Singh,2024,Sunrisers Hyderabad,3,2,14,8,4.67,0,0,0,1,13,1,0,2,0,0,14,107.69,7.69,15.38,14.0
G Coetzee,2024,Mumbai Indians,5,1,14,8,2.8,0,0,0,1,22,0,1,11,0,3,11,63.64,4.55,50.0,3.5
MJ Santner,2024,Chennai Super Kings,3,0,14,11,4.67,0,0,0,1,18,1,0,6,0,12,2,77.78,5.56,33.33,4.67
HV Patel,2024,Punjab Kings,4,1,13,12,3.25,0,0,0,2,19,1,1,14,0,12,1,68.42,10.53,73.68,4.33
R Sai Kishore,2024,Gujarat Titans,1,0,13,13,13.0,0,0,0,0,6,0,2,2,0,0,13,216.67,33.33,33.33,13.0
DG Nalkande,2024,Gujarat Titans,1,0,12,12,12.0,0,0,0,0,11,0,1,4,0,12,0,109.09,9.09,36.36,12.0
JJ Bumrah,2024,Mumbai Indians,4,4,12,8,3.0,0,0,0,0,12,1,0,4,0,0,12,100.0,8.33,33.33,
Mohammed Siraj,2024,Royal Challengers Bengaluru,1,0,12,12,12.0,0,0,0,0,9,0,2,6,0,0,12,133.33,22.22,66.67,12.0
UT Yadav,2024,Gujarat Titans,2,1,12,10,6.0,0,0,0,0,15,0,1,8,0,0,12,80.0,6.67,53.33,12.0
Avesh Khan,2024,Rajasthan Royals,2,2,10,7,5.0,0,0,0,0,5,1,0,0,0,0,10,200.0,20.0,0.0,
Lalit Yadav,2024,Delhi Capitals,2,0,10,7,5.0,0,0,0,0,12,1,0,6,0,7,3,83.33,8.33,50.0,5.0
AA Kulkarni,2024,Lucknow Super Giants,2,0,9,9,4.5,0,0,0,1,8,2,0,5,9,0,0,112.5,25.0,62.5,4.5
L Wood,2024,Mumbai Indians,1,1,9,9,9.0,0,0,0,0,3,0,1,0,0,0,9,300.0,33.33,0.0,
MA Starc,2024,Kolkata Knight Riders,5,3,9,6,1.8,0,0,0,2,11,1,0,5,0,0,9,81.82,9.09,45.45,4.5
A Manohar,2024,Gujarat Titans,2,0,9,8,4.5,0,0,0,0,16,1,0,11,0,9,0,56.25,6.25,68.75,4.5
D Ferreira,2024,Rajasthan Royals,2,0,8,7,4.0,0,0,0,0,11,0,0,5,0,1,7,72.73,0.0,45.45,4.0
V Viyaskanth,2024,Sunrisers Hyderabad,1,1,7,7,7.0,0,0,0,0,5,0,0,0,0,0,7,140.0,0.0,0.0,
SH Johnson,2024,Gujarat Titans,3,3,6,5,2.0,0,0,0,0,7,1,0,3,0,0,6,85.71,14.29,42.86,
Noor Ahmad,2024,Gujarat Titans,2,0,5,4,2.5,0,0,0,0,9,1,0,7,0,0,5,55.56,11.11,77.78,2.5
Anmolpreet Singh,2024,Sunrisers Hyderabad,2,0,5,5,2.5,0,0,0,1,7,1,0,4,5,0,0,71.43,14.29,57.14,2.5
Arshad Khan (2),2024,Lucknow Super Giants,1,0,5,5,5.0,0,0,0,0,4,1,0,2,0,0,5,125.0,25.0,50.0,5.0
A Nortje,2024,Delhi Capitals,2,0,4,4,2.0,0,0,0,1,9,0,0,5,0,0,4,44.44,0.0,55.56,2.0
Ravi Bishnoi,2024,Lucknow Super Giants,3,1,4,2,1.33,0,0,0,1,6,0,0,2,0,1,3,66.67,0.0,33.33,2.0
Akash Madhwal,2024,Mumbai Indians,1,1,4,4,4.0,0,0,0,0,5,0,0,1,0,0,4,80.0,0.0,20.0,
Arshdeep Singh,2024,Punjab Kings,1,0,4,4,4.0,0,0,0,0,4,1,0,2,0,0,4,100.0,25.0,50.0,4.0
MS Wade,2024,Gujarat Titans,1,0,4,4,4.0,0,0,0,0,7,0,0,2,0,4,0,57.14,0.0,28.57,4.0
Kumar Kushagra,2024,Delhi Capitals,3,0,3,2,1.0,0,0,0,1,7,0,0,5,2,1,0,42.86,0.0,71.43,1.0
RJW Topley,2024,Royal Challengers Bengaluru,1,1,3,3,3.0,0,0,0,0,6,0,0,3,0,0,3,50.0,0.0,50.0,
Mukesh Kumar,2024,Delhi Capitals,2,1,3,3,1.5,0,0,0,0,10,0,0,6,0,0,3,30.0,0.0,60.0,3.0
RK Bhui,2024,Delhi Capitals,2,0,3,3,1.5,0,0,0,1,9,0,0,6,0,3,0,33.33,0.0,66.67,1.5
AS Roy,2024,Kolkata Knight Riders,1,1,3,3,3.0,0,0,0,0,3,0,0,0,0,0,3,100.0,0.0,0.0,
Naveen-ul-Haq,2024,Lucknow Super Giants,1,1,2,2,2.0,0,0,0,0,4,0,0,3,0,0,2,50.0,0.0,75.0,
MM Sharma,2024,Gujarat Titans,2,0,2,2,1.0,0,0,0,1,16,0,0,12,0,2,0,12.5,0.0,75.0,1.0
Mohsin Khan,2024,Lucknow Super Giants,1,1,2,2,2.0,0,0,0,0,1,0,0,0,0,0,2,200.0,0.0,0.0,
BR Sharath,2024,Gujarat Titans,1,0,2,2,2.0,0,0,0,0,5,0,0,3,0,2,0,40.0,0.0,60.0,2.0
RJ Gleeson,2024,Chennai Super Kings,1,1,2,2,2.0,0,0,0,0,2,0,0,0,0,0,2,100.0,0.0,0.0,
Shivam Singh,2024,Punjab Kings,1,1,2,2,2.0,0,0,0,0,3,0,0,1,0,0,2,66.67,0.0,33.33,
JA Richardson,2024,Delhi Capitals,1,0,2,2,2.0,0,0,0,0,2,0,0,1,0,0,2,100.0,0.0,50.0,2.0
Akash Deep,2024,Royal Challengers Bengaluru,1,1,2,2,2.0,0,0,0,0,2,0,0,0,0,0,2,100.0,0.0,0.0,
A Kamboj,2024,Mumbai Indians,1,1,2,2,2.0,0,0,0,0,2,0,0,0,0,0,2,100.0,0.0,0.0,
KA Maharaj,2024,Rajasthan Royals,1,0,1,1,1.0,0,0,0,0,2,0,0,1,0,0,1,50.0,0.0,50.0,1.0
LB Williams,2024,Delhi Capitals,1,1,1,1,1.0,0,0,0,0,2,0,0,1,0,0,1,50.0,0.0,50.0,
VG Arora,2024,Kolkata Knight Riders,1,1,1,1,1.0,0,0,0,0,1,0,0,0,0,0,1,100.0,0.0,0.0,
SZ Mulani,2024,Mumbai Indians,1,1,1,1,1.0,0,0,0,0,1,0,0,0,0,0,1,100.0,0.0,0.0,
MJ Suthar,2024,Gujarat Titans,1,0,1,1,1.0,0,0,0,0,2,0,0,1,0,0,1,50.0,0.0,50.0,1.0
LH Ferguson,2024,Royal Challengers Bengaluru,1,0,1,1,1.0,0,0,0,0,1,0,0,0,0,0,1,100.0,0.0,0.0,1.0
Vijaykumar Vyshak,2024,Royal Challengers Bengaluru,2,1,1,1,0.5,0,0,0,1,3,0,0,2,0,0,1,33.33,0.0,66.67,1.0
I Sharma,2024,Delhi Capitals,2,2,1,1,0.5,0,0,0,0,8,0,0,6,0,0,1,12.5,0.0,75.0,
Mayank Dagar,2024,Royal Challengers Bengaluru,1,1,0,0,0.0,0,0,0,0,1,0,0,1,0,0,0,0.0,0.0,100.0,
Washington Sundar,2024,Sunrisers Hyderabad,1,0,0,0,0.0,0,0,0,1,1,0,0,1,0,0,0,0.0,0.0,100.0,0.0
TU Deshpande,2024,Chennai Super Kings,1,1,0,0,0.0,0,0,0,0,2,0,0,1,0,0,0,0.0,0.0,50.0,
