player_name,season,team,matches,total_legal_balls,total_overs,total_runs_conceded,total_wickets,total_wides,total_no_balls,total_dot_balls,five_wicket_hauls,three_plus_wickets,best_bowling_wickets,total_pp_wickets,total_death_wickets,total_pp_runs_conceded,total_middle_runs_conceded,total_death_runs_conceded,season_economy,season_dot_pct,bowling_average,bowling_strike_rate
Sohail Tanvir,2008,Rajasthan Royals,11,247,41.2,275,24,17,1,121,1,6,6,6,18,145,8,122,6.68,45.66,11.46,10.29
IK Pathan,2008,Punjab Kings,14,318,53.0,361,20,18,0,150,0,2,3,7,7,170,96,95,6.81,44.64,18.05,15.9
JA Morkel,2008,Chennai Super Kings,13,288,48.0,414,20,17,5,100,0,3,4,2,13,121,152,141,8.63,32.26,20.7,14.4
SR Watson,2008,Rajasthan Royals,15,325,54.2,395,20,14,5,158,0,2,3,9,9,221,49,125,7.29,45.93,19.75,16.25
SK Warne,2008,Rajasthan Royals,15,312,52.0,409,20,7,0,107,0,2,3,0,5,0,302,107,7.87,33.54,20.45,15.6
MF Maharoof,2008,Delhi Capitals,10,216,36.0,255,19,10,0,84,0,3,4,1,10,37,120,98,7.08,37.17,13.42,11.37
S Sreesanth,2008,Punjab Kings,15,307,51.2,451,19,21,4,132,0,1,3,13,6,293,62,96,8.81,39.76,23.74,16.16
PP Chawla,2008,Punjab Kings,15,281,46.8,396,19,5,0,110,0,3,4,1,3,14,334,48,8.46,38.46,20.84,14.79
MS Gony,2008,Chennai Super Kings,16,360,60.0,456,18,9,2,154,0,2,3,13,3,342,68,46,7.6,41.51,25.33,20.0
VY Mahesh,2008,Delhi Capitals,11,253,42.2,380,17,6,7,94,1,2,5,3,10,124,186,70,9.01,35.34,22.35,14.88
RP Singh,2008,Sunrisers Hyderabad,14,308,51.3,459,17,16,1,122,0,2,3,5,11,239,44,176,8.94,37.54,27.0,18.12
MM Patel,2008,Rajasthan Royals,15,330,55.0,423,16,5,1,141,0,1,3,3,3,219,103,101,7.69,41.96,26.44,20.63
SK Trivedi,2008,Rajasthan Royals,15,288,48.0,407,15,11,1,102,0,1,3,1,6,52,291,64,8.48,34.0,27.13,19.2
Z Khan,2008,Royal Challengers Bengaluru,11,252,42.0,369,15,6,0,100,0,2,4,9,5,221,56,92,8.79,38.76,24.6,16.8
VRV Singh,2008,Punjab Kings,13,288,48.0,425,15,5,3,94,0,2,3,1,10,102,190,133,8.85,31.76,28.33,19.2
Umar Gul,2008,Kolkata Knight Riders,6,135,22.5,198,14,12,6,51,0,2,4,5,5,42,68,88,8.8,33.33,14.14,9.64
A Nehra,2008,Mumbai Indians,14,269,44.8,357,14,10,1,120,0,2,3,6,5,209,50,98,7.96,42.86,25.5,19.21
GD McGrath,2008,Delhi Capitals,14,324,54.0,366,14,4,1,153,0,1,4,9,3,218,28,120,6.78,46.5,26.14,23.14
DW Steyn,2008,Royal Challengers Bengaluru,10,228,38.0,265,13,17,2,116,0,3,3,2,7,154,62,49,6.97,46.96,20.38,17.54
DS Kulkarni,2008,Mumbai Indians,10,177,29.5,242,13,12,4,77,0,3,3,2,6,68,89,85,8.2,39.9,18.62,13.62
SM Pollock,2008,Mumbai Indians,13,276,46.0,307,13,4,0,130,0,1,4,9,0,213,86,8,6.67,46.43,23.62,21.23
P Kumar,2008,Royal Challengers Bengaluru,13,268,44.7,376,12,7,0,109,0,1,3,2,5,165,113,98,8.42,39.64,31.33,22.33
CRD Fernando,2008,Mumbai Indians,5,120,20.0,164,12,7,1,49,1,2,5,5,5,20,49,95,8.2,38.28,13.67,10.0
PP Ojha,2008,Sunrisers Hyderabad,12,222,37.0,299,11,14,0,70,0,0,2,0,5,33,189,77,8.08,29.66,27.18,20.18
L Balaji,2008,Chennai Super Kings,9,198,33.0,293,11,7,0,60,1,1,5,0,8,0,143,150,8.88,29.27,26.64,18.0
DJ Bravo,2008,Mumbai Indians,9,171,28.5,239,11,10,0,66,0,1,3,3,5,29,124,86,8.39,36.46,21.73,15.55
AB Dinda,2008,Kolkata Knight Riders,12,234,39.0,266,11,10,1,116,0,1,3,7,2,152,100,14,6.82,47.35,24.18,21.27
M Muralitharan,2008,Chennai Super Kings,15,348,58.0,416,11,20,1,127,0,0,2,0,5,7,316,93,7.17,34.42,37.82,31.64
A Mishra,2008,Delhi Capitals,6,119,19.8,140,11,3,1,42,1,1,5,1,4,21,99,20,7.06,34.15,12.73,10.82
YK Pathan,2008,Rajasthan Royals,13,169,28.2,233,10,1,0,59,0,1,3,4,0,29,169,35,8.27,34.71,23.3,16.9
R Bhatia,2008,Delhi Capitals,9,132,22.0,185,9,2,0,48,0,2,3,0,3,0,130,55,8.41,35.82,20.56,14.67
Joginder Sharma,2008,Chennai Super Kings,7,148,24.7,241,9,5,5,43,0,0,2,0,2,0,172,69,9.77,27.22,26.78,16.44
Shahid Afridi,2008,Sunrisers Hyderabad,10,180,30.0,237,9,4,1,57,0,1,3,1,2,26,152,59,7.9,30.81,26.33,20.0
Mohammad Asif,2008,Delhi Capitals,8,192,32.0,307,9,6,1,64,0,0,2,3,5,147,54,106,9.59,32.16,34.11,21.33
AB Agarkar,2008,Kolkata Knight Riders,9,156,26.0,211,8,11,1,66,0,1,3,2,2,104,96,11,8.12,39.29,26.38,19.5
A Kumble,2008,Royal Challengers Bengaluru,10,230,38.3,314,8,6,0,85,0,1,3,0,1,21,237,56,8.19,36.02,39.25,28.75
M Ntini,2008,Chennai Super Kings,9,210,35.0,257,8,1,2,99,0,1,4,5,3,182,22,53,7.34,46.48,32.13,26.25
I Sharma,2008,Kolkata Knight Riders,13,253,42.2,348,7,9,4,110,0,0,1,7,0,201,13,134,8.25,41.35,49.71,36.14
SC Ganguly,2008,Kolkata Knight Riders,7,120,20.0,132,7,1,0,46,0,1,3,0,0,3,129,0,6.6,38.02,18.86,17.14
P Amarnath,2008,Chennai Super Kings,6,132,22.0,241,7,0,0,29,0,0,2,0,1,12,189,40,10.95,21.97,34.43,18.86
R Vinay Kumar,2008,Royal Challengers Bengaluru,8,138,23.0,183,7,1,2,59,0,1,4,0,2,16,141,26,7.96,41.84,26.14,19.71
PJ Sangwan,2008,Delhi Capitals,7,144,24.0,221,7,10,1,47,0,0,2,2,2,74,94,53,9.21,30.32,31.57,20.57
JR Hopes,2008,Punjab Kings,11,168,28.0,285,7,3,0,52,0,0,2,1,3,26,120,139,10.18,30.41,40.71,24.0
Harbhajan Singh,2008,Mumbai Indians,3,60,10.0,84,6,2,0,16,0,1,4,0,4,0,58,26,8.4,25.81,14.0,10.0
SB Bangar,2008,Sunrisers Hyderabad,9,150,25.0,221,6,3,0,55,0,0,2,2,1,13,151,57,8.84,35.95,36.83,25.0
JDP Oram,2008,Chennai Super Kings,4,96,16.0,149,6,4,0,32,0,1,3,3,3,105,8,36,9.31,32.0,24.83,16.0
WPUJC Vaas,2008,Sunrisers Hyderabad,5,102,17.0,146,6,1,0,41,0,0,2,5,1,98,6,42,8.59,39.81,24.33,17.0
RR Raje,2008,Mumbai Indians,6,98,16.3,142,6,3,1,28,0,0,2,0,1,9,91,42,8.69,27.45,23.67,16.33
LR Shukla,2008,Kolkata Knight Riders,9,72,12.0,126,6,4,2,18,0,1,3,0,6,0,76,50,10.5,23.08,21.0,12.0
DR Smith,2008,Mumbai Indians,4,66,11.0,83,5,3,0,25,0,1,3,0,0,0,71,12,7.55,36.23,16.6,13.2
ST Jayasuriya,2008,Mumbai Indians,8,126,21.0,163,5,1,0,36,0,1,4,0,1,10,128,25,7.76,28.35,32.6,25.2
Shoaib Akhtar,2008,Kolkata Knight Riders,3,42,7.0,54,5,4,0,23,0,1,4,5,0,54,0,0,7.71,50.0,10.8,8.4
M Kartik,2008,Kolkata Knight Riders,5,88,14.7,132,5,1,0,31,0,1,4,0,2,0,114,18,9.0,34.83,26.4,17.6
B Lee,2008,Punjab Kings,4,96,16.0,118,5,0,3,44,0,0,2,5,0,67,12,39,7.38,44.44,23.6,19.2
SB Styris,2008,Sunrisers Hyderabad,8,162,27.0,201,4,5,0,61,0,0,2,1,3,45,71,85,7.44,36.53,50.25,40.5
JH Kallis,2008,Royal Challengers Bengaluru,11,206,34.3,322,4,5,0,55,0,0,2,0,2,61,161,100,9.38,26.07,80.5,51.5
DP Vijaykumar,2008,Sunrisers Hyderabad,9,152,25.3,205,4,5,2,63,0,0,1,3,1,126,24,55,8.09,39.62,51.25,38.0
Gagandeep Singh,2008,Punjab Kings,4,84,14.0,142,3,0,0,25,0,0,1,0,1,7,71,64,10.14,29.76,47.33,28.0
V Sehwag,2008,Delhi Capitals,7,66,11.0,134,3,1,0,18,0,0,1,0,1,22,75,37,12.18,26.87,44.67,22.0
B Akhil,2008,Royal Challengers Bengaluru,6,104,17.3,138,3,1,0,34,0,0,2,0,1,0,99,39,7.96,32.38,46.0,34.67
Y Venugopal Rao,2008,Sunrisers Hyderabad,7,84,14.0,137,3,4,0,22,0,0,2,1,0,21,116,0,9.79,25.0,45.67,28.0
RR Powar,2008,Punjab Kings,5,72,12.0,93,3,5,0,30,0,0,2,0,0,23,70,0,7.75,38.96,31.0,24.0
DJ Thornely,2008,Mumbai Indians,4,42,7.0,40,3,2,0,19,0,0,2,0,0,0,40,0,5.71,43.18,13.33,14.0
DJ Hussey,2008,Kolkata Knight Riders,5,78,13.0,134,3,1,0,24,0,0,2,0,0,0,105,29,10.31,30.38,44.67,26.0
Yuvraj Singh,2008,Punjab Kings,6,54,9.0,85,3,2,0,12,0,0,2,0,2,0,81,4,9.44,21.43,28.33,18.0
B Geeves,2008,Delhi Capitals,2,48,8.0,91,2,1,0,15,0,0,1,1,0,50,31,10,11.38,30.61,45.5,24.0
SK Raina,2008,Chennai Super Kings,2,20,3.3,30,2,0,0,4,0,0,2,0,0,0,30,0,9.0,20.0,15.0,10.0
V Kohli,2008,Royal Challengers Bengaluru,4,46,7.7,62,2,2,1,7,0,0,2,0,1,0,53,9,8.09,14.29,31.0,23.0
SD Chitnis,2008,Mumbai Indians,2,36,6.0,62,2,2,0,9,0,0,2,0,1,13,40,9,10.33,23.68,31.0,18.0
Shoaib Malik,2008,Delhi Capitals,5,51,8.5,87,2,6,1,15,0,0,1,0,1,0,62,25,10.24,25.86,43.5,25.5
DNT Zoysa,2008,Sunrisers Hyderabad,3,66,11.0,100,2,1,2,24,0,0,1,0,1,45,21,34,9.09,34.78,50.0,33.0
MA Khote,2008,Mumbai Indians,2,30,5.0,52,2,0,0,5,0,0,2,0,1,0,28,24,10.4,16.67,26.0,15.0
DL Vettori,2008,Delhi Capitals,2,48,8.0,54,2,0,0,16,0,0,1,0,1,0,35,19,6.75,33.33,27.0,24.0
AD Mascarenhas,2008,Rajasthan Royals,1,24,4.0,31,2,1,0,8,0,0,2,0,0,20,11,0,7.75,32.0,15.5,12.0
Mohammad Hafeez,2008,Kolkata Knight Riders,4,60,10.0,71,2,2,1,22,0,0,1,0,0,0,71,0,7.1,34.92,35.5,30.0
D Kalyankrishna,2008,Sunrisers Hyderabad,3,48,8.0,88,2,2,0,10,0,0,1,0,0,0,71,17,11.0,20.0,44.0,24.0
AA Noffke,2008,Royal Challengers Bengaluru,1,24,4.0,41,1,1,0,6,0,0,1,0,1,23,7,11,10.25,24.0,41.0,24.0
WA Mota,2008,Punjab Kings,2,18,3.0,36,1,2,0,3,0,0,1,0,0,0,36,0,12.0,15.0,36.0,18.0
BAW Mendis,2008,Kolkata Knight Riders,1,24,4.0,24,1,0,0,9,0,0,1,0,0,13,4,7,6.0,37.5,24.0,24.0
S Vidyut,2008,Chennai Super Kings,1,12,2.0,22,1,1,0,5,0,0,1,0,0,0,22,0,11.0,38.46,22.0,12.0
PM Sarvesh Kumar,2008,Sunrisers Hyderabad,2,30,5.0,42,1,1,0,11,0,0,1,0,0,8,34,0,8.4,35.48,42.0,30.0
DB Ravi Teja,2008,Sunrisers Hyderabad,1,12,2.0,19,1,0,0,3,0,0,1,0,0,0,19,0,9.5,25.0,19.0,12.0
Iqbal Abdulla,2008,Kolkata Knight Riders,1,18,3.0,22,1,0,0,6,0,0,1,0,0,0,22,0,7.33,33.33,22.0,18.0
A Nel,2008,Mumbai Indians,1,18,3.0,31,1,0,0,7,0,0,1,1,0,12,11,8,10.33,38.89,31.0,18.0
SB Joshi,2008,Royal Challengers Bengaluru,4,55,9.2,82,1,0,0,18,0,0,1,0,1,0,69,13,8.95,32.73,82.0,55.0
D Salunkhe,2008,Rajasthan Royals,5,47,7.8,80,1,3,1,13,0,0,1,0,0,0,73,7,10.21,25.49,80.0,47.0
AM Nayar,2008,Mumbai Indians,5,42,7.0,69,1,1,0,14,0,0,1,0,0,0,69,0,9.86,32.56,69.0,42.0
TM Dilshan,2008,Delhi Capitals,1,6,1.0,3,1,0,0,3,0,0,1,0,0,0,3,0,3.0,50.0,3.0,6.0
RG Sharma,2008,Sunrisers Hyderabad,1,24,4.0,26,1,1,0,6,0,0,1,0,0,0,26,0,6.5,24.0,26.0,24.0
RA Jadeja,2008,Rajasthan Royals,2,13,2.2,21,1,0,0,6,0,0,1,0,1,0,0,21,9.69,46.15,21.0,13.0
CL White,2008,Royal Challengers Bengaluru,1,6,1.0,24,0,1,0,0,0,0,0,0,0,0,24,0,24.0,0.0,,
VS Yeligati,2008,Mumbai Indians,2,30,5.0,61,0,2,0,6,0,0,0,0,0,13,35,13,12.2,18.75,,
Pankaj Singh,2008,Rajasthan Royals,5,72,12.0,129,0,3,1,18,0,0,0,0,0,28,68,33,10.75,23.68,,
Abdur Razzak,2008,Royal Challengers Bengaluru,1,12,2.0,29,0,1,1,5,0,0,0,0,0,0,29,0,14.5,35.71,,
CK Kapugedera,2008,Chennai Super Kings,3,17,2.8,49,0,0,0,0,0,0,0,0,0,0,34,15,17.29,0.0,,
LPC Silva,2008,Sunrisers Hyderabad,1,6,1.0,21,0,0,0,0,0,0,0,0,0,0,0,21,21.0,0.0,,
K Goel,2008,Punjab Kings,1,12,2.0,25,0,0,0,2,0,0,0,0,0,0,25,0,12.5,16.67,,
A Symonds,2008,Sunrisers Hyderabad,3,41,6.8,106,0,2,1,9,0,0,0,0,0,0,87,19,15.51,20.45,,
RP Singh,2009,Sunrisers Hyderabad,16,358,59.7,430,26,17,7,169,1,3,5,11,15,233,34,163,7.21,44.24,16.54,13.77
A Nehra,2009,Delhi Capitals,13,306,51.0,354,22,15,5,139,0,3,3,9,13,190,29,135,6.94,42.64,16.09,13.91
A Kumble,2009,Royal Challengers Bengaluru,16,355,59.2,353,22,3,0,138,1,2,5,2,9,24,250,79,5.97,38.55,16.05,16.14
PP Ojha,2009,Sunrisers Hyderabad,15,321,53.5,359,21,6,0,103,0,3,3,0,6,8,279,72,6.71,31.5,17.1,15.29
SL Malinga,2009,Mumbai Indians,13,297,49.5,334,21,26,3,140,0,3,3,3,16,147,52,135,6.75,42.94,15.9,14.14
IK Pathan,2009,Punjab Kings,14,302,50.3,398,20,12,0,121,0,3,3,7,13,199,4,195,7.91,38.54,19.9,15.1
DP Nannes,2009,Delhi Capitals,13,297,49.5,384,20,23,0,135,0,4,4,9,11,181,56,147,7.76,42.19,19.2,14.85
MM Patel,2009,Rajasthan Royals,11,209,34.8,245,18,3,6,108,0,1,4,7,7,67,78,100,7.03,49.54,13.61,11.61
PJ Sangwan,2009,Delhi Capitals,13,280,46.7,374,18,15,2,112,0,3,3,7,5,149,154,71,8.01,37.71,20.78,15.56
M Muralitharan,2009,Chennai Super Kings,13,300,50.0,267,16,4,0,144,0,1,4,1,5,14,223,30,5.34,47.37,16.69,18.75
P Kumar,2009,Royal Challengers Bengaluru,13,298,49.7,401,16,13,1,121,0,2,3,5,9,183,75,143,8.07,38.78,25.06,18.63
JA Morkel,2009,Chennai Super Kings,12,240,40.0,330,15,4,5,99,0,1,3,11,3,219,39,72,8.25,39.76,22.0,16.0
A Mishra,2009,Delhi Capitals,11,253,42.2,300,14,3,6,98,0,4,3,0,3,15,246,39,7.11,37.4,21.43,18.07
DJ Bravo,2009,Mumbai Indians,11,199,33.2,265,14,11,1,89,0,1,3,8,2,110,82,73,7.99,42.18,18.93,14.21
L Balaji,2009,Chennai Super Kings,13,224,37.3,320,14,5,0,70,0,2,4,1,6,69,99,152,8.57,30.57,22.86,16.0
YA Abdulla,2009,Punjab Kings,9,168,28.0,244,14,11,1,75,0,3,4,7,6,92,60,92,8.71,41.67,17.43,12.0
SK Warne,2009,Rajasthan Royals,13,300,50.0,369,14,13,0,109,0,1,3,1,7,4,225,140,7.38,34.82,26.36,21.43
Harbhajan Singh,2009,Mumbai Indians,13,264,44.0,272,13,4,0,103,0,2,4,1,4,52,185,35,6.18,38.43,20.92,20.31
SB Jakati,2009,Chennai Super Kings,8,174,29.0,225,13,1,0,61,0,2,4,0,5,10,168,47,7.76,34.86,17.31,13.38
PP Chawla,2009,Punjab Kings,14,269,44.8,319,12,4,0,111,0,0,2,1,4,24,258,37,7.12,40.66,26.58,22.42
RG Sharma,2009,Sunrisers Hyderabad,12,138,23.0,163,12,2,0,38,0,2,4,2,6,10,125,28,7.09,27.14,13.58,11.5
I Sharma,2009,Kolkata Knight Riders,11,258,43.0,303,11,10,2,130,0,0,2,3,4,169,44,90,7.05,48.15,27.55,23.45
R Bhatia,2009,Delhi Capitals,7,130,21.7,153,11,3,0,42,0,2,4,0,7,0,96,57,7.06,31.58,13.91,11.82
DL Vettori,2009,Delhi Capitals,7,139,23.2,186,10,2,0,48,1,2,5,0,2,0,133,53,8.03,34.04,18.6,13.9
A Symonds,2009,Sunrisers Hyderabad,8,144,24.0,162,9,3,0,65,0,0,2,2,2,28,115,19,6.75,44.22,18.0,16.0
Kamran Khan,2009,Rajasthan Royals,5,106,17.7,133,9,7,1,39,0,2,4,2,5,39,35,59,7.53,34.21,14.78,11.78
A Singh,2009,Rajasthan Royals,5,105,17.5,100,9,1,1,56,0,2,4,5,4,56,3,41,5.71,52.34,11.11,11.67
RE van der Merwe,2009,Royal Challengers Bengaluru,10,204,34.0,263,9,5,0,53,0,0,2,0,4,29,127,107,7.74,25.36,29.22,22.67
R Vinay Kumar,2009,Royal Challengers Bengaluru,11,194,32.3,273,9,5,0,65,0,0,2,4,4,99,74,100,8.44,32.66,30.33,21.56
SK Raina,2009,Chennai Super Kings,10,166,27.7,169,8,1,0,57,0,0,2,1,2,3,122,44,6.11,34.13,21.13,20.75
AB Agarkar,2009,Kolkata Knight Riders,11,186,31.0,293,8,13,0,65,0,1,3,2,2,83,106,104,9.45,32.66,36.63,23.25
ST Jayasuriya,2009,Mumbai Indians,9,114,19.0,165,8,5,0,28,0,1,3,0,3,0,123,42,8.68,23.53,20.63,14.25
Z Khan,2009,Mumbai Indians,6,126,21.0,144,7,5,1,49,0,1,3,3,2,73,22,49,6.86,37.12,20.57,18.0
BJ Hodge,2009,Kolkata Knight Riders,9,120,20.0,167,7,3,0,34,0,1,3,0,2,53,94,20,8.35,27.64,23.86,17.14
JH Kallis,2009,Royal Challengers Bengaluru,14,276,46.0,362,7,11,2,111,0,0,2,4,1,205,90,67,7.87,38.41,51.71,39.43
YK Pathan,2009,Rajasthan Royals,11,210,35.0,248,7,11,0,83,0,1,3,5,2,97,125,26,7.09,37.56,35.43,30.0
S Sreesanth,2009,Punjab Kings,7,138,23.0,196,6,4,3,62,0,0,2,1,1,88,43,65,8.52,42.76,32.67,23.0
RR Powar,2009,Punjab Kings,8,126,21.0,138,6,6,0,49,0,0,2,3,0,46,92,0,6.57,37.12,23.0,21.0
RA Jadeja,2009,Rajasthan Royals,10,140,23.3,156,6,4,0,42,0,1,3,0,0,7,113,36,6.69,29.17,26.0,23.33
Yuvraj Singh,2009,Punjab Kings,9,120,20.0,142,6,1,0,48,0,2,3,0,0,0,130,12,7.1,39.67,23.67,20.0
AD Mascarenhas,2009,Rajasthan Royals,5,116,19.3,133,6,0,0,58,0,1,3,6,0,96,34,3,6.88,50.0,22.17,19.33
JDP Oram,2009,Chennai Super Kings,7,93,15.5,139,6,0,1,28,0,0,2,0,5,19,62,58,8.97,29.79,23.17,15.5
RJ Harris,2009,Sunrisers Hyderabad,8,186,31.0,235,6,5,1,84,0,1,3,3,3,134,6,95,7.58,43.75,39.17,31.0
TL Suman,2009,Sunrisers Hyderabad,5,90,15.0,108,6,0,1,31,0,0,2,0,2,0,76,32,7.2,34.07,18.0,15.0
B Lee,2009,Punjab Kings,5,120,20.0,113,6,8,5,69,0,1,3,2,3,63,19,31,5.65,51.88,18.83,20.0
AB Dinda,2009,Kolkata Knight Riders,8,144,24.0,195,6,6,0,67,0,0,2,4,2,141,6,48,8.13,44.67,32.5,24.0
FH Edwards,2009,Sunrisers Hyderabad,6,140,23.3,160,6,9,1,70,0,0,2,4,2,61,14,85,6.86,46.67,26.67,23.33
SK Trivedi,2009,Rajasthan Royals,7,120,20.0,152,6,2,1,43,0,0,2,4,1,44,52,56,7.6,34.96,25.33,20.0
Shoaib Ahmed,2009,Sunrisers Hyderabad,7,102,17.0,154,5,1,0,33,0,0,2,1,0,37,75,42,9.06,32.04,30.8,20.4
J Botha,2009,Rajasthan Royals,3,72,12.0,76,5,3,0,30,0,1,3,0,2,0,40,36,6.33,40.0,15.2,14.4
DS Kulkarni,2009,Mumbai Indians,8,156,26.0,209,5,4,0,65,0,0,1,4,0,136,65,8,8.04,40.63,41.8,31.2
SB Styris,2009,Sunrisers Hyderabad,2,48,8.0,64,5,1,0,21,0,1,3,0,4,0,34,30,8.0,42.86,12.8,9.6
MS Gony,2009,Chennai Super Kings,7,102,17.0,173,5,4,1,36,0,0,2,3,0,130,19,24,10.18,33.64,34.6,20.4
KP Pietersen,2009,Royal Challengers Bengaluru,4,78,13.0,88,5,2,0,26,0,0,2,1,1,13,46,29,6.77,32.5,17.6,15.6
WPUJC Vaas,2009,Sunrisers Hyderabad,2,48,8.0,71,5,2,2,24,0,1,3,3,1,34,9,28,8.88,46.15,14.2,9.6
S Tyagi,2009,Chennai Super Kings,8,114,19.0,143,5,3,1,59,0,0,2,5,0,143,0,0,7.53,50.0,28.6,22.8
JD Ryder,2009,Royal Challengers Bengaluru,5,102,17.0,121,5,2,0,40,0,1,3,0,0,7,88,26,7.12,38.46,24.2,20.4
LR Shukla,2009,Kolkata Knight Riders,5,84,14.0,102,5,4,0,38,0,1,3,0,1,7,65,30,7.29,43.18,20.4,16.8
M Kartik,2009,Kolkata Knight Riders,10,204,34.0,207,5,6,0,77,0,0,2,1,0,25,148,34,6.09,36.67,41.4,40.8
JP Duminy,2009,Mumbai Indians,6,105,17.5,96,4,2,0,44,0,0,2,0,0,3,73,20,5.49,41.12,24.0,26.25
Harmeet Singh,2009,Sunrisers Hyderabad,7,137,22.8,198,4,5,0,46,0,0,2,1,2,38,113,47,8.67,32.39,49.5,34.25
AM Nayar,2009,Mumbai Indians,4,72,12.0,84,4,5,0,27,0,1,3,0,1,10,65,9,7.0,35.06,21.0,18.0
AM Salvi,2009,Delhi Capitals,5,102,17.0,138,4,4,0,40,0,0,2,0,0,58,63,17,8.12,37.74,34.5,25.5
B Akhil,2009,Royal Challengers Bengaluru,5,66,11.0,80,4,3,0,19,0,0,2,0,1,12,32,36,7.27,27.54,20.0,16.5
D du Preez,2009,Royal Challengers Bengaluru,2,42,7.0,56,4,0,1,18,0,1,3,3,0,12,28,16,8.0,41.86,14.0,10.5
MF Maharoof,2009,Delhi Capitals,3,60,10.0,67,4,2,4,27,0,0,2,2,1,23,25,19,6.7,40.91,16.75,15.0
Y Venugopal Rao,2009,Sunrisers Hyderabad,6,90,15.0,123,4,2,0,27,0,0,2,0,1,10,60,53,8.2,29.35,30.75,22.5
BAW Mendis,2009,Kolkata Knight Riders,4,96,16.0,118,4,1,1,26,0,0,2,0,2,5,75,38,7.38,26.53,29.5,24.0
WA Mota,2009,Punjab Kings,5,54,9.0,62,3,0,1,21,0,0,1,0,1,0,14,48,6.89,38.18,20.67,18.0
SM Harwood,2009,Rajasthan Royals,3,60,10.0,74,3,7,0,33,0,0,2,1,1,7,21,46,7.4,49.25,24.67,20.0
T Thushara,2009,Chennai Super Kings,2,48,8.0,61,3,2,0,19,0,0,2,2,1,35,4,22,7.63,38.0,20.33,16.0
DW Steyn,2009,Royal Challengers Bengaluru,3,54,9.0,62,3,5,0,27,0,0,2,0,3,37,0,25,6.89,45.76,20.67,18.0
CK Langeveldt,2009,Kolkata Knight Riders,1,24,4.0,15,3,1,0,16,0,1,3,2,0,8,3,4,3.75,64.0,5.0,8.0
Y Nagar,2009,Delhi Capitals,1,12,2.0,20,2,0,1,3,0,0,2,0,0,0,20,0,10.0,23.08,10.0,6.0
R Ashwin,2009,Chennai Super Kings,1,24,4.0,14,2,0,0,11,0,0,2,0,2,3,9,2,3.5,45.83,7.0,12.0
Anureet Singh,2009,Kolkata Knight Riders,2,30,5.0,47,2,4,0,16,0,0,2,1,1,23,0,24,9.4,47.06,23.5,15.0
C Nanda,2009,Mumbai Indians,3,48,8.0,58,2,2,0,13,0,0,1,0,0,0,50,8,7.25,26.0,29.0,24.0
SC Ganguly,2009,Kolkata Knight Riders,6,72,12.0,98,2,1,0,17,0,0,2,0,0,16,82,0,8.17,23.29,49.0,36.0
MC Henriques,2009,Kolkata Knight Riders,4,73,12.2,107,2,3,0,24,0,0,1,0,1,30,42,35,8.79,31.58,53.5,36.5
A Flintoff,2009,Chennai Super Kings,3,66,11.0,106,2,0,0,20,0,0,1,0,1,21,26,59,9.64,30.3,53.0,33.0
KP Appanna,2009,Royal Challengers Bengaluru,5,72,12.0,91,2,0,0,18,0,0,1,0,0,0,78,13,7.58,25.0,45.5,36.0
VS Malik,2009,Punjab Kings,5,72,12.0,100,2,1,1,28,0,0,1,2,0,72,20,8,8.33,37.84,50.0,36.0
Pankaj Singh,2009,Royal Challengers Bengaluru,3,42,7.0,65,2,3,0,12,0,0,2,2,0,53,0,12,9.29,26.67,32.5,21.0
Joginder Sharma,2009,Chennai Super Kings,4,42,7.0,57,2,1,0,9,0,0,1,0,0,0,57,0,8.14,20.93,28.5,21.0
VY Mahesh,2009,Delhi Capitals,1,12,2.0,25,1,1,0,3,0,0,1,1,0,25,0,0,12.5,23.08,25.0,12.0
M Morkel,2009,Rajasthan Royals,2,42,7.0,40,1,2,0,20,0,0,1,0,1,30,9,1,5.71,45.45,40.0,42.0
DR Smith,2009,Sunrisers Hyderabad,8,84,14.0,128,1,1,0,26,0,0,1,0,1,55,53,20,9.14,30.59,128.0,84.0
CH Gayle,2009,Kolkata Knight Riders,7,113,18.8,146,1,6,0,32,0,0,1,0,1,15,75,56,7.75,26.89,146.0,113.0
SS Sarkar,2009,Kolkata Knight Riders,2,25,4.2,34,1,0,0,4,0,0,1,0,1,15,6,13,8.16,16.0,34.0,25.0
GR Napier,2009,Mumbai Indians,1,24,4.0,28,1,0,0,8,0,0,1,0,0,3,25,0,7.0,33.33,28.0,24.0
VRV Singh,2009,Punjab Kings,4,54,9.0,83,1,0,0,16,0,0,1,0,1,22,46,15,9.22,29.63,83.0,54.0
LA Carseldine,2009,Rajasthan Royals,1,6,1.0,6,1,1,0,4,0,0,1,1,0,6,0,0,6.0,57.14,6.0,6.0
AM Rahane,2009,Mumbai Indians,1,6,1.0,5,1,0,0,2,0,0,1,0,0,0,5,0,5.0,33.33,5.0,6.0
RR Raje,2009,Mumbai Indians,4,41,6.8,72,1,1,0,11,0,0,1,0,0,0,50,22,10.54,26.19,72.0,41.0
Mashrafe Mortaza,2009,Kolkata Knight Riders,1,24,4.0,59,1,2,2,6,0,0,1,0,1,26,0,33,14.75,21.43,59.0,24.0
T Henderson,2009,Rajasthan Royals,2,36,6.0,41,1,0,0,14,0,0,1,0,0,0,13,28,6.83,38.89,41.0,36.0
DJ Hussey,2009,Kolkata Knight Riders,3,24,4.0,34,1,1,0,7,0,0,1,0,0,10,24,0,8.5,28.0,34.0,24.0
Jaskaran Singh,2009,Sunrisers Hyderabad,1,18,3.0,32,0,1,0,8,0,0,0,0,0,0,16,16,10.67,42.11,,
RR Bose,2009,Punjab Kings,1,12,2.0,24,0,0,0,5,0,0,0,0,0,24,0,0,12.0,41.67,,
V Kohli,2009,Royal Challengers Bengaluru,3,36,6.0,46,0,3,0,10,0,0,0,0,0,0,46,0,7.67,25.64,,
AB McDonald,2009,Delhi Capitals,1,18,3.0,22,0,0,0,2,0,0,0,0,0,0,22,0,7.33,11.11,,
AS Raut,2009,Rajasthan Royals,4,24,4.0,37,0,0,0,4,0,0,0,0,0,0,24,13,9.25,16.67,,
K Goel,2009,Punjab Kings,4,48,8.0,62,0,1,0,16,0,0,0,0,0,0,62,0,7.75,32.65,,
RA Shaikh,2009,Mumbai Indians,1,6,1.0,11,0,0,0,1,0,0,0,0,0,11,0,0,11.0,16.67,,
SR Tendulkar,2009,Mumbai Indians,4,36,6.0,59,0,1,0,4,0,0,0,0,0,0,40,19,9.83,10.81,,
AD Mathews,2009,Kolkata Knight Riders,1,14,2.3,32,0,1,0,2,0,0,0,0,0,9,16,7,13.71,13.33,,
RS Bopara,2009,Punjab Kings,2,8,1.3,5,0,0,0,3,0,0,0,0,0,0,5,0,3.75,37.5,,
TM Dilshan,2009,Delhi Capitals,8,96,16.0,99,0,0,0,33,0,0,0,0,0,3,96,0,6.19,34.38,,
MK Tiwary,2009,Delhi Capitals,1,6,1.0,11,0,0,0,0,0,0,0,0,0,0,11,0,11.0,0.0,,
A Mithun,2009,Royal Challengers Bengaluru,1,24,4.0,42,0,3,0,7,0,0,0,0,0,13,15,14,10.5,25.93,,
V Sehwag,2009,Delhi Capitals,1,6,1.0,25,0,0,1,1,0,0,0,0,0,25,0,0,25.0,14.29,,
LRPL Taylor,2009,Royal Challengers Bengaluru,1,6,1.0,13,0,1,0,0,0,0,0,0,0,0,13,0,13.0,0.0,,
PP Ojha,2010,Sunrisers Hyderabad,16,353,58.8,439,22,6,1,133,0,1,3,2,3,28,334,77,7.46,36.94,19.95,16.05
Harbhajan Singh,2010,Mumbai Indians,14,321,53.5,385,20,12,1,102,0,2,3,3,4,96,237,52,7.2,30.54,19.25,16.05
A Mishra,2010,Delhi Capitals,14,318,53.0,371,20,8,3,131,0,2,4,5,4,69,227,75,7.0,39.82,18.55,15.9
A Kumble,2010,Royal Challengers Bengaluru,16,380,63.3,422,19,4,5,151,1,2,5,1,8,45,295,82,6.66,38.82,22.21,20.0
R Vinay Kumar,2010,Royal Challengers Bengaluru,14,277,46.2,404,19,5,2,101,1,3,5,4,6,99,140,165,8.75,35.56,21.26,14.58
Z Khan,2010,Mumbai Indians,14,290,48.3,388,18,4,1,107,0,3,3,6,9,190,59,139,8.03,36.27,21.56,16.11
IK Pathan,2010,Punjab Kings,14,278,46.3,435,17,12,0,98,0,2,3,3,10,159,106,170,9.39,33.79,25.59,16.35
KA Pollard,2010,Mumbai Indians,12,222,37.0,276,17,10,1,58,0,2,4,0,3,22,199,55,7.46,24.89,16.24,13.06
DW Steyn,2010,Royal Challengers Bengaluru,15,354,59.0,415,17,28,0,164,0,3,3,7,6,204,96,115,7.03,42.93,24.41,20.82
SL Malinga,2010,Mumbai Indians,13,294,49.0,360,17,16,0,116,0,3,4,6,10,144,81,135,7.35,37.42,21.18,17.29
SB Jakati,2010,Chennai Super Kings,11,228,38.0,300,15,4,0,82,0,1,3,0,4,2,240,58,7.89,35.34,20.0,15.2
M Muralitharan,2010,Chennai Super Kings,12,288,48.0,346,15,14,0,121,0,2,3,0,7,24,237,85,7.21,40.07,23.07,19.2
JH Kallis,2010,Royal Challengers Bengaluru,16,342,57.0,484,15,7,1,118,0,1,3,5,5,119,224,141,8.49,33.71,32.27,22.8
RJ Harris,2010,Sunrisers Hyderabad,8,184,30.7,239,15,11,0,81,0,3,3,5,9,80,32,127,7.79,41.54,15.93,12.27
R Ashwin,2010,Chennai Super Kings,12,288,48.0,308,14,9,0,124,0,1,3,8,1,115,106,87,6.42,41.75,22.0,20.57
RP Singh,2010,Sunrisers Hyderabad,12,252,42.0,385,14,14,0,98,0,2,3,3,8,172,46,167,9.17,36.84,27.5,18.0
JA Morkel,2010,Chennai Super Kings,14,286,47.7,410,14,9,0,97,0,1,3,4,7,164,143,103,8.6,32.88,29.29,20.43
DE Bollinger,2010,Chennai Super Kings,8,186,31.0,213,13,6,1,94,0,1,4,6,7,100,0,113,6.87,48.7,16.38,14.31
PP Chawla,2010,Punjab Kings,14,294,49.0,371,13,2,0,94,0,1,3,2,3,34,272,65,7.57,31.76,28.54,22.62
SK Trivedi,2010,Rajasthan Royals,10,213,35.5,266,13,4,1,69,0,1,4,1,5,20,157,89,7.49,31.65,20.46,16.38
A Symonds,2010,Sunrisers Hyderabad,16,318,53.0,385,13,7,0,106,0,1,3,3,4,82,194,109,7.26,32.62,29.62,24.46
AB Dinda,2010,Kolkata Knight Riders,7,139,23.2,155,12,5,0,64,0,2,3,3,5,102,30,23,6.69,44.44,12.92,11.58
P Kumar,2010,Royal Challengers Bengaluru,12,270,45.0,392,12,18,0,109,0,1,3,4,8,210,21,161,8.71,37.85,32.67,22.5
SW Tait,2010,Rajasthan Royals,8,187,31.2,274,12,17,1,70,0,2,4,2,9,112,55,107,8.79,34.15,22.83,15.58
SK Warne,2010,Rajasthan Royals,14,300,50.0,389,12,5,0,93,0,1,4,0,3,24,318,47,7.78,30.49,32.42,25.0
WPUJC Vaas,2010,Sunrisers Hyderabad,6,132,22.0,147,11,1,0,63,0,2,3,9,2,79,42,26,6.68,47.37,13.36,12.0
DP Nannes,2010,Delhi Capitals,9,206,34.3,235,11,10,2,89,0,0,2,4,7,94,36,105,6.84,40.83,21.36,18.73
M Kartik,2010,Kolkata Knight Riders,10,234,39.0,261,10,3,1,77,0,0,2,3,3,41,153,67,6.69,32.35,26.1,23.4
L Balaji,2010,Chennai Super Kings,7,140,23.3,214,10,6,1,50,0,1,3,3,5,67,66,81,9.17,34.01,21.4,14.0
MF Maharoof,2010,Delhi Capitals,7,144,24.0,210,10,4,1,54,0,2,3,8,2,152,20,38,8.75,36.24,21.0,14.4
Harmeet Singh,2010,Sunrisers Hyderabad,8,144,24.0,177,10,7,0,59,0,1,3,2,6,55,77,45,7.38,39.07,17.7,14.4
PJ Sangwan,2010,Delhi Capitals,8,186,31.0,260,9,11,2,70,0,1,3,0,2,76,132,52,8.39,35.18,28.89,20.67
SE Bond,2010,Kolkata Knight Riders,8,186,31.0,225,9,5,0,75,0,0,2,4,2,95,43,87,7.26,39.27,25.0,20.67
AB McDonald,2010,Delhi Capitals,4,84,14.0,138,8,1,0,21,0,2,4,2,3,38,50,50,9.86,24.71,17.25,10.5
UT Yadav,2010,Delhi Capitals,7,144,24.0,192,8,6,2,55,0,1,3,1,3,61,83,48,8.0,36.18,24.0,18.0
AD Mathews,2010,Kolkata Knight Riders,12,225,37.5,317,8,4,1,58,0,1,4,1,3,36,234,47,8.45,25.22,39.63,28.13
J Theron,2010,Punjab Kings,7,144,24.0,195,7,8,1,44,0,1,3,0,3,59,50,86,8.13,28.76,27.86,20.57
SK Raina,2010,Chennai Super Kings,12,143,23.8,181,7,4,0,40,0,0,2,0,1,0,123,58,7.59,27.21,25.86,20.43
CRD Fernando,2010,Mumbai Indians,5,114,19.0,142,7,4,3,50,0,0,2,2,2,70,35,37,7.47,41.32,20.29,16.29
T Thushara,2010,Chennai Super Kings,4,87,14.5,103,7,5,2,38,0,1,4,1,5,25,20,58,7.1,40.43,14.71,12.43
SR Watson,2010,Rajasthan Royals,6,132,22.0,185,7,7,0,61,0,2,3,4,3,88,19,78,8.41,43.88,26.43,18.86
I Sharma,2010,Kolkata Knight Riders,7,150,25.0,242,7,9,1,54,0,0,2,2,3,127,24,91,9.68,33.75,34.57,21.43
R Sharma,2010,Sunrisers Hyderabad,6,124,20.7,170,6,2,0,40,0,0,2,0,0,3,114,53,8.23,31.75,28.33,20.67
Jaskaran Singh,2010,Sunrisers Hyderabad,6,84,14.0,142,6,4,4,31,0,0,2,2,3,53,30,59,10.14,33.7,23.67,14.0
S Narwal,2010,Rajasthan Royals,5,94,15.7,186,6,5,0,31,0,1,4,4,2,89,38,59,11.87,31.31,31.0,15.67
YK Pathan,2010,Rajasthan Royals,11,204,34.0,254,6,10,0,60,0,0,2,2,2,99,129,26,7.47,28.04,42.33,34.0
SJ Srivastava,2010,Punjab Kings,8,162,27.0,257,6,16,0,54,0,0,2,4,1,131,84,42,9.52,30.34,42.83,27.0
Yuvraj Singh,2010,Punjab Kings,10,138,23.0,155,6,1,0,45,0,1,3,0,2,0,123,32,6.74,32.37,25.83,23.0
A Nehra,2010,Delhi Capitals,4,84,14.0,102,6,1,0,37,0,1,3,3,3,59,0,43,7.29,43.53,17.0,14.0
AP Dole,2010,Rajasthan Royals,3,66,11.0,114,5,6,1,20,0,0,2,2,1,62,30,22,10.36,27.4,22.8,13.2
RS Bopara,2010,Punjab Kings,5,78,13.0,132,5,4,0,21,0,1,3,0,2,0,98,34,10.15,25.61,26.4,15.6
S Sreesanth,2010,Punjab Kings,6,114,19.0,191,5,7,7,44,0,0,2,4,1,119,55,17,10.05,34.38,38.2,22.8
PD Collingwood,2010,Delhi Capitals,6,89,14.8,101,5,1,0,24,0,0,2,0,3,0,80,21,6.81,26.67,20.2,17.8
R McLaren,2010,Mumbai Indians,10,204,34.0,281,5,10,1,69,0,0,2,2,2,127,82,72,8.26,32.09,56.2,40.8
MM Patel,2010,Rajasthan Royals,4,78,13.0,118,5,0,0,31,0,0,2,0,2,89,19,10,9.08,39.74,23.6,15.6
CK Langeveldt,2010,Kolkata Knight Riders,3,66,11.0,92,5,4,0,26,0,0,2,2,2,52,6,34,8.36,37.14,18.4,13.2
L Ablish,2010,Punjab Kings,2,24,4.0,37,5,3,0,7,0,1,3,1,4,26,0,11,9.25,25.93,7.4,4.8
DJ Bravo,2010,Mumbai Indians,10,157,26.2,231,5,5,0,48,0,0,2,1,0,59,139,33,8.83,29.63,46.2,31.4
CH Gayle,2010,Kolkata Knight Riders,6,96,16.0,153,4,6,0,29,0,0,1,2,1,89,33,31,9.56,28.43,38.25,24.0
S Ladda,2010,Delhi Capitals,5,90,15.0,144,4,2,0,34,0,0,2,1,3,21,65,58,9.6,36.96,36.0,22.5
AB Agarkar,2010,Kolkata Knight Riders,7,132,22.0,207,4,3,1,40,0,0,2,2,0,59,109,39,9.41,29.41,51.75,33.0
AD Mascarenhas,2010,Rajasthan Royals,2,48,8.0,66,4,0,0,16,0,0,2,2,0,41,25,0,8.25,33.33,16.5,12.0
JD Unadkat,2010,Kolkata Knight Riders,3,62,10.3,85,4,0,0,20,0,1,3,0,1,45,17,23,8.23,32.26,21.25,15.5
Bipul Sharma,2010,Punjab Kings,4,60,10.0,94,4,0,0,14,0,0,2,0,1,0,49,45,9.4,23.33,23.5,15.0
RR Powar,2010,Punjab Kings,7,138,23.0,163,4,5,1,62,0,0,2,3,0,74,86,3,7.09,43.06,40.75,34.5
AG Murtaza,2010,Mumbai Indians,3,72,12.0,93,4,1,0,23,0,1,3,1,0,7,64,22,7.75,31.51,23.25,18.0
Kamran Khan,2010,Rajasthan Royals,3,36,6.0,53,4,2,0,18,0,0,2,3,0,42,11,0,8.83,47.37,13.25,9.0
ST Jayasuriya,2010,Mumbai Indians,4,54,9.0,68,3,1,0,19,0,1,3,0,0,0,48,20,7.56,34.55,22.67,18.0
TM Dilshan,2010,Delhi Capitals,4,49,8.2,70,3,0,0,18,0,0,1,0,1,0,48,22,8.57,36.73,23.33,16.33
JM Kemp,2010,Chennai Super Kings,5,44,7.3,58,3,3,0,15,0,1,3,0,0,0,57,1,7.91,31.91,19.33,14.67
A Uniyal,2010,Rajasthan Royals,2,36,6.0,67,3,2,0,8,0,1,3,1,2,22,18,27,11.17,21.05,22.33,12.0
V Sehwag,2010,Delhi Capitals,3,34,5.7,23,3,0,0,18,0,0,2,0,1,0,21,2,4.06,52.94,7.67,11.33
KP Pietersen,2010,Royal Challengers Bengaluru,6,60,10.0,77,3,0,0,18,0,0,1,0,1,0,67,10,7.7,30.0,25.67,20.0
KP Appanna,2010,Royal Challengers Bengaluru,2,42,7.0,51,3,1,0,15,0,0,2,0,0,0,38,13,7.29,34.88,17.0,14.0
R Sathish,2010,Mumbai Indians,4,48,8.0,81,3,3,0,14,0,0,2,0,1,0,60,21,10.13,27.45,27.0,16.0
DL Vettori,2010,Delhi Capitals,3,70,11.7,98,3,2,0,21,0,0,2,0,1,25,40,33,8.4,29.17,32.67,23.33
LR Shukla,2010,Kolkata Knight Riders,4,72,12.0,108,3,0,0,19,0,0,1,0,1,25,45,38,9.0,26.39,36.0,24.0
R Bhatia,2010,Delhi Capitals,5,96,16.0,136,3,2,0,23,0,0,1,0,0,25,103,8,8.5,23.47,45.33,32.0
RE van der Merwe,2010,Royal Challengers Bengaluru,1,24,4.0,27,2,3,0,8,0,0,2,0,0,0,27,0,6.75,29.63,13.5,12.0
Iqbal Abdulla,2010,Kolkata Knight Riders,3,51,8.5,62,2,0,0,18,0,0,2,0,2,0,51,11,7.29,35.29,31.0,25.5
MR Marsh,2010,Sunrisers Hyderabad,3,60,10.0,89,2,3,1,24,0,0,1,1,1,40,17,32,8.9,37.5,44.5,30.0
Joginder Sharma,2010,Chennai Super Kings,3,48,8.0,89,2,1,2,14,0,0,1,0,1,39,30,20,11.13,27.45,44.5,24.0
RG Sharma,2010,Sunrisers Hyderabad,9,114,19.0,159,2,5,0,32,0,0,1,0,1,57,78,24,8.37,26.89,79.5,57.0
BJ Hodge,2010,Kolkata Knight Riders,4,30,5.0,41,2,0,0,8,0,0,1,0,0,0,41,0,8.2,26.67,20.5,15.0
BAW Mendis,2010,Kolkata Knight Riders,2,48,8.0,68,2,2,0,12,0,0,2,0,1,5,37,26,8.5,24.0,34.0,24.0
Pankaj Singh,2010,Royal Challengers Bengaluru,2,48,8.0,83,2,3,0,21,0,0,2,1,0,14,57,12,10.38,41.18,41.5,24.0
MK Tiwary,2010,Kolkata Knight Riders,1,6,1.0,11,1,1,0,2,0,0,1,0,1,0,0,11,11.0,28.57,11.0,6.0
MC Henriques,2010,Delhi Capitals,1,24,4.0,35,1,0,0,10,0,0,1,0,0,0,12,23,8.75,41.67,35.0,24.0
YA Abdulla,2010,Punjab Kings,2,41,6.8,67,1,1,0,13,0,0,1,0,0,11,32,24,9.8,30.95,67.0,41.0
S Tyagi,2010,Chennai Super Kings,6,95,15.8,161,1,5,2,34,0,0,1,0,0,91,38,32,10.17,33.33,161.0,95.0
DR Smith,2010,Sunrisers Hyderabad,2,23,3.8,36,1,0,0,6,0,0,1,0,1,24,5,7,9.39,26.09,36.0,23.0
A Mithun,2010,Royal Challengers Bengaluru,1,18,3.0,39,1,1,1,2,0,0,1,1,0,13,7,19,13.0,10.0,39.0,18.0
JP Duminy,2010,Mumbai Indians,2,33,5.5,37,1,0,0,13,0,0,1,0,0,0,31,6,6.73,39.39,37.0,33.0
ND Doshi,2010,Royal Challengers Bengaluru,1,24,4.0,17,1,1,0,14,0,0,1,0,1,0,16,1,4.25,56.0,17.0,24.0
FY Fazal,2010,Rajasthan Royals,2,12,2.0,20,1,0,0,1,0,0,1,0,1,0,0,20,10.0,8.33,20.0,12.0
DS Kulkarni,2010,Mumbai Indians,1,24,4.0,40,1,1,0,10,0,0,1,1,0,28,0,12,10.0,40.0,40.0,24.0
AC Voges,2010,Rajasthan Royals,7,54,9.0,76,1,2,0,15,0,0,1,0,0,26,45,5,8.44,26.79,76.0,54.0
VY Mahesh,2010,Delhi Capitals,1,18,3.0,23,1,1,0,5,0,0,1,0,1,0,22,1,7.67,26.32,23.0,18.0
Y Nagar,2010,Delhi Capitals,1,18,3.0,28,1,0,0,7,0,0,1,0,0,10,18,0,9.33,38.89,28.0,18.0
VS Malik,2010,Punjab Kings,3,43,7.2,66,1,2,1,16,0,0,1,0,0,22,40,4,9.21,34.78,66.0,43.0
SB Wagh,2010,Rajasthan Royals,1,6,1.0,16,1,0,0,2,0,0,1,1,0,16,0,0,16.0,33.33,16.0,6.0
MS Gony,2010,Chennai Super Kings,3,48,8.0,92,1,3,0,17,0,0,1,1,0,81,11,0,11.5,33.33,92.0,48.0
K Goel,2010,Punjab Kings,1,6,1.0,7,0,0,0,1,0,0,0,0,0,0,7,0,7.0,16.67,,
AJ Finch,2010,Rajasthan Royals,1,7,1.2,5,0,0,0,3,0,0,0,0,0,0,4,1,4.29,42.86,,
KAJ Roach,2010,Sunrisers Hyderabad,2,48,8.0,80,0,3,1,20,0,0,0,0,0,20,16,44,10.0,38.46,,
CL White,2010,Royal Challengers Bengaluru,1,6,1.0,19,0,1,0,2,0,0,0,0,0,0,19,0,19.0,28.57,,
B Lee,2010,Punjab Kings,4,87,14.5,154,0,3,1,20,0,0,0,0,0,63,18,73,10.62,21.98,,
C Ganapathy,2010,Chennai Super Kings,1,6,1.0,13,0,0,0,1,0,0,0,0,0,0,13,0,13.0,16.67,,
B Akhil,2010,Royal Challengers Bengaluru,1,6,1.0,6,0,0,0,3,0,0,0,0,0,0,6,0,6.0,50.0,,
S Sriram,2010,Royal Challengers Bengaluru,1,12,2.0,24,0,0,0,2,0,0,0,0,0,0,24,0,12.0,16.67,,
NLTC Perera,2010,Chennai Super Kings,1,6,1.0,19,0,0,0,0,0,0,0,0,0,0,0,19,19.0,0.0,,
M Morkel,2010,Rajasthan Royals,2,42,7.0,66,0,4,0,15,0,0,0,0,0,33,20,13,9.43,32.61,,
V Kohli,2010,Royal Challengers Bengaluru,4,32,5.3,51,0,0,1,7,0,0,0,0,0,0,50,1,9.56,21.21,,
AN Ahmed,2010,Mumbai Indians,1,12,2.0,26,0,2,0,3,0,0,0,0,0,0,26,0,13.0,21.43,,
VRV Singh,2010,Punjab Kings,1,18,3.0,41,0,2,1,4,0,0,0,0,0,12,14,15,13.67,19.05,,
SC Ganguly,2010,Kolkata Knight Riders,3,24,4.0,43,0,1,0,2,0,0,0,0,0,13,30,0,10.75,8.0,,
TL Suman,2010,Sunrisers Hyderabad,2,12,2.0,24,0,0,1,2,0,0,0,0,0,0,8,16,12.0,15.38,,
AA Jhunjhunwala,2010,Rajasthan Royals,5,37,6.2,69,0,2,0,12,0,0,0,0,0,22,45,2,11.19,30.77,,
Y Venugopal Rao,2010,Sunrisers Hyderabad,1,6,1.0,10,0,0,0,1,0,0,0,0,0,0,10,0,10.0,16.67,,
RS Gavaskar,2010,Kolkata Knight Riders,1,6,1.0,8,0,0,0,2,0,0,0,0,0,0,0,8,8.0,33.33,,
MB Parmar,2010,Kolkata Knight Riders,1,18,3.0,33,0,1,0,4,0,0,0,0,0,14,19,0,11.0,21.05,,
STR Binny,2010,Mumbai Indians,1,6,1.0,9,0,0,0,0,0,0,0,0,0,0,9,0,9.0,0.0,,
DJ Hussey,2010,Kolkata Knight Riders,5,60,10.0,81,0,0,0,13,0,0,0,0,0,6,75,0,8.1,21.67,,
SL Malinga,2011,Mumbai Indians,16,378,63.0,393,30,16,3,183,1,4,5,7,16,131,106,156,6.24,46.1,13.1,12.6
MM Patel,2011,Mumbai Indians,15,326,54.3,377,22,3,0,145,1,3,5,10,8,151,99,127,6.94,44.07,17.14,14.82
S Aravind,2011,Royal Challengers Bengaluru,13,276,46.0,377,22,12,0,115,0,3,4,8,11,164,101,112,8.2,39.93,17.14,12.55
R Ashwin,2011,Chennai Super Kings,16,378,63.0,398,21,7,0,157,0,2,3,12,3,166,116,116,6.32,40.78,18.95,18.0
DE Bollinger,2011,Chennai Super Kings,13,282,47.0,343,20,11,1,114,0,4,3,4,14,187,12,144,7.3,38.78,17.15,14.1
A Mishra,2011,Sunrisers Hyderabad,14,320,53.3,369,19,2,2,130,0,1,4,0,8,15,228,126,6.92,40.12,19.42,16.84
Iqbal Abdulla,2011,Kolkata Knight Riders,15,300,50.0,313,18,5,0,131,0,3,3,9,1,110,147,56,6.26,42.95,17.39,16.67
R Vinay Kumar,2011,Kochi Tuskers Kerala,13,268,44.7,345,17,10,0,103,0,3,3,5,8,92,136,117,7.72,37.05,20.29,15.76
RJ Harris,2011,Punjab Kings,13,282,47.0,401,17,13,0,111,0,2,3,4,11,159,70,172,8.53,37.63,23.59,16.59
R Sharma,2011,Pune Warriors,14,300,50.0,278,17,2,0,128,0,1,3,1,4,32,191,55,5.56,42.38,16.35,17.65
PP Chawla,2011,Punjab Kings,12,248,41.3,340,16,5,0,93,0,2,4,0,3,12,272,56,8.23,36.76,21.25,15.5
Harbhajan Singh,2011,Mumbai Indians,15,318,53.0,373,16,10,0,127,1,2,5,6,8,119,181,73,7.04,38.72,23.31,19.88
JA Morkel,2011,Chennai Super Kings,14,270,45.0,390,16,9,1,102,0,2,4,6,7,245,67,78,8.67,36.43,24.38,16.88
RP Singh,2011,Kochi Tuskers Kerala,14,300,50.0,365,15,14,0,135,0,1,4,8,3,225,72,68,7.3,42.99,24.33,20.0
Z Khan,2011,Royal Challengers Bengaluru,15,354,59.0,465,15,19,0,141,0,1,3,7,7,227,64,174,7.88,37.8,31.0,23.6
M Morkel,2011,Delhi Capitals,11,258,43.0,336,14,12,4,115,0,2,3,4,8,174,80,82,7.81,41.97,24.0,18.43
DW Steyn,2011,Sunrisers Hyderabad,12,273,45.5,304,14,9,4,134,0,2,3,6,7,139,45,120,6.68,46.85,21.71,19.5
SK Warne,2011,Rajasthan Royals,12,282,47.0,298,14,4,0,117,0,1,3,0,3,31,234,33,6.34,40.91,21.29,20.14
KA Pollard,2011,Mumbai Indians,16,255,42.5,367,13,13,2,73,0,0,2,1,4,22,269,76,8.64,27.04,28.23,19.62
IK Pathan,2011,Delhi Capitals,13,275,45.8,353,13,12,1,124,0,1,3,7,2,186,68,99,7.7,43.06,27.15,21.15
YK Pathan,2011,Kolkata Knight Riders,14,234,39.0,244,13,7,0,93,0,1,3,3,0,60,174,10,6.26,38.59,18.77,18.0
SK Trivedi,2011,Rajasthan Royals,12,214,35.7,307,13,7,3,66,0,3,4,1,9,70,141,96,8.61,29.46,23.62,16.46
DL Vettori,2011,Royal Challengers Bengaluru,13,310,51.7,315,13,2,0,119,0,1,3,2,3,48,202,65,6.1,38.14,24.23,23.85
L Balaji,2011,Kolkata Knight Riders,14,266,44.3,383,13,14,2,89,0,1,3,3,5,124,101,158,8.64,31.56,29.46,20.46
PP Ojha,2011,Sunrisers Hyderabad,10,221,36.8,281,12,3,0,86,0,2,4,1,6,48,159,74,7.63,38.39,23.42,18.42
DT Christian,2011,Sunrisers Hyderabad,14,274,45.7,357,11,16,1,109,0,0,2,3,3,83,200,74,7.82,37.46,32.45,24.91
AC Thomas,2011,Pune Warriors,11,231,38.5,300,11,8,1,96,0,0,2,6,2,141,16,143,7.79,40.0,27.27,21.0
Shakib Al Hasan,2011,Kolkata Knight Riders,7,153,25.5,177,11,5,0,59,0,1,3,1,4,43,99,35,6.94,37.34,16.09,13.91
I Sharma,2011,Sunrisers Hyderabad,12,264,44.0,324,11,6,5,121,1,1,5,11,0,173,40,111,7.36,44.0,29.45,24.0
R Bhatia,2011,Kolkata Knight Riders,12,192,32.0,213,10,2,0,56,0,1,3,0,0,0,187,26,6.66,28.87,21.3,19.2
P Kumar,2011,Punjab Kings,13,276,46.0,353,10,7,0,137,0,0,2,6,2,236,73,44,7.67,48.41,35.3,27.6
WD Parnell,2011,Pune Warriors,8,176,29.3,222,10,8,0,75,0,1,4,3,7,114,32,76,7.57,40.76,22.2,17.6
A Singh,2011,Rajasthan Royals,9,171,28.5,222,10,4,0,75,0,1,3,3,6,111,52,59,7.79,42.86,22.2,17.1
SB Jakati,2011,Chennai Super Kings,14,265,44.2,338,10,3,1,80,0,0,2,0,0,11,285,42,7.65,29.74,33.8,26.5
SJ Srivastava,2011,Punjab Kings,6,120,20.0,187,9,7,1,49,0,0,2,1,5,80,61,46,9.35,38.28,20.78,13.33
CH Gayle,2011,Royal Challengers Bengaluru,12,216,36.0,262,9,7,2,80,0,1,3,1,4,41,151,70,7.28,35.56,29.11,24.0
AB Agarkar,2011,Delhi Capitals,7,162,27.0,236,9,2,0,46,0,0,2,0,4,21,119,96,8.74,28.05,26.22,18.0
Yuvraj Singh,2011,Pune Warriors,13,174,29.0,193,9,0,1,61,0,1,4,0,2,0,154,39,6.66,34.86,21.44,19.33
JH Kallis,2011,Kolkata Knight Riders,9,144,24.0,170,9,6,0,54,0,1,3,1,4,41,67,62,7.08,36.0,18.89,16.0
BA Bhatt,2011,Punjab Kings,8,167,27.8,233,9,5,0,55,0,1,4,3,2,68,94,71,8.37,31.98,25.89,18.56
RA Jadeja,2011,Kochi Tuskers Kerala,14,252,42.0,307,9,9,0,90,0,0,2,1,3,30,200,77,7.31,34.48,34.11,28.0
BJ Hodge,2011,Kochi Tuskers Kerala,4,66,11.0,77,8,1,0,28,1,1,5,0,1,0,74,3,7.0,41.79,9.63,8.25
B Lee,2011,Kolkata Knight Riders,12,272,45.3,349,8,10,2,108,0,0,2,1,6,176,15,158,7.7,38.03,43.63,34.0
S Randiv,2011,Chennai Super Kings,8,174,29.0,223,8,6,0,60,0,0,2,0,3,21,175,27,7.69,33.33,27.88,21.75
SR Watson,2011,Rajasthan Royals,10,216,36.0,248,8,9,1,78,0,2,3,4,4,94,79,75,6.89,34.51,31.0,27.0
JR Hopes,2011,Delhi Capitals,9,192,32.0,277,7,6,0,53,0,0,1,0,3,0,200,77,8.66,26.77,39.57,27.43
PC Valthaty,2011,Punjab Kings,9,145,24.2,191,7,2,0,43,0,1,4,0,2,0,160,31,7.9,29.25,27.29,20.71
MR Marsh,2011,Pune Warriors,5,85,14.2,102,7,1,0,25,0,1,4,0,5,26,51,25,7.2,29.07,14.57,12.14
J Botha,2011,Rajasthan Royals,10,216,36.0,242,7,3,0,81,0,1,3,3,3,92,118,32,6.72,36.99,34.57,30.86
AN Ahmed,2011,Mumbai Indians,6,120,20.0,178,7,7,1,40,0,1,3,3,4,76,69,33,8.9,31.25,25.43,17.14
S Sreesanth,2011,Kochi Tuskers Kerala,9,191,31.8,212,7,10,5,94,0,0,2,7,0,134,29,49,6.66,45.63,30.29,27.29
JE Taylor,2011,Pune Warriors,5,117,19.5,167,6,4,1,48,0,1,3,0,6,51,20,96,8.56,39.34,27.83,19.5
JD Unadkat,2011,Kolkata Knight Riders,6,108,18.0,151,6,3,0,40,0,0,2,2,2,72,39,40,8.39,36.04,25.17,18.0
DS Kulkarni,2011,Mumbai Indians,6,120,20.0,156,6,6,0,42,0,1,3,1,2,44,67,45,7.8,33.33,26.0,20.0
A Mithun,2011,Royal Challengers Bengaluru,12,204,34.0,325,6,9,8,67,0,0,2,0,4,45,189,91,9.56,30.32,54.17,34.0
DJ Bravo,2011,Chennai Super Kings,6,120,20.0,159,6,9,0,40,0,0,2,0,1,10,124,25,7.95,31.01,26.5,20.0
RE van der Merwe,2011,Delhi Capitals,4,89,14.8,94,6,2,0,36,0,1,3,0,3,14,69,11,6.34,39.56,15.67,14.83
SW Tait,2011,Rajasthan Royals,4,89,14.8,137,6,7,6,42,0,1,3,3,3,61,36,40,9.24,41.18,22.83,14.83
Bipul Sharma,2011,Punjab Kings,4,72,12.0,80,5,6,0,27,0,0,2,2,0,23,47,10,6.67,34.62,16.0,14.4
J Syed Mohammad,2011,Royal Challengers Bengaluru,5,90,15.0,128,5,1,0,29,0,0,2,1,1,14,81,33,8.53,31.87,25.6,18.0
JD Ryder,2011,Pune Warriors,7,92,15.3,119,5,2,0,29,0,0,2,0,2,0,89,30,7.76,30.85,23.8,18.4
CK Langeveldt,2011,Royal Challengers Bengaluru,3,66,11.0,92,5,3,1,27,0,0,2,2,2,39,28,25,8.36,38.57,18.4,13.2
SK Raina,2011,Chennai Super Kings,12,165,27.5,209,5,8,0,62,0,0,2,0,4,0,154,55,7.6,35.84,41.8,33.0
Anand Rajan,2011,Sunrisers Hyderabad,2,30,5.0,50,5,5,0,15,0,1,4,0,5,11,5,34,10.0,42.86,10.0,6.0
AB Dinda,2011,Delhi Capitals,5,102,17.0,159,5,3,2,41,0,0,2,3,1,95,9,55,9.35,38.32,31.8,20.4
R McLaren,2011,Punjab Kings,6,108,18.0,182,5,1,2,30,0,0,2,1,2,28,100,54,10.11,27.03,36.4,21.6
NLTC Perera,2011,Kochi Tuskers Kerala,4,84,14.0,114,5,2,0,24,0,0,2,0,3,19,69,26,8.14,27.91,22.8,16.8
RV Gomez,2011,Kochi Tuskers Kerala,8,90,15.0,125,5,1,0,33,0,0,2,0,1,0,105,20,8.33,36.26,25.0,18.0
AG Murtaza,2011,Mumbai Indians,5,120,20.0,122,5,2,0,56,0,1,3,1,0,31,59,32,6.1,45.9,24.4,24.0
MS Gony,2011,Sunrisers Hyderabad,3,54,9.0,86,4,1,0,17,0,1,3,1,1,28,44,14,9.56,30.91,21.5,13.5
JP Duminy,2011,Sunrisers Hyderabad,8,108,18.0,149,4,3,0,44,0,0,1,2,0,54,84,11,8.28,39.64,37.25,27.0
SB Wagh,2011,Pune Warriors,7,96,16.0,131,4,6,0,43,0,1,3,3,1,104,0,27,8.19,42.16,32.75,24.0
P Parameswaran,2011,Kochi Tuskers Kerala,5,94,15.7,137,4,2,1,41,0,0,2,1,2,57,52,28,8.74,42.27,34.25,23.5
TG Southee,2011,Chennai Super Kings,5,114,19.0,167,4,5,0,43,0,0,1,1,1,60,34,73,8.79,36.13,41.75,28.5
S Nadeem,2011,Delhi Capitals,5,114,19.0,145,4,1,0,37,0,0,2,0,0,0,119,26,7.63,32.17,36.25,28.5
AM Salvi,2011,Delhi Capitals,2,48,8.0,67,3,2,0,17,0,0,2,1,2,21,17,29,8.38,34.0,22.33,16.0
UT Yadav,2011,Delhi Capitals,6,108,18.0,172,3,3,2,36,0,0,2,0,0,78,76,18,9.56,31.86,57.33,36.0
JEC Franklin,2011,Mumbai Indians,6,61,10.2,99,3,0,2,14,0,0,2,0,3,0,66,33,9.74,22.22,33.0,20.33
JJ van der Wath,2011,Royal Challengers Bengaluru,3,72,12.0,134,3,2,2,29,0,0,2,0,2,41,44,49,11.17,38.16,44.67,24.0
B Kumar,2011,Pune Warriors,4,66,11.0,68,3,0,1,28,0,0,2,0,0,28,40,0,6.18,41.79,22.67,22.0
R Ninan,2011,Royal Challengers Bengaluru,2,36,6.0,65,3,0,0,8,0,0,2,0,0,0,49,16,10.83,22.22,21.67,12.0
Harmeet Singh,2011,Sunrisers Hyderabad,2,42,7.0,53,3,1,1,17,0,0,2,2,0,6,32,15,7.57,38.64,17.67,14.0
AM Nayar,2011,Punjab Kings,6,61,10.2,95,2,2,0,15,0,0,1,0,0,0,95,0,9.34,23.81,47.5,30.5
AL Menaria,2011,Rajasthan Royals,9,90,15.0,121,2,3,0,30,0,0,2,1,0,53,30,38,8.07,32.26,60.5,45.0
RR Powar,2011,Kochi Tuskers Kerala,5,72,12.0,112,2,0,0,22,0,0,1,0,2,20,60,32,9.33,30.56,56.0,36.0
VR Aaron,2011,Delhi Capitals,3,72,12.0,83,2,5,0,31,0,0,1,1,0,15,40,28,6.92,40.26,41.5,36.0
M Muralitharan,2011,Kochi Tuskers Kerala,5,114,19.0,145,2,3,0,46,0,0,1,0,1,16,88,41,7.63,39.32,72.5,57.0
DP Nannes,2011,Royal Challengers Bengaluru,2,24,4.0,31,2,1,0,11,0,0,1,1,1,16,9,6,7.75,44.0,15.5,12.0
V Kohli,2011,Royal Challengers Bengaluru,10,102,17.0,140,2,2,2,23,0,0,1,0,0,0,122,18,8.24,21.7,70.0,51.0
M Kartik,2011,Pune Warriors,6,125,20.8,170,2,2,3,40,0,0,1,2,0,42,95,33,8.16,30.77,85.0,62.5
TM Dilshan,2011,Royal Challengers Bengaluru,6,72,12.0,108,1,2,0,16,0,0,1,0,0,35,64,9,9.0,21.62,108.0,72.0
JDP Oram,2011,Rajasthan Royals,2,24,4.0,46,1,0,0,8,0,0,1,1,0,46,0,0,11.5,33.33,46.0,24.0
DJ Hussey,2011,Punjab Kings,2,18,3.0,38,1,0,0,4,0,0,1,0,0,15,23,0,12.67,22.22,38.0,18.0
S Dhawan,2011,Sunrisers Hyderabad,2,12,2.0,12,1,0,0,5,0,0,1,0,0,0,12,0,6.0,41.67,12.0,12.0
JP Faulkner,2011,Pune Warriors,1,12,2.0,10,1,0,0,7,0,0,1,1,0,10,0,0,5.0,58.33,10.0,12.0
A Symonds,2011,Mumbai Indians,3,24,4.0,41,1,0,0,10,0,0,1,0,0,0,41,0,10.25,41.67,41.0,24.0
ND Doshi,2011,Rajasthan Royals,3,32,5.3,62,1,0,0,10,0,0,1,1,0,32,20,10,11.63,31.25,62.0,32.0
SS Mundhe,2011,Pune Warriors,1,6,1.0,6,1,1,0,4,0,0,1,1,0,6,0,0,6.0,57.14,6.0,6.0
AA Kazi,2011,Royal Challengers Bengaluru,1,12,2.0,21,1,1,0,2,0,0,1,0,0,0,21,0,10.5,15.38,21.0,12.0
KMDN Kulasekara,2011,Chennai Super Kings,1,18,3.0,26,1,1,0,7,0,0,1,1,0,26,0,0,8.67,36.84,26.0,18.0
Y Nagar,2011,Delhi Capitals,5,30,5.0,67,1,1,3,5,0,0,1,0,0,0,67,0,13.4,14.71,67.0,30.0
STR Binny,2011,Rajasthan Royals,3,24,4.0,44,0,1,0,1,0,0,0,0,0,0,30,14,11.0,4.0,,
AB McDonald,2011,Delhi Capitals,1,12,2.0,23,0,0,0,5,0,0,0,0,0,11,12,0,11.5,41.67,,
S Ladda,2011,Kolkata Knight Riders,2,24,4.0,42,0,0,1,8,0,0,0,0,0,0,28,14,10.5,32.0,,
MK Tiwary,2011,Kolkata Knight Riders,2,12,2.0,23,0,1,0,4,0,0,0,0,0,0,23,0,11.5,30.77,,
NL McCullum,2011,Pune Warriors,2,30,5.0,35,0,0,0,10,0,0,0,0,0,12,23,0,7.0,33.33,,
M Manhas,2011,Pune Warriors,3,42,7.0,42,0,0,0,15,0,0,0,0,0,0,34,8,6.0,35.71,,
RG Sharma,2011,Mumbai Indians,3,24,4.0,53,0,1,0,4,0,0,0,0,0,0,53,0,13.25,16.0,,
AUK Pathan,2011,Royal Challengers Bengaluru,2,33,5.5,49,0,2,0,7,0,0,0,0,0,0,35,14,8.91,20.0,,
SB Styris,2011,Chennai Super Kings,1,6,1.0,13,0,0,0,1,0,0,0,0,0,0,13,0,13.0,16.67,,
RN ten Doeschate,2011,Kolkata Knight Riders,1,6,1.0,7,0,1,0,0,0,0,0,0,0,0,7,0,7.0,0.0,,
Kamran Khan,2011,Pune Warriors,1,18,3.0,47,0,0,0,5,0,0,0,0,0,37,10,0,15.67,27.78,,
P Prasanth,2011,Kochi Tuskers Kerala,1,6,1.0,18,0,0,0,3,0,0,0,0,0,0,18,0,18.0,50.0,,
Y Gnaneswara Rao,2011,Kochi Tuskers Kerala,1,6,1.0,7,0,0,0,3,0,0,0,0,0,0,7,0,7.0,50.0,,
AA Jhunjhunwala,2011,Pune Warriors,2,12,2.0,22,0,1,0,1,0,0,0,0,0,0,22,0,11.0,7.69,,
DB Ravi Teja,2011,Sunrisers Hyderabad,1,6,1.0,9,0,0,0,1,0,0,0,0,0,0,9,0,9.0,16.67,,
S Sriram,2011,Delhi Capitals,1,6,1.0,25,0,0,0,0,0,0,0,0,0,0,25,0,25.0,0.0,,
Joginder Sharma,2011,Chennai Super Kings,1,18,3.0,34,0,2,0,5,0,0,0,0,0,9,8,17,11.33,25.0,,
L Ablish,2011,Punjab Kings,1,18,3.0,39,0,0,0,3,0,0,0,0,0,0,31,8,13.0,16.67,,
TL Suman,2011,Mumbai Indians,3,36,6.0,50,0,0,0,7,0,0,0,0,0,0,50,0,8.33,19.44,,
I Malhotra,2011,Sunrisers Hyderabad,1,6,1.0,23,0,0,0,0,0,0,0,0,0,0,23,0,23.0,0.0,,
VS Malik,2011,Punjab Kings,1,12,2.0,14,0,0,0,3,0,0,0,0,0,0,14,0,7.0,25.0,,
Y Venugopal Rao,2011,Delhi Capitals,2,12,2.0,26,0,0,0,3,0,0,0,0,0,14,12,0,13.0,25.0,,
B Chipli,2011,Sunrisers Hyderabad,1,6,1.0,20,0,0,0,1,0,0,0,0,0,0,20,0,20.0,16.67,,
R Sathish,2011,Mumbai Indians,4,31,5.2,41,0,0,0,7,0,0,0,0,0,0,40,1,7.94,22.58,,
LRPL Taylor,2011,Rajasthan Royals,1,6,1.0,11,0,0,0,0,0,0,0,0,0,0,11,0,11.0,0.0,,
RW Price,2011,Mumbai Indians,1,18,3.0,33,0,0,0,1,0,0,0,0,0,14,19,0,11.0,5.56,,
NJ Rimmington,2011,Punjab Kings,1,18,3.0,20,0,0,0,9,0,0,0,0,0,14,6,0,6.67,50.0,,
AJ Finch,2011,Delhi Capitals,1,12,2.0,13,0,1,0,5,0,0,0,0,0,0,8,5,6.5,38.46,,
B Akhil,2011,Kochi Tuskers Kerala,1,12,2.0,22,0,0,1,4,0,0,0,0,0,0,4,18,11.0,30.77,,
AA Chavan,2011,Rajasthan Royals,2,30,5.0,31,0,0,0,17,0,0,0,0,0,26,5,0,6.2,56.67,,
S Rana,2011,Pune Warriors,1,4,0.7,2,0,0,0,2,0,0,0,0,0,0,0,2,3.0,50.0,,
AS Raut,2011,Rajasthan Royals,1,6,1.0,8,0,0,0,2,0,0,0,0,0,0,8,0,8.0,33.33,,
Pankaj Singh,2011,Rajasthan Royals,1,12,2.0,24,0,0,0,3,0,0,0,0,0,12,0,12,12.0,25.0,,
M Morkel,2012,Delhi Capitals,16,378,63.0,466,30,10,1,154,0,5,4,11,16,218,55,193,7.4,39.59,15.53,12.6
SP Narine,2012,Kolkata Knight Riders,15,355,59.2,332,29,2,0,164,2,3,5,3,21,74,73,185,5.61,45.94,11.45,12.24
SL Malinga,2012,Mumbai Indians,14,333,55.5,355,25,17,1,145,0,4,4,3,18,118,52,185,6.4,41.31,14.2,13.32
UT Yadav,2012,Delhi Capitals,17,366,61.0,459,22,14,3,145,0,2,4,4,11,125,134,200,7.52,37.86,20.86,16.64
R Vinay Kumar,2012,Royal Challengers Bengaluru,14,335,55.8,488,21,9,2,123,0,3,3,7,12,188,51,249,8.74,35.55,23.24,15.95
Z Khan,2012,Royal Challengers Bengaluru,15,360,60.0,468,21,10,0,146,0,1,3,8,13,242,23,203,7.8,39.46,22.29,17.14
DJ Bravo,2012,Chennai Super Kings,18,346,57.7,472,20,17,0,110,0,2,3,0,10,38,247,187,8.18,30.3,23.6,17.3
R Ashwin,2012,Chennai Super Kings,18,395,65.8,439,19,6,1,141,1,1,5,4,7,171,191,77,6.67,35.07,23.11,20.79
KA Pollard,2012,Mumbai Indians,14,263,43.8,352,18,22,1,85,0,1,4,0,8,6,280,66,8.03,29.72,19.56,14.61
PP Chawla,2012,Punjab Kings,16,342,57.0,425,18,4,0,124,0,1,3,1,6,18,330,77,7.46,35.84,23.61,19.0
P Awana,2012,Punjab Kings,12,282,47.0,382,18,13,1,112,0,3,4,7,7,123,130,129,8.13,37.84,21.22,15.67
DW Steyn,2012,Sunrisers Hyderabad,12,280,46.7,290,18,8,1,138,0,2,3,8,7,127,28,135,6.21,47.75,16.11,15.56
MM Patel,2012,Mumbai Indians,12,280,46.7,374,17,4,4,123,0,3,4,9,6,186,37,151,8.01,42.71,22.0,16.47
R Bhatia,2012,Kolkata Knight Riders,16,319,53.2,400,17,3,1,82,0,1,3,0,8,0,305,95,7.52,25.39,23.53,18.76
JH Kallis,2012,Kolkata Knight Riders,16,324,54.0,410,16,10,2,112,0,0,2,7,5,120,199,91,7.59,33.33,25.63,20.25
M Muralitharan,2012,Royal Challengers Bengaluru,10,240,40.0,264,15,5,0,82,0,2,3,0,4,15,163,86,6.6,33.47,17.6,16.0
BW Hilfenhaus,2012,Chennai Super Kings,9,204,34.0,242,14,9,2,103,0,1,3,8,5,148,23,71,7.12,47.91,17.29,14.57
SK Trivedi,2012,Rajasthan Royals,14,312,52.0,387,14,9,3,90,0,1,4,0,3,12,268,107,7.44,27.78,27.64,22.29
Azhar Mahmood,2012,Punjab Kings,11,256,42.7,331,14,7,2,95,0,2,3,2,7,44,128,159,7.76,35.85,23.64,18.29
JA Morkel,2012,Chennai Super Kings,15,297,49.5,392,13,17,1,118,0,1,3,4,5,237,101,54,7.92,37.46,30.15,22.85
A Mishra,2012,Sunrisers Hyderabad,14,282,47.0,381,13,5,2,89,0,1,3,0,1,0,315,66,8.11,30.8,29.31,21.69
V Pratap Singh,2012,Sunrisers Hyderabad,9,204,34.0,300,12,7,0,71,0,1,3,3,6,140,89,71,8.82,33.65,25.0,17.0
A Nehra,2012,Pune Warriors,13,288,48.0,411,12,1,2,99,0,2,3,1,7,163,105,143,8.56,34.02,34.25,24.0
Shakib Al Hasan,2012,Kolkata Knight Riders,8,180,30.0,203,12,5,0,68,0,1,3,2,6,83,59,61,6.77,36.76,16.92,15.0
L Balaji,2012,Kolkata Knight Riders,8,180,30.0,169,12,9,0,83,0,1,4,3,3,51,81,37,5.63,43.92,14.08,15.0
P Kumar,2012,Punjab Kings,16,378,63.0,445,12,17,0,168,0,1,3,6,5,278,52,115,7.06,42.53,37.08,31.5
RA Jadeja,2012,Chennai Super Kings,14,210,35.0,278,12,6,0,65,1,1,5,0,8,16,168,94,7.94,30.09,23.17,17.5
A Singh,2012,Rajasthan Royals,9,197,32.8,317,12,7,0,58,0,0,2,5,7,141,4,172,9.65,28.43,26.42,16.42
RP Singh,2012,Mumbai Indians,11,246,41.0,328,11,12,2,103,0,1,3,5,4,174,64,90,8.0,39.62,29.82,22.36
A Ashish Reddy,2012,Sunrisers Hyderabad,9,163,27.2,238,11,4,2,55,0,1,3,0,8,20,94,124,8.76,32.54,21.64,14.82
SB Jakati,2012,Chennai Super Kings,15,246,41.0,337,10,2,0,76,0,0,2,1,1,48,270,19,8.22,30.65,33.7,24.6
KK Cooper,2012,Rajasthan Royals,6,144,24.0,187,10,5,0,52,0,2,4,2,6,35,48,104,7.79,34.9,18.7,14.4
DE Bollinger,2012,Chennai Super Kings,6,108,18.0,160,10,5,0,46,0,1,4,1,7,117,3,40,8.89,40.71,16.0,10.8
AB Dinda,2012,Pune Warriors,7,144,24.0,171,10,6,4,61,0,1,4,5,5,84,18,69,7.13,39.61,17.1,14.4
IK Pathan,2012,Delhi Capitals,17,360,60.0,477,10,6,0,145,0,0,2,4,1,189,223,65,7.95,39.62,47.7,36.0
GB Hogg,2012,Rajasthan Royals,9,216,36.0,262,10,3,1,73,0,0,2,0,2,10,211,41,7.28,33.18,26.2,21.6
PP Ojha,2012,Mumbai Indians,9,180,30.0,222,10,5,1,66,0,1,3,1,3,51,118,53,7.4,35.48,22.2,18.0
VR Aaron,2012,Delhi Capitals,8,186,31.0,279,9,6,0,73,0,0,2,5,2,88,77,114,9.0,38.02,31.0,20.67
HV Patel,2012,Royal Challengers Bengaluru,11,246,41.0,352,9,3,0,78,0,0,2,0,2,67,220,65,8.59,31.33,39.11,27.33
J Botha,2012,Rajasthan Royals,11,246,41.0,304,9,5,0,87,0,0,2,0,3,103,159,42,7.41,34.66,33.78,27.33
MN Samuels,2012,Pune Warriors,8,172,28.7,217,9,4,0,66,0,1,3,3,5,66,78,73,7.57,37.5,24.11,19.11
DT Christian,2012,Sunrisers Hyderabad,7,162,27.0,240,9,7,0,51,0,0,2,5,2,78,54,108,8.89,30.18,26.67,18.0
B Kumar,2012,Pune Warriors,11,234,39.0,293,9,5,1,86,0,0,2,4,3,118,107,68,7.51,35.83,32.56,26.0
R Sharma,2012,Pune Warriors,11,222,37.0,305,9,2,0,72,0,0,2,0,2,24,194,87,8.24,32.14,33.89,24.67
RJ Harris,2012,Punjab Kings,5,108,18.0,136,8,1,0,48,0,1,4,2,3,66,38,32,7.56,44.04,17.0,13.5
S Nadeem,2012,Delhi Capitals,12,270,45.0,320,8,5,0,88,0,1,3,2,2,61,204,55,7.11,32.0,40.0,33.75
Harmeet Singh,2012,Punjab Kings,7,134,22.3,196,7,5,2,40,0,1,3,0,4,14,141,41,8.78,28.37,28.0,19.14
WD Parnell,2012,Pune Warriors,6,126,21.0,133,7,1,3,51,0,0,2,2,5,52,21,60,6.33,39.23,19.0,18.0
AD Mascarenhas,2012,Punjab Kings,4,96,16.0,110,7,1,0,35,1,1,5,4,2,36,35,39,6.88,36.08,15.71,13.71
Pankaj Singh,2012,Rajasthan Royals,6,126,21.0,171,7,1,0,57,0,0,2,5,1,88,42,41,8.14,44.88,24.43,18.0
SW Tait,2012,Rajasthan Royals,6,137,22.8,154,7,18,2,65,0,1,3,2,3,73,37,44,6.74,41.4,22.0,19.57
AD Mathews,2012,Pune Warriors,9,156,26.0,195,7,2,0,50,0,0,2,0,2,30,133,32,7.5,31.65,27.86,22.29
B Lee,2012,Kolkata Knight Riders,10,228,38.0,303,7,4,2,99,0,0,2,2,3,169,13,121,7.97,42.31,43.29,32.57
P Negi,2012,Delhi Capitals,6,132,22.0,153,7,1,0,49,0,1,4,0,0,0,127,26,6.95,36.84,21.86,18.86
AA Chavan,2012,Rajasthan Royals,8,164,27.3,245,7,5,0,55,0,0,2,3,3,85,128,32,8.96,32.54,35.0,23.43
DL Vettori,2012,Royal Challengers Bengaluru,9,210,35.0,241,6,2,0,66,0,0,1,0,2,25,163,53,6.89,31.13,40.17,35.0
JEC Franklin,2012,Mumbai Indians,9,90,15.0,126,6,2,0,25,0,0,2,1,0,20,97,9,8.4,27.17,21.0,15.0
DS Kulkarni,2012,Mumbai Indians,2,48,8.0,64,6,5,0,23,0,2,3,4,2,23,0,41,8.0,43.4,10.67,8.0
Harbhajan Singh,2012,Mumbai Indians,16,324,54.0,389,6,11,0,117,0,0,2,1,0,38,318,33,7.2,34.93,64.83,54.0
SR Watson,2012,Rajasthan Royals,7,138,23.0,165,6,5,1,62,0,0,2,2,3,95,12,58,7.17,43.06,27.5,23.0
KP Appanna,2012,Royal Challengers Bengaluru,6,102,17.0,149,6,5,0,35,0,1,4,0,0,28,121,0,8.76,32.71,24.83,17.0
AC Thomas,2012,Pune Warriors,4,84,14.0,116,5,2,1,30,0,1,3,2,3,55,11,50,8.29,34.48,23.2,16.8
KMDN Kulasekara,2012,Chennai Super Kings,4,84,14.0,96,5,4,0,38,0,0,2,3,2,56,8,32,6.86,43.18,19.2,16.8
P Parameswaran,2012,Royal Challengers Bengaluru,3,60,10.0,89,5,2,0,23,0,1,3,1,3,8,45,36,8.9,37.1,17.8,12.0
A Chandila,2012,Rajasthan Royals,4,84,14.0,87,5,0,0,39,0,1,4,4,0,41,46,0,6.21,46.43,17.4,16.8
AB McDonald,2012,Royal Challengers Bengaluru,3,60,10.0,63,5,1,0,18,0,0,2,1,1,15,47,1,6.3,29.51,12.6,12.0
M Kartik,2012,Pune Warriors,11,216,36.0,267,4,8,1,76,0,0,2,1,0,69,188,10,7.42,33.78,66.75,54.0
Ankit Sharma,2012,Sunrisers Hyderabad,9,145,24.2,167,4,2,0,62,0,0,1,3,0,48,93,26,6.91,42.18,41.75,36.25
AB Agarkar,2012,Delhi Capitals,4,86,14.3,134,4,4,0,20,0,1,3,0,1,15,94,25,9.35,22.22,33.5,21.5
YK Pathan,2012,Kolkata Knight Riders,12,132,22.0,184,4,5,0,46,0,0,2,1,0,51,133,0,8.36,33.58,46.0,33.0
MS Gony,2012,Sunrisers Hyderabad,6,144,24.0,217,4,6,1,58,0,0,2,0,1,91,77,49,9.04,38.41,54.25,36.0
RE van der Merwe,2012,Delhi Capitals,3,60,10.0,60,4,1,0,26,0,1,3,1,0,6,51,3,6.0,42.62,15.0,15.0
Iqbal Abdulla,2012,Kolkata Knight Riders,8,132,22.0,147,4,2,0,46,0,0,1,2,0,74,65,8,6.68,34.33,36.75,33.0
J Theron,2012,Sunrisers Hyderabad,2,48,8.0,66,3,2,1,18,0,0,2,1,2,22,3,41,8.25,35.29,22.0,16.0
MJ Clarke,2012,Pune Warriors,5,66,11.0,72,3,0,0,22,0,0,1,0,0,0,63,9,6.55,33.33,24.0,22.0
DAJ Bracewell,2012,Delhi Capitals,1,24,4.0,32,3,1,0,10,0,1,3,0,2,7,15,10,8.0,40.0,10.67,8.0
Anand Rajan,2012,Sunrisers Hyderabad,4,71,11.8,113,3,4,1,18,0,0,1,0,1,21,59,33,9.55,23.68,37.67,23.67
SC Ganguly,2012,Pune Warriors,4,60,10.0,97,3,0,1,10,0,1,3,0,0,0,64,33,9.7,16.39,32.33,20.0
JP Faulkner,2012,Punjab Kings,2,48,8.0,74,3,1,0,14,0,0,2,0,3,26,9,39,9.25,28.57,24.67,16.0
S Dhawan,2012,Sunrisers Hyderabad,4,36,6.0,60,3,1,0,12,0,0,1,1,0,31,29,0,10.0,32.43,20.0,12.0
DJ Hussey,2012,Punjab Kings,6,54,9.0,67,3,1,0,14,0,0,2,0,0,15,32,20,7.44,25.45,22.33,18.0
BA Bhatt,2012,Punjab Kings,5,99,16.5,143,3,0,1,26,0,0,2,1,0,39,77,27,8.67,26.0,47.67,33.0
VY Mahesh,2012,Chennai Super Kings,4,56,9.3,83,3,5,0,18,0,0,2,0,0,0,73,10,8.89,29.51,27.67,18.67
RJ Peterson,2012,Mumbai Indians,4,48,8.0,70,3,0,0,21,0,1,3,0,2,10,21,39,8.75,43.75,23.33,16.0
M de Lange,2012,Kolkata Knight Riders,3,60,10.0,108,3,3,1,17,0,1,3,2,1,63,17,28,10.8,26.56,36.0,20.0
STR Binny,2012,Rajasthan Royals,6,60,10.0,78,3,0,0,15,0,0,1,0,1,12,33,33,7.8,25.0,26.0,20.0
DR Smith,2012,Mumbai Indians,6,78,13.0,98,3,0,1,28,0,0,2,0,2,0,82,16,7.54,35.44,32.67,26.0
SK Raina,2012,Chennai Super Kings,7,84,14.0,106,2,1,0,21,0,0,1,0,0,0,97,9,7.57,24.71,53.0,42.0
GJ Maxwell,2012,Delhi Capitals,2,18,3.0,22,2,1,0,6,0,0,2,0,0,12,10,0,7.33,31.58,11.0,9.0
LR Shukla,2012,Kolkata Knight Riders,2,12,2.0,12,1,0,0,5,0,0,1,0,1,0,7,5,6.0,41.67,12.0,12.0
JD Ryder,2012,Pune Warriors,4,42,7.0,74,1,1,0,10,0,0,1,0,0,0,74,0,10.57,23.26,74.0,42.0
TP Sudhindra,2012,Sunrisers Hyderabad,3,70,11.7,137,1,3,1,18,0,0,1,0,0,40,47,50,11.74,24.32,137.0,70.0
RN ten Doeschate,2012,Kolkata Knight Riders,1,18,3.0,24,1,3,0,2,0,0,1,0,0,0,12,12,8.0,9.52,24.0,18.0
AL Menaria,2012,Rajasthan Royals,3,20,3.3,23,1,0,0,10,0,0,1,0,0,2,11,10,6.9,50.0,23.0,20.0
CJ McKay,2012,Mumbai Indians,2,42,7.0,60,1,0,0,14,0,0,1,0,0,26,14,20,8.57,33.33,60.0,42.0
AD Russell,2012,Delhi Capitals,4,96,16.0,162,1,1,1,28,0,0,1,0,0,25,97,40,10.13,28.57,162.0,96.0
PJ Sangwan,2012,Kolkata Knight Riders,1,24,4.0,42,1,1,0,5,0,0,1,0,0,17,25,0,10.5,20.0,42.0,24.0
JP Duminy,2012,Sunrisers Hyderabad,6,72,12.0,104,1,6,0,22,0,0,1,0,0,33,70,1,8.67,28.21,104.0,72.0
AA Jhunjhunwala,2012,Sunrisers Hyderabad,3,36,6.0,39,1,0,0,14,0,0,1,0,0,25,14,0,6.5,38.89,39.0,36.0
KP Pietersen,2012,Delhi Capitals,3,36,6.0,53,1,4,0,10,0,0,1,0,0,7,46,0,8.83,25.0,53.0,36.0
J Syed Mohammad,2012,Royal Challengers Bengaluru,2,42,7.0,66,1,1,0,8,0,0,1,0,0,0,66,0,9.43,18.6,66.0,42.0
BJ Hodge,2012,Rajasthan Royals,2,12,2.0,22,1,0,0,2,0,0,1,0,0,0,22,0,11.0,16.67,22.0,12.0
RG Sharma,2012,Mumbai Indians,1,6,1.0,16,0,0,0,1,0,0,0,0,0,0,0,16,16.0,16.67,,
LJ Wright,2012,Pune Warriors,1,12,2.0,24,0,0,0,2,0,0,0,0,0,12,12,0,12.0,16.67,,
SPD Smith,2012,Pune Warriors,1,2,0.3,5,0,0,0,0,0,0,0,0,0,0,0,5,15.0,0.0,,
DJ Harris,2012,Sunrisers Hyderabad,2,18,3.0,26,0,0,0,4,0,0,0,0,0,0,16,10,8.67,22.22,,
AG Murtaza,2012,Pune Warriors,1,12,2.0,11,0,0,0,5,0,0,0,0,0,11,0,0,5.5,41.67,,
CL White,2012,Sunrisers Hyderabad,2,18,3.0,27,0,2,0,1,0,0,0,0,0,0,27,0,9.0,5.0,,
F du Plessis,2012,Chennai Super Kings,1,6,1.0,16,0,0,0,0,0,0,0,0,0,0,0,16,16.0,0.0,,
RR Bhatkal,2012,Royal Challengers Bengaluru,1,12,2.0,35,0,0,0,0,0,0,0,0,0,20,15,0,17.5,0.0,,
R Shukla,2012,Mumbai Indians,1,18,3.0,32,0,1,0,5,0,0,0,0,0,6,26,0,10.67,26.32,,
AM Nayar,2012,Punjab Kings,1,6,1.0,16,0,0,0,0,0,0,0,0,0,0,16,0,16.0,0.0,,
Sunny Gupta,2012,Delhi Capitals,1,18,3.0,47,0,1,0,0,0,0,0,0,0,12,35,0,15.67,0.0,,
JD Unadkat,2012,Kolkata Knight Riders,1,18,3.0,32,0,0,0,2,0,0,0,0,0,0,21,11,10.67,11.11,,
V Kohli,2012,Royal Challengers Bengaluru,2,18,3.0,49,0,0,0,2,0,0,0,0,0,0,21,28,16.33,11.11,,
PC Valthaty,2012,Punjab Kings,1,6,1.0,16,0,0,0,1,0,0,0,0,0,0,16,0,16.0,16.67,,
S Aravind,2012,Royal Challengers Bengaluru,1,18,3.0,48,0,0,0,5,0,0,0,0,0,24,24,0,16.0,27.78,,
Y Nagar,2012,Delhi Capitals,1,6,1.0,10,0,1,0,1,0,0,0,0,0,0,10,0,10.0,14.29,,
CH Gayle,2012,Royal Challengers Bengaluru,3,28,4.7,67,0,2,0,5,0,0,0,0,0,0,31,36,14.36,16.67,,
Y Venugopal Rao,2012,Delhi Capitals,2,12,2.0,26,0,0,0,3,0,0,0,0,0,13,13,0,13.0,25.0,,
RR Powar,2012,Punjab Kings,1,18,3.0,32,0,0,0,3,0,0,0,0,0,8,24,0,10.67,16.67,,
A Mithun,2012,Royal Challengers Bengaluru,1,18,3.0,34,0,1,0,5,0,0,0,0,0,18,0,16,11.33,26.32,,
NLTC Perera,2012,Mumbai Indians,2,15,2.5,27,0,0,0,2,0,0,0,0,0,0,18,9,10.8,13.33,,
AN Ahmed,2012,Mumbai Indians,1,12,2.0,17,0,1,0,5,0,0,0,0,0,17,0,0,8.5,38.46,,
TM Dilshan,2012,Royal Challengers Bengaluru,5,42,7.0,78,0,2,0,9,0,0,0,0,0,24,54,0,11.14,20.45,,
K Upadhyay,2012,Pune Warriors,1,24,4.0,33,0,0,0,10,0,0,0,0,0,17,16,0,8.25,41.67,,
Bipul Sharma,2012,Punjab Kings,3,46,7.7,82,0,2,0,13,0,0,0,0,0,11,52,19,10.7,27.08,,
V Sehwag,2012,Delhi Capitals,3,24,4.0,45,0,0,0,7,0,0,0,0,0,0,34,11,11.25,29.17,,
AUK Pathan,2012,Royal Challengers Bengaluru,1,6,1.0,14,0,0,0,2,0,0,0,0,0,0,0,14,14.0,33.33,,
DJ Bravo,2013,Chennai Super Kings,18,375,62.5,505,34,16,1,135,0,4,4,1,25,10,209,286,8.08,34.44,14.85,11.03
JP Faulkner,2013,Rajasthan Royals,16,379,63.2,436,33,16,0,161,2,6,5,7,21,149,80,207,6.9,40.76,13.21,11.48
R Vinay Kumar,2013,Royal Challengers Bengaluru,16,361,60.2,502,27,7,2,124,0,4,3,5,16,115,176,211,8.34,33.51,18.59,13.37
SP Narine,2013,Kolkata Knight Riders,16,384,64.0,353,26,3,0,180,1,4,5,3,16,73,113,167,5.52,46.51,13.58,14.77
Harbhajan Singh,2013,Mumbai Indians,19,420,70.0,466,25,8,2,163,0,3,3,2,3,90,317,59,6.66,37.91,18.64,16.8
MG Johnson,2013,Mumbai Indians,17,384,64.0,471,24,19,0,188,0,2,3,16,5,243,107,121,7.36,46.65,19.63,16.0
A Mishra,2013,Sunrisers Hyderabad,17,372,62.0,395,24,2,2,151,0,5,4,0,10,12,260,123,6.37,40.16,16.46,15.5
SL Malinga,2013,Mumbai Indians,17,392,65.3,484,23,8,2,147,0,1,4,5,13,145,134,205,7.41,36.57,21.04,17.04
KK Cooper,2013,Rajasthan Royals,14,324,54.0,456,22,17,0,98,0,3,3,0,13,47,169,240,8.44,28.74,20.73,14.73
MM Sharma,2013,Chennai Super Kings,15,304,50.7,327,21,7,0,161,0,2,3,15,2,230,71,26,6.45,51.77,15.57,14.48
NLTC Perera,2013,Sunrisers Hyderabad,16,358,59.7,490,21,8,3,136,0,3,3,5,10,105,162,223,8.21,36.86,23.33,17.05
UT Yadav,2013,Delhi Capitals,16,347,57.8,518,20,15,1,126,0,3,4,4,15,134,133,251,8.96,34.71,25.9,17.35
DW Steyn,2013,Sunrisers Hyderabad,17,407,67.8,395,20,12,0,211,0,1,3,3,16,167,65,163,5.82,50.36,19.75,20.35
JH Kallis,2013,Kolkata Knight Riders,15,318,53.0,407,19,7,4,112,0,2,3,2,11,62,204,141,7.68,34.04,21.42,16.74
AB Dinda,2013,Pune Warriors,13,294,49.0,466,18,8,2,105,0,2,3,4,11,133,60,273,9.51,34.54,25.89,16.33
PP Ojha,2013,Mumbai Indians,15,314,52.3,391,18,4,0,108,0,1,3,1,3,54,285,52,7.47,33.96,21.72,17.44
CH Morris,2013,Chennai Super Kings,16,300,50.0,410,17,8,1,113,0,1,3,5,8,140,126,144,8.2,36.57,24.12,17.65
SR Watson,2013,Rajasthan Royals,13,250,41.7,319,16,6,0,101,0,1,4,5,8,108,108,103,7.66,39.45,19.94,15.63
Azhar Mahmood,2013,Punjab Kings,11,263,43.8,335,16,3,1,99,0,3,3,4,11,110,63,162,7.64,37.08,20.94,16.44
R Ashwin,2013,Chennai Super Kings,18,348,58.0,397,16,6,0,121,0,0,2,1,2,46,317,34,6.84,34.18,24.81,21.75
I Sharma,2013,Sunrisers Hyderabad,16,358,59.7,471,16,13,3,160,0,1,3,9,5,278,110,83,7.89,42.78,29.44,22.38
P Awana,2013,Punjab Kings,14,324,54.0,416,16,6,2,133,0,1,3,4,6,103,184,129,7.7,40.06,26.0,20.25
RA Jadeja,2013,Chennai Super Kings,15,259,43.2,326,15,2,1,95,0,3,3,0,4,28,234,64,7.55,36.26,21.73,17.27
RP Singh,2013,Royal Challengers Bengaluru,11,239,39.8,336,14,10,2,88,0,3,4,2,12,116,83,137,8.44,35.06,24.0,17.07
L Balaji,2013,Kolkata Knight Riders,13,300,50.0,399,13,11,0,113,0,1,3,2,6,154,96,149,7.98,36.33,30.69,23.08
P Kumar,2013,Punjab Kings,15,338,56.3,394,13,16,0,155,0,1,3,7,3,214,21,159,6.99,43.79,30.31,26.0
R Rampaul,2013,Royal Challengers Bengaluru,10,226,37.7,271,13,7,2,109,0,1,3,6,4,121,48,102,7.19,46.38,20.85,17.38
A Nehra,2013,Delhi Capitals,10,216,36.0,319,13,5,0,84,0,1,3,4,7,164,19,136,8.86,38.01,24.54,16.62
JD Unadkat,2013,Royal Challengers Bengaluru,13,294,49.0,373,13,5,0,102,1,1,5,5,5,95,211,67,7.61,34.11,28.69,22.62
B Kumar,2013,Pune Warriors,16,342,57.0,381,13,16,1,167,0,2,3,8,5,191,49,141,6.68,46.52,29.31,26.31
KV Sharma,2013,Sunrisers Hyderabad,13,209,34.8,235,12,2,0,88,0,1,3,0,1,23,186,26,6.75,41.71,19.58,17.42
SK Trivedi,2013,Rajasthan Royals,17,359,59.8,425,12,9,0,122,0,1,3,0,1,0,372,53,7.1,33.15,35.42,29.92
R Bhatia,2013,Kolkata Knight Riders,15,263,43.8,334,11,3,0,59,0,0,2,0,3,0,279,55,7.62,22.18,30.36,23.91
PP Chawla,2013,Punjab Kings,16,350,58.3,433,11,2,0,117,0,0,2,0,2,8,392,33,7.42,33.24,39.36,31.82
IK Pathan,2013,Delhi Capitals,15,308,51.3,391,11,7,0,134,0,0,2,4,1,145,183,63,7.62,42.54,35.55,28.0
DJG Sammy,2013,Sunrisers Hyderabad,9,134,22.3,169,11,3,1,50,1,2,6,0,4,19,99,51,7.57,36.23,15.36,12.18
M Kartik,2013,Royal Challengers Bengaluru,11,234,39.0,290,11,7,0,71,0,0,2,1,3,24,229,37,7.44,29.46,26.36,21.27
KA Pollard,2013,Mumbai Indians,14,186,31.0,292,10,11,0,60,0,0,2,0,6,0,176,116,9.42,30.46,29.2,18.6
SMSM Senanayake,2013,Kolkata Knight Riders,8,192,32.0,211,9,3,0,73,0,0,2,4,2,111,66,34,6.59,37.44,23.44,21.33
R Sharma,2013,Pune Warriors,11,246,41.0,282,9,1,0,85,0,0,2,1,2,42,205,35,6.88,34.41,31.33,27.33
S Nadeem,2013,Delhi Capitals,12,264,44.0,264,9,3,0,95,0,0,2,0,1,9,242,13,6.0,35.58,29.33,29.33
MC Henriques,2013,Royal Challengers Bengaluru,8,127,21.2,187,8,5,0,50,0,0,2,4,0,105,60,22,8.83,37.88,23.38,15.88
JA Morkel,2013,Chennai Super Kings,7,144,24.0,167,8,5,0,59,0,1,3,3,2,107,39,21,6.96,39.6,20.88,18.0
Sandeep Sharma,2013,Punjab Kings,4,96,16.0,130,8,0,2,41,0,2,3,4,2,55,24,51,8.13,41.84,16.25,12.0
M Morkel,2013,Delhi Capitals,10,240,40.0,341,8,4,3,91,0,0,2,3,3,120,94,127,8.53,36.84,42.63,30.0
DS Kulkarni,2013,Mumbai Indians,6,112,18.7,153,8,6,1,53,0,1,3,3,3,70,38,45,8.2,44.54,19.13,14.0
MS Gony,2013,Punjab Kings,8,168,28.0,261,7,6,1,62,0,0,2,0,3,33,148,80,9.32,35.43,37.29,24.0
Iqbal Abdulla,2013,Kolkata Knight Riders,5,113,18.8,142,7,0,0,41,0,1,3,1,1,27,97,18,7.54,36.28,20.29,16.14
WD Parnell,2013,Pune Warriors,4,89,14.8,141,7,7,1,33,0,2,3,3,3,60,10,71,9.51,34.02,20.14,12.71
STR Binny,2013,Rajasthan Royals,14,144,24.0,163,7,5,0,57,0,1,3,0,2,1,123,39,6.79,38.26,23.29,20.57
MR Marsh,2013,Pune Warriors,7,116,19.3,184,7,5,1,35,0,0,2,0,2,41,84,59,9.52,28.69,26.29,16.57
Yuvraj Singh,2013,Pune Warriors,10,132,22.0,152,6,1,0,39,0,0,2,0,0,0,152,0,6.91,29.32,25.33,22.0
S Sreesanth,2013,Rajasthan Royals,7,130,21.7,171,6,2,4,67,0,1,3,4,1,105,37,29,7.89,49.26,28.5,21.67
Harmeet Singh,2013,Punjab Kings,3,68,11.3,89,6,2,1,27,0,1,3,1,1,11,48,30,7.85,38.03,14.83,11.33
A Chandila,2013,Rajasthan Royals,8,150,25.0,158,6,0,0,64,0,0,2,6,0,98,54,6,6.32,42.67,26.33,25.0
AD Mathews,2013,Pune Warriors,10,186,31.0,245,6,2,0,50,0,1,3,1,4,42,135,68,7.9,26.6,40.83,31.0
S Kaul,2013,Delhi Capitals,6,131,21.8,172,5,2,0,44,0,0,2,2,1,54,57,61,7.88,33.08,34.4,26.2
J Botha,2013,Delhi Capitals,6,100,16.7,114,5,2,0,37,0,0,2,1,0,25,86,3,6.84,36.27,22.8,20.0
DP Nannes,2013,Chennai Super Kings,5,119,19.8,165,5,5,2,50,0,1,3,3,2,86,24,55,8.32,39.68,33.0,23.8
Z Khan,2013,Royal Challengers Bengaluru,2,36,6.0,47,5,2,0,18,0,1,4,3,0,21,26,0,7.83,47.37,9.4,7.2
RE van der Merwe,2013,Delhi Capitals,3,66,11.0,71,4,1,0,25,0,0,2,3,0,11,48,12,6.45,37.31,17.75,16.5
J Syed Mohammad,2013,Royal Challengers Bengaluru,4,60,10.0,92,4,2,0,10,0,0,2,0,0,0,92,0,9.2,16.13,23.0,15.0
JO Holder,2013,Chennai Super Kings,6,120,20.0,173,4,5,0,47,0,0,2,4,0,120,53,0,8.65,37.6,43.25,30.0
R Shukla,2013,Rajasthan Royals,3,48,8.0,80,4,5,0,15,0,0,2,2,1,40,32,8,10.0,28.3,20.0,12.0
B Lee,2013,Kolkata Knight Riders,3,72,12.0,89,4,3,0,34,0,0,2,2,2,42,4,43,7.42,45.33,22.25,18.0
R McLaren,2013,Kolkata Knight Riders,2,42,7.0,95,4,4,0,17,0,1,3,1,3,65,0,30,13.57,36.96,23.75,10.5
AN Ahmed,2013,Mumbai Indians,2,42,7.0,45,3,0,0,21,0,0,2,0,2,32,8,5,6.43,50.0,15.0,14.0
M Muralitharan,2013,Royal Challengers Bengaluru,6,138,23.0,192,3,2,1,42,0,0,1,0,1,32,115,45,8.35,29.79,64.0,46.0
CH Gayle,2013,Royal Challengers Bengaluru,4,24,4.0,41,3,1,0,10,0,0,2,0,3,0,8,33,10.25,40.0,13.67,8.0
MM Patel,2013,Mumbai Indians,4,90,15.0,138,3,1,0,32,0,1,3,1,2,65,20,53,9.2,35.16,46.0,30.0
AG Murtaza,2013,Pune Warriors,3,60,10.0,96,3,2,0,17,0,1,3,1,0,3,93,0,9.6,27.42,32.0,20.0
A Ashish Reddy,2013,Sunrisers Hyderabad,5,40,6.7,71,3,1,0,10,0,0,1,0,1,0,46,25,10.65,24.39,23.67,13.33
JJ Bumrah,2013,Mumbai Indians,2,42,7.0,74,3,1,2,16,0,1,3,1,0,37,24,13,10.57,35.56,24.67,14.0
R Dhawan,2013,Mumbai Indians,5,90,15.0,115,2,3,2,34,0,0,1,2,0,25,49,41,7.67,35.79,57.5,45.0
AM Nayar,2013,Pune Warriors,3,48,8.0,59,2,2,0,13,0,0,1,0,0,0,59,0,7.38,26.0,29.5,24.0
BAW Mendis,2013,Pune Warriors,3,72,12.0,78,2,0,0,29,0,0,1,2,0,26,45,7,6.5,40.28,39.0,36.0
VS Malik,2013,Rajasthan Royals,3,60,10.0,59,2,1,0,30,0,0,2,2,0,39,20,0,5.9,49.18,29.5,30.0
LJ Wright,2013,Pune Warriors,5,59,9.8,101,2,4,0,12,0,0,1,0,1,0,56,45,10.27,19.05,50.5,29.5
Anand Rajan,2013,Sunrisers Hyderabad,2,48,8.0,43,2,3,0,24,0,0,1,0,1,15,15,13,5.38,47.06,21.5,24.0
DR Smith,2013,Mumbai Indians,3,30,5.0,59,2,0,2,7,0,0,2,0,0,0,47,12,11.8,21.88,29.5,15.0
KW Richardson,2013,Pune Warriors,3,71,11.8,103,2,2,0,28,0,0,1,1,1,43,18,42,8.7,38.36,51.5,35.5
RJ Harris,2013,Punjab Kings,3,72,12.0,74,1,2,0,40,0,0,1,0,1,41,25,8,6.17,54.05,74.0,72.0
SW Tait,2013,Rajasthan Royals,3,60,10.0,103,1,10,0,23,0,0,1,0,0,58,20,25,10.3,32.86,103.0,60.0
Bipul Sharma,2013,Punjab Kings,1,24,4.0,21,1,0,0,11,0,0,1,1,0,2,19,0,5.25,45.83,21.0,24.0
YK Pathan,2013,Kolkata Knight Riders,5,54,9.0,74,1,1,0,14,0,0,1,0,0,28,29,17,8.22,25.45,74.0,54.0
SK Raina,2013,Chennai Super Kings,2,12,2.0,23,1,0,0,2,0,0,1,0,0,0,23,0,11.5,16.67,23.0,12.0
CL White,2013,Sunrisers Hyderabad,2,12,2.0,16,1,0,0,5,0,0,1,0,0,0,16,0,8.0,41.67,16.0,12.0
RV Gomez,2013,Pune Warriors,1,6,1.0,5,1,0,0,4,0,0,1,0,1,0,0,5,5.0,66.67,5.0,6.0
GH Vihari,2013,Sunrisers Hyderabad,5,36,6.0,39,1,1,0,17,0,0,1,1,0,34,5,0,6.5,45.95,39.0,36.0
AS Rajpoot,2013,Chennai Super Kings,2,24,4.0,37,1,1,0,8,0,0,1,1,0,37,0,0,9.25,32.0,37.0,24.0
LR Shukla,2013,Kolkata Knight Riders,2,18,3.0,22,1,0,0,7,0,0,1,0,0,0,22,0,7.33,38.89,22.0,18.0
BMAJ Mendis,2013,Delhi Capitals,2,30,5.0,36,1,0,0,11,0,0,1,0,0,0,36,0,7.2,36.67,36.0,30.0
S Ladda,2013,Kolkata Knight Riders,1,12,2.0,18,1,0,0,3,0,0,1,0,0,0,18,0,9.0,25.0,18.0,12.0
PV Tambe,2013,Rajasthan Royals,3,66,11.0,91,1,3,0,20,0,0,1,0,0,9,82,0,8.27,28.99,91.0,66.0
AJ Finch,2013,Pune Warriors,3,24,4.0,49,1,0,0,5,0,0,1,0,0,3,46,0,12.25,20.83,49.0,24.0
AA Chavan,2013,Rajasthan Royals,3,54,9.0,63,1,2,0,28,0,0,1,0,0,53,10,0,7.0,50.0,63.0,54.0
P Suyal,2013,Mumbai Indians,1,18,3.0,22,1,1,0,9,0,0,1,1,0,22,0,0,7.33,47.37,22.0,18.0
A Mithun,2013,Royal Challengers Bengaluru,1,24,4.0,37,1,1,0,9,0,0,1,0,1,16,6,15,9.25,36.0,37.0,24.0
Mohammed Shami,2013,Kolkata Knight Riders,3,54,9.0,79,1,3,0,21,0,0,1,0,1,33,38,8,8.78,36.84,79.0,54.0
MN Samuels,2013,Pune Warriors,1,24,4.0,34,1,1,0,8,0,0,1,0,0,15,4,15,8.5,32.0,34.0,24.0
AB McDonald,2013,Royal Challengers Bengaluru,1,12,2.0,17,1,0,0,4,0,0,1,0,0,0,17,0,8.5,33.33,17.0,12.0
R Sathish,2013,Punjab Kings,3,24,4.0,52,1,0,0,1,0,0,1,0,0,0,18,34,13.0,4.17,52.0,24.0
Harmeet Singh,2013,Rajasthan Royals,1,24,4.0,34,1,1,0,12,0,0,1,0,0,23,11,0,8.5,48.0,34.0,24.0
AC Gilchrist,2013,Punjab Kings,1,1,0.2,0,1,0,0,1,0,0,1,0,1,0,0,0,0.0,100.0,0.0,1.0
TL Suman,2013,Pune Warriors,1,12,2.0,16,1,0,0,3,0,0,1,0,0,6,10,0,8.0,25.0,16.0,12.0
Parvez Rasool,2013,Pune Warriors,2,30,5.0,29,1,0,0,12,0,0,1,0,0,9,20,0,5.8,40.0,29.0,30.0
BA Bhatt,2013,Punjab Kings,2,30,5.0,32,1,1,0,12,0,0,1,0,0,9,23,0,6.4,38.71,32.0,30.0
NM Coulter-Nile,2013,Mumbai Indians,1,24,4.0,29,1,1,0,11,0,0,1,1,0,17,12,0,7.25,44.0,29.0,24.0
B Laughlin,2013,Chennai Super Kings,2,42,7.0,72,1,3,0,9,0,0,1,0,0,0,27,45,10.29,20.0,72.0,42.0
IC Pandey,2013,Pune Warriors,2,24,4.0,50,1,0,1,7,0,0,1,1,0,26,24,0,12.5,28.0,50.0,24.0
BJ Hodge,2013,Rajasthan Royals,1,6,1.0,3,0,0,0,3,0,0,0,0,0,3,0,0,3.0,50.0,,
TM Dilshan,2013,Royal Challengers Bengaluru,1,6,1.0,10,0,0,0,0,0,0,0,0,0,0,10,0,10.0,0.0,,
P Negi,2013,Delhi Capitals,1,24,4.0,28,0,2,0,3,0,0,0,0,0,0,21,7,7.0,11.54,,
YS Chahal,2013,Mumbai Indians,1,24,4.0,35,0,0,0,8,0,0,0,0,0,0,22,13,8.75,33.33,,
GB Hogg,2013,Rajasthan Royals,1,20,3.3,31,0,1,0,5,0,0,0,0,0,0,27,4,9.3,23.81,,
RG Sharma,2013,Mumbai Indians,2,8,1.3,6,0,1,0,3,0,0,0,0,0,1,5,0,4.5,33.33,,
S Badree,2013,Rajasthan Royals,1,24,4.0,35,0,1,0,7,0,0,0,0,0,27,8,0,8.75,28.0,,
AD Russell,2013,Delhi Capitals,3,42,7.0,68,0,2,0,10,0,0,0,0,0,9,41,18,9.71,22.73,,
JDP Oram,2013,Mumbai Indians,1,24,4.0,28,0,2,0,11,0,0,0,0,0,3,8,17,7.0,42.31,,
BJ Rohrer,2013,Delhi Capitals,1,6,1.0,12,0,1,0,1,0,0,0,0,0,0,12,0,12.0,14.29,,
DT Christian,2013,Royal Challengers Bengaluru,2,36,6.0,56,0,0,2,14,0,0,0,0,0,21,11,24,9.33,36.84,,
PJ Sangwan,2013,Kolkata Knight Riders,2,24,4.0,52,0,1,1,7,0,0,0,0,0,18,34,0,13.0,26.92,,
Ankit Sharma,2013,Sunrisers Hyderabad,1,12,2.0,17,0,0,0,5,0,0,0,0,0,10,7,0,8.5,41.67,,
V Sehwag,2013,Delhi Capitals,1,6,1.0,9,0,0,0,0,0,0,0,0,0,0,9,0,9.0,0.0,,
K Upadhyay,2013,Pune Warriors,2,30,5.0,48,0,2,0,10,0,0,0,0,0,42,6,0,9.6,31.25,,
MG Neser,2013,Punjab Kings,1,24,4.0,62,0,0,1,5,0,0,0,0,0,18,11,33,15.5,20.0,,
GJ Maxwell,2013,Mumbai Indians,2,12,2.0,24,0,0,0,2,0,0,0,0,0,0,18,6,12.0,16.67,,
RN ten Doeschate,2013,Kolkata Knight Riders,3,18,3.0,24,0,0,0,4,0,0,0,0,0,0,24,0,8.0,22.22,,
AD Mascarenhas,2013,Punjab Kings,1,24,4.0,25,0,0,0,7,0,0,0,0,0,13,12,0,6.25,29.17,,
DJ Hussey,2013,Punjab Kings,4,66,11.0,93,0,2,0,19,0,0,0,0,0,12,51,30,8.45,27.94,,
AB Agarkar,2013,Delhi Capitals,4,60,10.0,93,0,3,0,17,0,0,0,0,0,13,44,36,9.3,26.98,,
S Narwal,2013,Kolkata Knight Riders,1,12,2.0,17,0,2,0,6,0,0,0,0,0,17,0,0,8.5,42.86,,
MM Sharma,2014,Chennai Super Kings,16,323,53.8,457,26,1,0,118,1,4,5,6,16,166,76,215,8.49,36.42,17.58,12.42
SP Narine,2014,Kolkata Knight Riders,16,384,64.0,421,22,0,2,157,0,3,4,3,15,84,148,189,6.58,40.67,19.14,17.45
B Kumar,2014,Sunrisers Hyderabad,14,319,53.2,362,21,8,0,152,0,2,4,8,12,182,34,146,6.81,46.48,17.24,15.19
RA Jadeja,2014,Chennai Super Kings,16,326,54.3,446,20,6,0,102,0,3,4,2,5,1,340,105,8.21,30.72,22.3,16.3
Sandeep Sharma,2014,Punjab Kings,11,241,40.2,358,19,11,3,109,0,4,3,13,5,240,24,94,8.91,42.75,18.84,12.68
AR Patel,2014,Punjab Kings,17,396,66.0,424,19,7,0,157,0,1,3,0,7,58,252,114,6.42,38.96,22.32,20.84
MG Johnson,2014,Punjab Kings,14,321,53.5,450,17,13,6,135,0,0,2,6,11,247,48,155,8.41,39.71,26.47,18.88
MA Starc,2014,Royal Challengers Bengaluru,14,322,53.7,419,17,16,2,127,0,2,3,6,10,194,39,186,7.81,37.35,24.65,18.94
KV Sharma,2014,Sunrisers Hyderabad,14,304,50.7,393,17,3,0,114,1,3,5,3,1,75,298,20,7.76,37.13,23.12,17.88
SL Malinga,2014,Mumbai Indians,10,236,39.3,267,17,6,1,99,0,2,4,3,14,76,53,138,6.79,40.74,15.71,13.88
R Ashwin,2014,Chennai Super Kings,16,359,59.8,446,17,20,0,130,0,1,3,6,4,86,280,80,7.45,34.3,26.24,21.12
VR Aaron,2014,Royal Challengers Bengaluru,10,220,36.7,309,16,15,3,90,0,1,3,4,6,92,103,114,8.43,37.82,19.31,13.75
R Dhawan,2014,Punjab Kings,13,284,47.3,373,15,10,0,85,0,0,2,0,3,52,244,77,7.88,28.91,24.87,18.93
JP Faulkner,2014,Rajasthan Royals,13,258,43.0,438,15,12,2,72,0,1,3,5,9,145,99,194,10.19,26.47,29.2,17.2
PV Tambe,2014,Rajasthan Royals,13,294,49.0,365,15,10,0,89,0,2,4,0,3,49,266,50,7.45,29.28,24.33,19.6
Shakib Al Hasan,2014,Kolkata Knight Riders,13,300,50.0,339,15,7,0,113,0,1,3,3,3,81,201,57,6.78,36.81,22.6,20.0
PP Chawla,2014,Kolkata Knight Riders,11,237,39.5,304,14,1,0,79,0,2,3,0,6,10,231,63,7.7,33.19,21.71,16.93
Harbhajan Singh,2014,Mumbai Indians,14,330,55.0,365,14,6,0,138,0,0,2,2,2,49,269,47,6.64,41.07,26.07,23.57
R Bhatia,2014,Rajasthan Royals,12,228,38.0,287,13,4,0,56,0,2,3,0,0,0,266,21,7.55,24.14,22.08,17.54
M Morkel,2014,Kolkata Knight Riders,12,288,48.0,376,13,15,2,148,0,0,2,7,4,229,81,66,7.83,48.52,28.92,22.15
UT Yadav,2014,Kolkata Knight Riders,12,270,45.0,381,12,10,3,95,0,2,4,5,5,132,110,139,8.47,33.57,31.75,22.5
Karanveer Singh,2014,Punjab Kings,5,120,20.0,164,12,6,0,42,0,2,4,0,4,0,126,38,8.2,33.33,13.67,10.0
DW Steyn,2014,Sunrisers Hyderabad,14,336,56.0,441,12,6,0,145,0,0,2,5,7,179,102,160,7.88,42.4,36.75,28.0
L Balaji,2014,Punjab Kings,9,204,34.0,305,12,6,1,72,0,1,4,4,6,73,82,150,8.97,34.12,25.42,17.0
YS Chahal,2014,Royal Challengers Bengaluru,14,330,55.0,389,12,3,0,115,0,0,2,0,1,10,355,24,7.07,34.53,32.42,27.5
Imran Tahir,2014,Delhi Capitals,6,125,20.8,176,11,6,0,38,0,2,4,0,6,7,128,41,8.45,29.01,16.0,11.36
JD Unadkat,2014,Delhi Capitals,9,187,31.2,278,10,2,0,59,0,2,3,2,4,66,71,141,8.92,31.22,27.8,18.7
KW Richardson,2014,Rajasthan Royals,7,162,27.0,209,10,5,0,62,0,0,2,4,5,75,18,116,7.74,37.13,20.9,16.2
Mohammed Shami,2014,Delhi Capitals,12,264,44.0,381,10,16,1,102,0,0,2,4,3,215,49,117,8.66,36.3,38.1,26.4
R Vinay Kumar,2014,Kolkata Knight Riders,9,192,32.0,294,10,2,0,56,0,1,3,2,7,81,104,109,9.19,28.87,29.4,19.2
P Awana,2014,Punjab Kings,7,141,23.5,248,9,4,1,48,0,0,2,3,3,137,56,55,10.55,32.88,27.56,15.67
BW Hilfenhaus,2014,Chennai Super Kings,8,168,28.0,255,9,6,1,70,0,0,2,5,2,112,31,112,9.11,40.0,28.33,18.67
S Nadeem,2014,Delhi Capitals,11,228,38.0,314,9,6,1,66,0,0,2,1,2,66,187,61,8.26,28.09,34.89,25.33
A Mishra,2014,Sunrisers Hyderabad,10,225,37.5,342,8,3,2,66,0,0,2,0,3,0,255,87,9.12,28.7,42.75,28.13
A Nehra,2014,Chennai Super Kings,4,90,15.0,143,8,3,0,30,0,1,3,2,6,66,20,57,9.53,32.26,17.88,11.25
WD Parnell,2014,Delhi Capitals,8,181,30.2,235,7,8,1,82,0,0,2,2,4,122,31,82,7.79,43.16,33.57,25.86
IC Pandey,2014,Chennai Super Kings,12,252,42.0,331,7,2,1,112,0,0,2,3,1,176,113,42,7.88,43.92,47.29,36.0
SR Watson,2014,Rajasthan Royals,9,126,21.0,169,7,5,3,57,0,2,3,2,2,85,38,46,8.05,42.54,24.14,18.0
JJ Bumrah,2014,Mumbai Indians,11,238,39.7,307,6,7,1,92,0,1,3,0,3,105,74,128,7.74,37.4,51.17,39.67
DS Kulkarni,2014,Rajasthan Royals,8,162,27.0,226,6,11,0,70,0,0,2,4,1,91,48,87,8.37,40.46,37.67,27.0
IK Pathan,2014,Sunrisers Hyderabad,10,142,23.7,209,6,2,0,41,0,0,2,0,5,32,114,63,8.83,28.47,34.83,23.67
Yuvraj Singh,2014,Royal Challengers Bengaluru,10,136,22.7,191,6,4,0,33,0,1,4,0,0,0,139,52,8.43,23.57,31.83,22.67
S Gopal,2014,Mumbai Indians,4,84,14.0,113,6,1,0,30,0,0,2,1,1,4,102,7,8.07,35.29,18.83,14.0
Z Khan,2014,Mumbai Indians,6,134,22.3,156,6,4,0,56,0,0,2,5,1,84,25,47,6.99,40.58,26.0,22.33
AB Dinda,2014,Royal Challengers Bengaluru,9,186,31.0,271,5,7,2,64,0,0,1,3,1,72,85,114,8.74,32.82,54.2,37.2
PP Ojha,2014,Mumbai Indians,12,276,46.0,385,5,6,0,100,0,0,2,2,0,102,230,53,8.37,35.46,77.0,55.2
M Muralitharan,2014,Royal Challengers Bengaluru,5,96,16.0,125,4,3,0,36,0,0,2,1,0,43,82,0,7.81,36.36,31.25,24.0
STR Binny,2014,Rajasthan Royals,8,54,9.0,65,4,0,0,18,0,0,2,2,0,17,37,11,7.22,33.33,16.25,13.5
JH Kallis,2014,Kolkata Knight Riders,8,132,22.0,193,4,2,0,39,0,0,1,1,0,32,146,15,8.77,29.1,48.25,33.0
CJ Anderson,2014,Mumbai Indians,9,108,18.0,188,4,6,0,35,0,0,2,1,2,93,54,41,10.44,30.7,47.0,27.0
P Kumar,2014,Mumbai Indians,3,72,12.0,81,4,1,0,33,0,0,2,2,2,47,14,20,6.75,45.21,20.25,18.0
MC Henriques,2014,Sunrisers Hyderabad,4,60,10.0,96,4,3,0,20,0,0,2,0,3,51,31,14,9.6,31.75,24.0,15.0
KK Cooper,2014,Rajasthan Royals,5,108,18.0,146,4,1,1,34,0,0,2,2,1,33,55,58,8.11,30.91,36.5,27.0
HV Patel,2014,Royal Challengers Bengaluru,3,66,11.0,118,4,5,0,22,0,0,2,2,2,44,18,56,10.73,30.99,29.5,16.5
Ankit Sharma,2014,Rajasthan Royals,2,48,8.0,44,4,0,0,22,0,0,2,2,0,27,17,0,5.5,45.83,11.0,12.0
BE Hendricks,2014,Punjab Kings,3,72,12.0,127,4,3,0,25,0,1,3,0,4,55,18,54,10.58,33.33,31.75,18.0
DR Smith,2014,Chennai Super Kings,5,60,10.0,99,4,2,0,15,0,0,1,0,2,0,63,36,9.9,24.19,24.75,15.0
JA Morkel,2014,Royal Challengers Bengaluru,6,96,16.0,127,4,4,1,40,0,0,1,3,0,108,19,0,7.94,39.6,31.75,24.0
I Sharma,2014,Sunrisers Hyderabad,3,66,11.0,101,3,2,0,26,0,0,2,0,1,25,72,4,9.18,38.24,33.67,22.0
R Shukla,2014,Delhi Capitals,3,54,9.0,105,3,1,3,18,0,0,1,2,1,33,7,65,11.67,31.03,35.0,18.0
Shivam Sharma,2014,Punjab Kings,4,96,16.0,121,3,0,0,34,0,0,2,0,0,0,95,26,7.56,35.42,40.33,32.0
K Santokie,2014,Mumbai Indians,2,48,8.0,91,3,3,0,15,0,0,2,1,1,31,5,55,11.38,29.41,30.33,16.0
DJG Sammy,2014,Sunrisers Hyderabad,8,84,14.0,159,3,3,1,20,0,0,1,1,0,15,83,61,11.36,22.73,53.0,28.0
KA Pollard,2014,Mumbai Indians,12,150,25.0,265,3,8,2,33,0,0,1,0,2,11,144,110,10.6,20.63,88.33,50.0
JP Duminy,2014,Delhi Capitals,11,198,33.0,242,3,6,0,60,0,0,2,0,0,42,175,25,7.33,29.41,80.67,66.0
AN Ahmed,2014,Royal Challengers Bengaluru,4,86,14.3,120,3,1,2,25,0,0,1,0,2,27,26,67,8.37,28.09,40.0,28.67
R Tewatia,2014,Rajasthan Royals,3,54,9.0,59,3,1,0,21,0,0,2,0,0,0,59,0,6.56,38.18,19.67,18.0
BCJ Cutting,2014,Rajasthan Royals,1,24,4.0,31,2,0,0,9,0,0,2,0,0,17,14,0,7.75,37.5,15.5,12.0
AD Russell,2014,Kolkata Knight Riders,2,30,5.0,54,2,0,1,6,0,0,1,0,0,0,28,26,10.8,19.35,27.0,15.0
NM Coulter-Nile,2014,Delhi Capitals,1,24,4.0,27,2,1,1,12,0,0,2,1,1,3,0,24,6.75,46.15,13.5,12.0
M de Lange,2014,Mumbai Indians,1,24,4.0,33,2,1,1,7,0,0,2,0,1,14,12,7,8.25,26.92,16.5,12.0
R Rampaul,2014,Royal Challengers Bengaluru,2,36,6.0,37,2,1,0,18,0,0,1,2,0,31,6,0,6.17,48.65,18.5,18.0
S Kaul,2014,Delhi Capitals,5,78,13.0,136,2,4,0,24,0,0,1,1,0,64,53,19,10.46,29.27,68.0,39.0
S Badree,2014,Chennai Super Kings,4,84,14.0,103,2,3,0,40,0,0,1,1,0,58,45,0,7.36,45.98,51.5,42.0
DJ Hussey,2014,Chennai Super Kings,1,17,2.8,38,2,1,0,5,0,0,2,0,2,0,0,38,13.41,27.78,19.0,8.5
PJ Cummins,2014,Kolkata Knight Riders,1,24,4.0,29,2,0,0,12,0,0,2,1,1,16,9,4,7.25,50.0,14.5,12.0
M Kartik,2014,Punjab Kings,2,48,8.0,91,2,1,0,10,0,0,1,0,0,13,70,8,11.38,20.41,45.5,24.0
LR Shukla,2014,Delhi Capitals,5,56,9.3,88,1,2,0,22,0,0,1,0,0,19,69,0,9.43,37.93,88.0,56.0
GJ Maxwell,2014,Punjab Kings,7,66,11.0,133,1,4,0,14,0,0,1,0,0,20,113,0,12.09,20.0,133.0,66.0
RG Sharma,2014,Mumbai Indians,2,18,3.0,26,1,0,0,4,0,0,1,0,0,0,26,0,8.67,22.22,26.0,18.0
P Negi,2014,Chennai Super Kings,2,42,7.0,76,1,1,0,8,0,0,1,0,1,0,68,8,10.86,18.6,76.0,42.0
SK Raina,2014,Chennai Super Kings,8,108,18.0,135,1,1,0,34,0,0,1,0,1,0,109,26,7.5,31.19,135.0,108.0
P Suyal,2014,Mumbai Indians,1,18,3.0,35,1,3,0,8,0,0,1,0,0,34,1,0,11.67,38.1,35.0,18.0
VS Malik,2014,Rajasthan Royals,1,18,3.0,29,1,1,0,7,0,0,1,0,0,24,5,0,9.67,36.84,29.0,18.0
JW Hastings,2014,Chennai Super Kings,1,18,3.0,29,1,0,1,9,0,0,1,0,0,26,3,0,9.67,47.37,29.0,18.0
R Sharma,2014,Delhi Capitals,2,36,6.0,65,1,0,0,9,0,0,1,0,0,0,65,0,10.83,25.0,65.0,36.0
Parvez Rasool,2014,Sunrisers Hyderabad,3,54,9.0,83,1,2,0,14,0,0,1,0,0,24,59,0,9.22,25.0,83.0,54.0
JDS Neesham,2014,Delhi Capitals,4,54,9.0,96,1,3,0,14,0,0,1,0,0,18,78,0,10.67,24.56,96.0,54.0
RN ten Doeschate,2014,Kolkata Knight Riders,4,30,5.0,35,1,0,0,13,0,0,1,0,0,0,35,0,7.0,43.33,35.0,30.0
JO Holder,2014,Sunrisers Hyderabad,1,18,3.0,35,1,0,2,6,0,0,1,1,0,17,18,0,11.67,30.0,35.0,18.0
LMP Simmons,2014,Mumbai Indians,1,18,3.0,34,1,0,0,2,0,0,1,0,1,0,10,24,11.33,11.11,34.0,18.0
YK Pathan,2014,Kolkata Knight Riders,1,6,1.0,10,0,0,0,1,0,0,0,0,0,0,10,0,10.0,16.67,,
SB Jakati,2014,Royal Challengers Bengaluru,1,22,3.7,41,0,0,0,4,0,0,0,0,0,20,4,17,11.18,18.18,,
Iqbal Abdulla,2014,Rajasthan Royals,1,12,2.0,18,0,0,0,2,0,0,0,0,0,9,9,0,9.0,16.67,,
TG Southee,2014,Rajasthan Royals,3,60,10.0,78,0,3,0,25,0,0,0,0,0,39,12,27,7.8,39.68,,
Y Venugopal Rao,2014,Sunrisers Hyderabad,2,12,2.0,16,0,0,0,3,0,0,0,0,0,9,7,0,8.0,25.0,,
SA Yadav,2014,Kolkata Knight Riders,1,6,1.0,8,0,0,0,2,0,0,0,0,0,8,0,0,8.0,33.33,,
V Shankar,2014,Chennai Super Kings,1,6,1.0,19,0,0,0,1,0,0,0,0,0,0,19,0,19.0,16.67,,
MK Tiwary,2014,Delhi Capitals,1,12,2.0,28,0,0,0,3,0,0,0,0,0,0,11,17,14.0,25.0,,
S Rana,2014,Royal Challengers Bengaluru,2,12,2.0,16,0,0,0,3,0,0,0,0,0,0,16,0,8.0,25.0,,
M Vijay,2014,Delhi Capitals,1,6,1.0,13,0,0,0,2,0,0,0,0,0,0,13,0,13.0,33.33,,
DJ Bravo,2015,Chennai Super Kings,16,314,52.3,442,28,9,1,88,0,4,3,0,24,0,139,303,8.45,27.16,15.79,11.21
SL Malinga,2015,Mumbai Indians,15,360,60.0,453,26,14,4,140,0,3,4,6,17,146,89,218,7.55,37.04,17.42,13.85
A Nehra,2015,Chennai Super Kings,16,372,62.0,453,25,12,1,170,0,5,4,12,11,297,46,110,7.31,44.16,18.12,14.88
YS Chahal,2015,Royal Challengers Bengaluru,14,281,46.8,416,24,2,0,90,0,2,3,3,6,80,237,99,8.88,31.8,17.33,11.71
MA Starc,2015,Royal Challengers Bengaluru,12,258,43.0,306,22,13,1,105,0,4,4,3,12,158,69,79,7.12,38.6,13.91,11.73
HV Patel,2015,Royal Challengers Bengaluru,14,263,43.8,339,19,9,0,103,0,0,2,5,6,124,143,72,7.73,37.87,17.84,13.84
Harbhajan Singh,2015,Mumbai Indians,15,342,57.0,448,19,7,0,117,0,1,3,4,0,76,372,0,7.86,33.52,23.58,18.0
B Kumar,2015,Sunrisers Hyderabad,14,310,51.7,419,19,13,0,126,0,2,3,6,12,208,23,188,8.11,39.01,22.05,16.32
MJ McClenaghan,2015,Mumbai Indians,12,282,47.0,395,18,21,2,118,0,4,3,5,9,197,73,125,8.4,38.69,21.94,15.67
D Wiese,2015,Royal Challengers Bengaluru,13,254,42.3,360,17,8,0,73,0,2,4,6,8,64,200,96,8.5,27.86,21.18,14.94
NM Coulter-Nile,2015,Delhi Capitals,11,255,42.5,331,16,8,1,117,0,2,4,6,7,158,63,110,7.79,44.32,20.69,15.94
Anureet Singh,2015,Punjab Kings,14,310,51.7,477,16,7,5,105,0,2,3,6,9,146,112,219,9.23,32.61,29.81,19.38
Imran Tahir,2015,Delhi Capitals,10,213,35.5,315,15,7,0,64,0,3,4,0,13,8,150,157,8.87,29.09,21.0,14.2
MM Sharma,2015,Chennai Super Kings,16,342,57.0,482,15,6,2,121,0,1,3,5,7,243,114,125,8.46,34.57,32.13,22.8
AR Patel,2015,Punjab Kings,14,280,46.7,399,14,9,0,83,0,0,2,1,5,22,255,122,8.55,28.72,28.5,20.0
AD Russell,2015,Kolkata Knight Riders,13,244,40.7,332,14,9,1,94,0,1,3,1,6,57,187,88,8.16,37.01,23.71,17.43
CH Morris,2015,Rajasthan Royals,11,252,42.0,321,13,11,0,113,0,2,4,3,7,126,32,163,7.64,42.97,24.69,19.38
Sandeep Sharma,2015,Punjab Kings,14,300,50.0,359,13,10,1,142,0,1,4,7,3,254,36,69,7.18,45.66,27.62,23.08
DS Kulkarni,2015,Rajasthan Royals,11,210,35.0,290,13,10,1,95,0,0,2,6,3,159,91,40,8.29,42.99,22.31,16.15
PP Chawla,2015,Kolkata Knight Riders,13,210,35.0,275,12,2,0,65,0,1,4,2,1,25,229,21,7.86,30.66,22.92,17.5
M Morkel,2015,Kolkata Knight Riders,7,168,28.0,212,12,5,1,76,0,1,3,6,4,133,33,46,7.57,43.68,17.67,14.0
RA Jadeja,2015,Chennai Super Kings,15,256,42.7,334,12,2,0,84,0,2,4,0,1,14,247,73,7.83,32.56,27.83,21.33
UT Yadav,2015,Kolkata Knight Riders,12,252,42.0,387,12,12,2,92,0,2,3,4,7,167,67,153,9.21,34.59,32.25,21.0
MC Henriques,2015,Sunrisers Hyderabad,9,150,25.0,164,11,7,0,57,0,1,3,4,0,29,115,20,6.56,36.31,14.91,13.64
IC Pandey,2015,Chennai Super Kings,10,186,31.0,228,11,3,0,93,0,0,2,8,1,110,93,25,7.35,49.21,20.73,16.91
KV Sharma,2015,Sunrisers Hyderabad,14,239,39.8,338,11,0,0,65,0,0,2,0,0,27,291,20,8.49,27.2,30.73,21.73
GB Hogg,2015,Kolkata Knight Riders,6,126,21.0,148,10,1,0,50,0,1,4,4,3,31,73,44,7.05,39.37,14.8,12.6
TA Boult,2015,Sunrisers Hyderabad,7,168,28.0,239,10,13,0,71,0,2,3,1,8,119,43,77,8.54,39.23,23.9,16.8
J Suchith,2015,Mumbai Indians,12,234,39.0,338,10,5,0,70,0,0,2,1,0,69,259,10,8.67,29.29,33.8,23.4
S Aravind,2015,Royal Challengers Bengaluru,5,108,18.0,132,10,2,0,47,0,2,4,6,0,82,50,0,7.33,42.73,13.2,10.8
R Ashwin,2015,Chennai Super Kings,13,234,39.0,229,10,5,1,114,0,0,2,1,1,65,155,9,5.87,47.5,22.9,23.4
JP Faulkner,2015,Rajasthan Royals,13,270,45.0,433,9,10,1,88,0,1,3,1,5,62,155,216,9.62,31.32,48.11,30.0
A Mishra,2015,Delhi Capitals,12,241,40.2,312,9,8,0,75,0,0,2,0,2,0,215,97,7.77,30.12,34.67,26.78
TG Southee,2015,Rajasthan Royals,7,168,28.0,255,9,6,1,66,0,2,3,5,3,100,39,116,9.11,37.71,28.33,18.67
R Vinay Kumar,2015,Mumbai Indians,13,261,43.5,371,9,3,1,93,0,0,2,4,4,161,58,152,8.53,35.09,41.22,29.0
MG Johnson,2015,Punjab Kings,9,215,35.8,340,9,11,1,90,0,0,2,2,4,122,130,88,9.49,39.65,37.78,23.89
STR Binny,2015,Rajasthan Royals,10,114,19.0,143,8,5,0,56,0,0,2,3,0,35,108,0,7.53,47.06,17.88,14.25
SR Watson,2015,Rajasthan Royals,10,174,29.0,273,8,17,2,62,0,0,2,3,5,38,137,98,9.41,32.12,34.13,21.75
Z Khan,2015,Delhi Capitals,7,145,24.2,159,8,10,0,73,0,0,2,6,2,92,8,59,6.58,47.1,19.88,18.13
RS Bopara,2015,Sunrisers Hyderabad,7,120,20.0,164,8,3,0,37,0,0,2,0,0,0,128,36,8.2,30.08,20.5,15.0
JP Duminy,2015,Delhi Capitals,9,102,17.0,128,8,5,0,33,0,1,4,1,3,47,57,24,7.53,30.84,16.0,12.75
P Kumar,2015,Sunrisers Hyderabad,12,216,36.0,338,7,14,0,71,0,0,2,3,2,118,96,124,9.39,30.87,48.29,30.86
AD Mathews,2015,Delhi Capitals,10,180,30.0,249,7,5,0,61,0,0,2,4,1,68,135,46,8.3,32.97,35.57,25.71
SP Narine,2015,Kolkata Knight Riders,8,192,32.0,246,7,4,0,74,0,1,4,2,3,37,96,113,7.69,37.76,35.14,27.43
BE Hendricks,2015,Punjab Kings,4,78,13.0,112,7,3,1,27,0,1,3,1,4,53,33,26,8.62,32.93,16.0,11.14
PV Tambe,2015,Rajasthan Royals,10,204,34.0,267,7,0,0,69,0,0,2,2,1,29,158,80,7.85,33.82,38.14,29.14
P Negi,2015,Chennai Super Kings,10,180,30.0,259,7,3,0,53,0,0,2,1,1,15,194,50,8.63,28.96,37.0,25.71
KA Pollard,2015,Mumbai Indians,8,76,12.7,121,6,4,1,14,0,0,2,0,4,0,76,45,9.55,17.28,20.17,12.67
Shakib Al Hasan,2015,Kolkata Knight Riders,4,84,14.0,123,5,5,0,34,0,0,2,2,1,38,31,54,8.79,38.2,24.6,16.8
Iqbal Abdulla,2015,Royal Challengers Bengaluru,5,114,19.0,150,4,7,0,46,0,0,2,0,2,16,103,31,7.89,38.02,37.5,28.5
DJ Muthuswami,2015,Delhi Capitals,6,84,14.0,108,4,0,0,44,0,0,2,3,1,99,8,1,7.71,52.38,27.0,21.0
A Ashish Reddy,2015,Sunrisers Hyderabad,4,36,6.0,51,4,1,0,9,0,0,2,0,2,0,31,20,8.5,24.32,12.75,9.0
VR Aaron,2015,Royal Challengers Bengaluru,5,104,17.3,180,4,9,0,44,0,0,2,0,2,100,56,24,10.38,38.94,45.0,26.0
Bipul Sharma,2015,Sunrisers Hyderabad,3,42,7.0,50,4,0,0,17,0,0,2,1,0,5,45,0,7.14,40.48,12.5,10.5
Gurkeerat Singh,2015,Punjab Kings,3,54,9.0,66,3,2,0,19,0,0,2,0,0,19,47,0,7.33,33.93,22.0,18.0
SK Raina,2015,Chennai Super Kings,5,72,12.0,94,3,6,0,24,0,0,2,0,0,0,94,0,7.83,30.77,31.33,24.0
DW Steyn,2015,Sunrisers Hyderabad,6,114,19.0,171,3,2,0,38,0,0,2,1,1,97,35,39,9.0,32.76,57.0,38.0
JJ Bumrah,2015,Mumbai Indians,4,90,15.0,184,3,7,1,24,0,0,1,0,1,36,62,86,12.27,24.49,61.33,30.0
Ankit Sharma,2015,Rajasthan Royals,4,84,14.0,114,3,2,0,29,0,0,1,1,0,19,89,6,8.14,33.72,38.0,28.0
JA Morkel,2015,Delhi Capitals,4,72,12.0,113,3,2,0,22,0,0,2,0,1,44,37,32,9.42,29.73,37.67,24.0
GJ Maxwell,2015,Punjab Kings,7,60,10.0,97,2,3,0,19,0,0,1,0,0,0,97,0,9.7,30.16,48.5,30.0
AN Ahmed,2015,Royal Challengers Bengaluru,3,72,12.0,129,2,2,2,26,0,0,1,0,1,35,22,72,10.75,34.21,64.5,36.0
Karanveer Singh,2015,Punjab Kings,4,84,14.0,159,2,3,0,22,0,0,1,0,1,26,118,15,11.36,25.29,79.5,42.0
R Tewatia,2015,Rajasthan Royals,1,18,3.0,31,2,0,0,6,0,0,2,0,0,0,31,0,10.33,33.33,15.5,9.0
J Yadav,2015,Delhi Capitals,3,42,7.0,29,2,0,0,21,0,0,1,0,0,10,19,0,4.14,50.0,14.5,21.0
YK Pathan,2015,Kolkata Knight Riders,5,60,10.0,100,2,0,0,12,0,0,2,0,0,0,87,13,10.0,20.0,50.0,30.0
M de Lange,2015,Mumbai Indians,1,24,4.0,30,1,2,0,15,0,0,1,0,1,5,0,25,7.5,57.69,30.0,24.0
Parvez Rasool,2015,Sunrisers Hyderabad,2,30,5.0,31,1,0,0,12,0,0,1,0,0,6,25,0,6.2,40.0,31.0,30.0
S Gopal,2015,Mumbai Indians,1,13,2.2,23,1,0,0,2,0,0,1,0,0,0,22,1,10.62,15.38,23.0,13.0
SN Thakur,2015,Punjab Kings,1,18,3.0,39,1,2,0,5,0,0,1,0,0,19,20,0,13.0,25.0,39.0,18.0
Yuvraj Singh,2015,Delhi Capitals,6,54,9.0,75,1,1,0,11,0,0,1,0,0,0,62,13,8.33,20.0,75.0,54.0
I Sharma,2015,Sunrisers Hyderabad,4,84,14.0,161,1,1,4,30,0,0,1,1,0,56,55,50,11.5,33.71,161.0,84.0
R Dhawan,2015,Punjab Kings,5,72,12.0,111,1,6,1,20,0,0,1,0,0,25,61,25,9.25,25.32,111.0,72.0
DR Smith,2015,Chennai Super Kings,1,12,2.0,17,1,0,0,4,0,0,1,0,0,0,17,0,8.5,33.33,17.0,12.0
Shivam Sharma,2015,Punjab Kings,1,18,3.0,44,1,0,0,3,0,0,1,0,0,0,32,12,14.67,16.67,44.0,18.0
J Botha,2015,Kolkata Knight Riders,4,60,10.0,82,1,2,0,19,0,0,1,0,1,35,22,25,8.2,30.65,82.0,60.0
KC Cariappa,2015,Kolkata Knight Riders,1,12,2.0,28,1,0,0,3,0,0,1,0,0,12,16,0,14.0,25.0,28.0,12.0
HH Pandya,2015,Mumbai Indians,8,102,17.0,178,1,4,1,29,0,0,1,0,1,0,116,62,10.47,27.1,178.0,102.0
GS Sandhu,2015,Delhi Capitals,2,48,8.0,86,1,0,0,9,0,0,1,0,1,7,29,50,10.75,18.75,86.0,48.0
RG More,2015,Chennai Super Kings,2,35,5.8,63,1,2,0,4,0,0,1,0,0,15,18,30,10.8,10.81,63.0,35.0
PJ Cummins,2015,Kolkata Knight Riders,3,60,10.0,103,1,6,0,22,0,0,1,1,0,69,4,30,10.3,33.33,103.0,60.0
Azhar Mahmood,2015,Kolkata Knight Riders,1,18,3.0,41,1,0,2,5,0,0,1,0,0,9,14,18,13.67,25.0,41.0,18.0
DJ Hooda,2015,Rajasthan Royals,7,91,15.2,131,1,6,0,25,0,0,1,0,1,35,72,24,8.64,25.77,131.0,91.0
J Theron,2015,Rajasthan Royals,1,24,4.0,41,1,2,0,4,0,0,1,0,1,12,4,25,10.25,15.38,41.0,24.0
NLTC Perera,2015,Punjab Kings,2,36,6.0,55,1,1,0,9,0,0,1,0,0,0,41,14,9.17,24.32,55.0,36.0
V Kohli,2015,Royal Challengers Bengaluru,2,11,1.8,10,1,0,0,2,0,0,1,0,0,0,10,0,5.45,18.18,10.0,11.0
RN ten Doeschate,2015,Kolkata Knight Riders,1,6,1.0,4,1,1,0,3,0,0,1,0,0,0,4,0,4.0,42.86,4.0,6.0
CJ Anderson,2015,Mumbai Indians,2,24,4.0,33,1,0,0,10,0,0,1,1,0,21,12,0,8.25,41.67,33.0,24.0
S Nadeem,2015,Delhi Capitals,2,42,7.0,43,0,2,0,21,0,0,0,0,0,10,33,0,6.14,47.73,,
R Bhatia,2015,Rajasthan Royals,2,30,5.0,47,0,0,0,7,0,0,0,0,0,0,47,0,9.4,23.33,,
PP Ojha,2015,Mumbai Indians,1,12,2.0,23,0,0,0,1,0,0,0,0,0,0,23,0,11.5,8.33,,
CH Gayle,2015,Royal Challengers Bengaluru,1,12,2.0,16,0,1,0,3,0,0,0,0,0,0,16,0,8.0,23.08,,
AB Dinda,2015,Royal Challengers Bengaluru,2,30,5.0,63,0,1,2,4,0,0,0,0,0,45,18,0,12.6,12.12,,
BB Sran,2015,Rajasthan Royals,1,18,3.0,36,0,1,1,5,0,0,0,0,0,21,15,0,12.0,25.0,,
DJG Sammy,2015,Royal Challengers Bengaluru,2,18,3.0,26,0,0,0,2,0,0,0,0,0,0,26,0,8.67,11.11,,
P Suyal,2015,Mumbai Indians,3,60,10.0,97,0,3,4,19,0,0,0,0,0,37,17,43,9.7,28.36,,
SA Abbott,2015,Royal Challengers Bengaluru,2,30,5.0,57,0,2,0,6,0,0,0,0,0,38,19,0,11.4,18.75,,
M Vijay,2015,Punjab Kings,2,24,4.0,28,0,0,0,4,0,0,0,0,0,0,28,0,7.0,16.67,,
JD Unadkat,2015,Delhi Capitals,1,18,3.0,30,0,0,0,7,0,0,0,0,0,15,15,0,10.0,38.89,,
B Kumar,2016,Sunrisers Hyderabad,17,396,66.0,503,24,17,1,156,0,2,4,10,14,218,26,259,7.62,37.68,20.96,16.5
SR Watson,2016,Royal Challengers Bengaluru,16,339,56.5,490,23,20,1,121,0,2,4,4,16,125,118,247,8.67,33.61,21.3,14.74
YS Chahal,2016,Royal Challengers Bengaluru,13,295,49.2,409,22,12,1,100,0,3,4,4,4,61,277,71,8.32,32.47,18.59,13.41
DS Kulkarni,2016,Gujarat Lions,14,294,49.0,365,20,3,0,130,0,2,4,16,3,220,56,89,7.45,43.77,18.25,14.7
Mustafizur Rahman,2016,Sunrisers Hyderabad,16,366,61.0,427,19,10,0,137,0,2,3,4,10,80,139,208,7.0,36.44,22.47,19.26
Sandeep Sharma,2016,Punjab Kings,14,300,50.0,374,19,9,0,127,0,1,3,6,8,162,69,143,7.48,41.1,19.68,15.79
AD Russell,2016,Kolkata Knight Riders,12,219,36.5,301,19,5,0,90,1,3,6,8,9,129,63,109,8.25,40.18,15.84,11.53
DJ Bravo,2016,Gujarat Lions,15,336,56.0,502,19,11,1,93,0,1,4,0,12,21,174,307,8.96,26.72,26.42,17.68
JJ Bumrah,2016,Mumbai Indians,14,312,52.0,413,18,6,4,108,0,4,4,2,10,123,70,220,7.94,33.54,22.94,17.33
MJ McClenaghan,2016,Mumbai Indians,14,320,53.3,449,18,11,1,128,0,1,4,5,11,206,77,166,8.42,38.55,24.94,17.78
MM Sharma,2016,Punjab Kings,14,291,48.5,410,16,13,0,97,0,3,4,3,13,133,104,173,8.45,31.91,25.63,18.19
CH Morris,2016,Delhi Capitals,12,264,44.0,320,16,9,1,102,0,0,2,3,11,139,60,121,7.27,37.23,20.0,16.5
BB Sran,2016,Sunrisers Hyderabad,14,297,49.5,420,14,15,0,107,0,1,3,5,3,190,167,63,8.48,34.29,30.0,21.21
MC Henriques,2016,Sunrisers Hyderabad,17,312,52.0,418,14,6,0,89,0,1,3,0,1,8,383,27,8.04,27.99,29.86,22.29
A Mishra,2016,Delhi Capitals,14,276,46.0,350,14,6,2,93,0,1,4,0,1,0,287,63,7.61,32.75,25.0,19.71
AB Dinda,2016,Rising Pune Supergiants,9,183,30.5,236,13,8,1,84,0,3,4,6,7,134,0,102,7.74,43.75,18.15,14.08
AR Patel,2016,Punjab Kings,14,287,47.8,395,13,7,0,91,0,1,4,0,1,82,250,63,8.26,30.95,30.38,22.08
SP Narine,2016,Kolkata Knight Riders,11,256,42.7,310,13,6,0,109,0,1,3,3,2,75,171,64,7.27,41.6,23.85,19.69
CJ Jordan,2016,Royal Challengers Bengaluru,9,168,28.0,266,13,11,2,49,0,3,4,1,5,54,92,120,9.5,27.07,20.46,12.92
UT Yadav,2016,Kolkata Knight Riders,9,156,26.0,246,12,5,2,46,0,2,3,3,9,64,72,110,9.46,28.22,20.5,13.0
Z Khan,2016,Delhi Capitals,12,262,43.7,341,12,9,0,111,0,1,4,5,4,187,36,118,7.81,40.96,28.42,21.83
A Zampa,2016,Rising Pune Supergiants,5,102,17.0,117,12,1,0,32,1,2,6,0,6,9,72,36,6.88,31.07,9.75,8.5
PP Chawla,2016,Kolkata Knight Riders,11,212,35.3,273,12,3,1,81,0,0,2,0,3,12,212,49,7.73,37.5,22.75,17.67
S Aravind,2016,Royal Challengers Bengaluru,9,175,29.2,222,11,7,0,65,0,0,2,6,2,130,44,48,7.61,35.71,20.18,15.91
R Ashwin,2016,Rising Pune Supergiants,14,264,44.0,321,11,14,0,93,0,1,4,2,5,77,170,74,7.3,33.45,29.18,24.0
A Nehra,2016,Sunrisers Hyderabad,8,156,26.0,200,11,5,0,72,1,2,5,5,4,138,36,26,7.69,44.72,18.18,14.18
M Morkel,2016,Kolkata Knight Riders,10,213,35.5,299,10,5,2,89,0,0,2,6,4,170,54,75,8.42,40.45,29.9,21.3
NLTC Perera,2016,Rising Pune Supergiants,11,199,33.2,326,10,3,0,56,0,2,3,1,8,99,79,148,9.83,27.72,32.6,19.9
P Kumar,2016,Gujarat Lions,16,309,51.5,408,10,10,0,132,0,0,2,4,6,253,0,155,7.92,41.38,40.8,30.9
TG Southee,2016,Mumbai Indians,11,258,43.0,333,9,10,0,99,0,1,3,4,2,195,81,57,7.74,36.94,37.0,28.67
CR Brathwaite,2016,Delhi Capitals,8,139,23.2,192,9,1,3,41,0,2,3,1,1,25,142,25,8.29,28.67,21.33,15.44
MP Stoinis,2016,Punjab Kings,7,138,23.0,203,9,2,0,39,0,2,4,1,3,78,102,23,8.83,27.86,22.56,15.33
Harbhajan Singh,2016,Mumbai Indians,14,294,49.0,402,9,6,0,83,0,0,2,1,0,43,336,23,8.2,27.67,44.67,32.67
RA Jadeja,2016,Gujarat Lions,14,241,40.2,320,9,5,1,71,0,0,2,1,2,20,249,51,7.97,28.74,35.56,26.78
DR Smith,2016,Gujarat Lions,8,108,18.0,154,8,4,1,40,0,1,4,5,0,27,106,21,8.56,35.4,19.25,13.5
KW Richardson,2016,Royal Challengers Bengaluru,4,84,14.0,138,8,2,0,34,0,1,4,5,3,68,30,40,9.86,39.53,17.25,10.5
Mohammed Shami,2016,Delhi Capitals,8,151,25.2,252,8,4,1,39,0,1,3,1,7,116,47,89,10.01,25.0,31.5,18.88
Iqbal Abdulla,2016,Royal Challengers Bengaluru,8,150,25.0,216,7,5,0,35,0,1,3,3,1,38,128,50,8.64,22.58,30.86,21.43
KH Pandya,2016,Mumbai Indians,11,187,31.2,238,7,7,0,53,0,1,3,0,1,46,181,11,7.64,27.32,34.0,26.71
M Ashwin,2016,Rising Pune Supergiants,10,171,28.5,245,7,5,0,55,0,1,3,0,3,33,137,75,8.6,31.25,35.0,24.43
Kuldeep Yadav,2016,Kolkata Knight Riders,3,72,12.0,102,7,2,0,28,0,2,3,0,3,0,87,15,8.5,37.84,14.57,10.29
R Bhatia,2016,Rising Pune Supergiants,10,204,34.0,249,6,3,1,54,0,0,2,0,0,0,230,19,7.32,25.96,41.5,34.0
S Kaushik,2016,Gujarat Lions,7,138,23.0,195,6,3,1,48,0,1,3,0,0,12,124,59,8.48,33.8,32.5,23.0
PV Tambe,2016,Gujarat Lions,7,96,16.0,143,5,1,0,26,0,0,2,1,1,27,103,13,8.94,26.8,28.6,19.2
Bipul Sharma,2016,Sunrisers Hyderabad,6,84,14.0,123,5,0,0,21,0,0,2,0,0,6,117,0,8.79,25.0,24.6,16.8
GB Hogg,2016,Kolkata Knight Riders,5,96,16.0,144,5,2,0,31,0,1,3,1,2,13,99,32,9.0,31.63,28.8,19.2
Shakib Al Hasan,2016,Kolkata Knight Riders,9,186,31.0,247,5,4,0,58,0,0,1,3,0,76,125,46,7.97,30.53,49.4,37.2
BCJ Cutting,2016,Sunrisers Hyderabad,4,67,11.2,80,5,1,0,23,0,0,2,0,2,23,43,14,7.16,33.82,16.0,13.4
Imran Tahir,2016,Delhi Capitals,4,96,16.0,141,5,1,0,25,0,1,3,0,3,0,94,47,8.81,25.77,28.2,19.2
R Vinay Kumar,2016,Mumbai Indians,3,54,9.0,65,4,3,0,25,0,0,2,2,1,29,28,8,7.22,43.86,16.25,13.5
NM Coulter-Nile,2016,Delhi Capitals,4,90,15.0,120,4,1,2,37,0,0,2,0,4,51,31,38,8.0,39.78,30.0,22.5
MR Marsh,2016,Rising Pune Supergiants,3,54,9.0,45,4,1,0,28,0,0,2,3,0,11,24,10,5.0,50.91,11.25,13.5
P Sahu,2016,Punjab Kings,5,105,17.5,152,3,2,0,24,0,0,2,0,0,11,110,31,8.69,22.43,50.67,35.0
T Shamsi,2016,Royal Challengers Bengaluru,4,96,16.0,151,3,0,0,26,0,0,1,0,1,0,109,42,9.44,27.08,50.33,32.0
AS Rajpoot,2016,Kolkata Knight Riders,4,66,11.0,101,3,5,1,18,0,0,1,1,1,37,43,21,9.18,25.0,33.67,22.0
DJ Hooda,2016,Sunrisers Hyderabad,6,78,13.0,97,3,2,0,21,0,0,2,1,0,26,71,0,7.46,26.25,32.33,26.0
HH Pandya,2016,Mumbai Indians,10,100,16.7,155,3,6,0,29,0,0,1,0,1,0,117,38,9.3,27.36,51.67,33.33
JO Holder,2016,Kolkata Knight Riders,4,78,13.0,105,3,4,1,27,0,1,3,0,3,18,48,39,8.08,32.53,35.0,26.0
RP Singh,2016,Rising Pune Supergiants,4,72,12.0,114,3,3,1,29,0,0,1,1,2,78,0,36,9.5,38.16,38.0,24.0
SM Boland,2016,Rising Pune Supergiants,2,42,7.0,56,3,1,0,14,0,1,3,1,2,22,10,24,8.0,32.56,18.67,14.0
KC Cariappa,2016,Punjab Kings,5,102,17.0,160,3,2,1,35,0,0,2,0,1,26,128,6,9.41,33.33,53.33,34.0
I Sharma,2016,Rising Pune Supergiants,4,90,15.0,151,3,6,1,37,0,0,2,2,0,94,9,48,10.07,38.14,50.33,30.0
MG Johnson,2016,Punjab Kings,3,66,11.0,108,3,2,1,21,0,0,2,0,2,54,32,22,9.82,30.43,36.0,22.0
Sachin Baby,2016,Royal Challengers Bengaluru,2,10,1.7,8,3,0,0,5,0,0,2,0,2,0,4,4,4.8,50.0,2.67,3.33
S Nadeem,2016,Delhi Capitals,4,90,15.0,127,3,1,0,31,0,0,2,2,0,68,46,13,8.47,34.07,42.33,30.0
JA Morkel,2016,Rising Pune Supergiants,2,30,5.0,66,3,4,0,9,0,1,3,2,1,55,0,11,13.2,26.47,22.0,10.0
Gurkeerat Singh,2016,Punjab Kings,3,24,4.0,31,2,2,0,7,0,0,2,0,0,0,31,0,7.75,26.92,15.5,12.0
CH Gayle,2016,Royal Challengers Bengaluru,4,60,10.0,65,2,4,1,21,0,0,2,0,0,24,38,3,6.5,32.31,32.5,30.0
J Yadav,2016,Delhi Capitals,5,102,17.0,125,2,2,0,38,0,0,1,0,1,63,50,12,7.35,36.54,62.5,51.0
SB Jakati,2016,Gujarat Lions,6,120,20.0,181,2,2,1,30,0,0,1,0,1,36,119,26,9.05,24.39,90.5,60.0
HV Patel,2016,Royal Challengers Bengaluru,5,84,14.0,147,2,5,1,28,0,0,2,1,1,42,47,58,10.5,31.11,73.5,42.0
R Dhawan,2016,Punjab Kings,2,42,7.0,56,2,3,0,12,0,0,1,0,0,0,46,10,8.0,26.67,28.0,21.0
JP Faulkner,2016,Gujarat Lions,7,102,17.0,168,2,4,2,21,0,0,1,0,1,14,98,56,9.88,19.44,84.0,51.0
JP Duminy,2016,Delhi Capitals,5,42,7.0,55,2,1,0,12,0,0,1,0,0,0,55,0,7.86,27.91,27.5,21.0
KJ Abbott,2016,Punjab Kings,5,96,16.0,182,2,5,1,28,0,0,1,0,0,73,56,53,11.38,27.45,91.0,48.0
VR Aaron,2016,Royal Challengers Bengaluru,8,142,23.7,229,2,11,2,48,0,0,2,0,1,51,140,38,9.68,30.97,114.5,71.0
R Sathish,2016,Kolkata Knight Riders,3,36,6.0,59,2,2,0,8,0,0,2,0,0,0,36,23,9.83,21.05,29.5,18.0
P Negi,2016,Delhi Capitals,5,54,9.0,84,2,0,0,11,0,0,1,1,0,29,55,0,9.33,20.37,42.0,27.0
JW Hastings,2016,Kolkata Knight Riders,2,40,6.7,37,2,2,0,22,0,0,2,1,1,24,4,9,5.55,52.38,18.5,20.0
A Ashish Reddy,2016,Sunrisers Hyderabad,2,23,3.8,40,1,0,0,5,0,0,1,0,0,0,40,0,10.43,21.74,40.0,23.0
Ankit Sharma,2016,Rising Pune Supergiants,3,66,11.0,84,1,4,0,17,0,0,1,0,0,21,46,17,7.64,24.29,84.0,66.0
YK Pathan,2016,Kolkata Knight Riders,4,36,6.0,33,1,2,0,14,0,0,1,0,0,21,12,0,5.5,36.84,33.0,36.0
TA Boult,2016,Sunrisers Hyderabad,1,24,4.0,39,1,2,0,11,0,0,1,1,0,13,0,26,9.75,42.31,39.0,24.0
KV Sharma,2016,Sunrisers Hyderabad,5,98,16.3,174,1,2,0,19,0,0,1,0,0,0,151,23,10.65,19.0,174.0,98.0
STR Binny,2016,Royal Challengers Bengaluru,11,102,17.0,134,1,2,0,28,0,0,1,1,0,97,37,0,7.88,26.92,134.0,102.0
Parvez Rasool,2016,Royal Challengers Bengaluru,4,84,14.0,130,1,0,0,22,0,0,1,1,0,62,68,0,9.29,26.19,130.0,84.0
Anureet Singh,2016,Punjab Kings,2,36,6.0,44,1,0,2,12,0,0,1,0,0,20,24,0,7.33,31.58,44.0,36.0
AF Milne,2016,Royal Challengers Bengaluru,1,24,4.0,44,1,1,0,7,0,0,1,0,0,25,7,12,11.0,28.0,44.0,24.0
S Ladda,2016,Gujarat Lions,1,12,2.0,21,0,0,0,3,0,0,0,0,0,7,14,0,10.5,25.0,,
Yuvraj Singh,2016,Sunrisers Hyderabad,5,37,6.2,52,0,1,0,7,0,0,0,0,0,0,46,6,8.43,18.42,,
N Rana,2016,Mumbai Indians,1,6,1.0,3,0,0,0,3,0,0,0,0,0,0,3,0,3.0,50.0,,
DW Steyn,2016,Gujarat Lions,1,12,2.0,17,0,1,0,5,0,0,0,0,0,17,0,0,8.5,38.46,,
GJ Maxwell,2016,Punjab Kings,7,54,9.0,81,0,1,0,16,0,0,0,0,0,22,59,0,9.0,29.09,,
KS Williamson,2016,Sunrisers Hyderabad,1,6,1.0,7,0,0,0,2,0,0,0,0,0,7,0,0,7.0,33.33,,
JD Unadkat,2016,Kolkata Knight Riders,1,18,3.0,49,0,1,0,5,0,0,0,0,0,27,0,22,16.33,26.32,,
SK Raina,2016,Gujarat Lions,4,60,10.0,84,0,1,0,15,0,0,0,0,0,30,54,0,8.4,24.59,,
C Munro,2016,Kolkata Knight Riders,2,12,2.0,15,0,0,0,5,0,0,0,0,0,0,15,0,7.5,41.67,,
KA Pollard,2016,Mumbai Indians,4,36,6.0,82,0,1,0,4,0,0,0,0,0,0,47,35,13.67,10.81,,
M Vijay,2016,Punjab Kings,1,6,1.0,8,0,1,0,2,0,0,0,0,0,8,0,0,8.0,28.57,,
IK Pathan,2016,Rising Pune Supergiants,3,48,8.0,61,0,0,0,18,0,0,0,0,0,8,37,16,7.63,37.5,,
S Gopal,2016,Mumbai Indians,1,18,3.0,19,0,0,0,4,0,0,0,0,0,0,19,0,6.33,22.22,,
J Suchith,2016,Mumbai Indians,1,12,2.0,31,0,2,0,0,0,0,0,0,0,0,31,0,15.5,0.0,,
D Wiese,2016,Royal Challengers Bengaluru,1,24,4.0,49,0,2,1,6,0,0,0,0,0,0,37,12,12.25,22.22,,
Swapnil Singh,2016,Punjab Kings,1,18,3.0,29,0,0,0,3,0,0,0,0,0,0,29,0,9.67,16.67,,
PJ Sangwan,2016,Gujarat Lions,2,24,4.0,49,0,1,0,9,0,0,0,0,0,37,12,0,12.25,36.0,,
V Kohli,2016,Royal Challengers Bengaluru,1,6,1.0,13,0,0,2,1,0,0,0,0,0,0,13,0,13.0,12.5,,
DL Chahar,2016,Rising Pune Supergiants,2,30,5.0,42,0,3,0,13,0,0,0,0,0,35,7,0,8.4,39.39,,
B Kumar,2017,Sunrisers Hyderabad,14,314,52.3,384,28,9,1,117,1,3,5,7,19,153,27,204,7.34,36.11,13.71,11.21
JD Unadkat,2017,Rising Pune Supergiants,12,275,45.8,330,27,4,0,119,1,4,5,7,18,139,33,158,7.2,42.65,12.22,10.19
JJ Bumrah,2017,Mumbai Indians,16,356,59.3,449,23,2,7,122,0,3,3,6,13,99,109,241,7.57,33.42,19.52,15.48
MJ McClenaghan,2017,Mumbai Indians,14,324,54.0,512,20,16,5,119,0,2,4,10,9,193,126,193,9.48,34.49,25.6,16.2
Imran Tahir,2017,Rising Pune Supergiants,12,282,47.0,370,19,3,1,94,0,3,4,3,2,39,234,97,7.87,32.87,19.47,14.84
CR Woakes,2017,Kolkata Knight Riders,13,264,44.0,393,18,14,0,87,0,2,3,1,8,133,117,143,8.93,31.29,21.83,14.67
UT Yadav,2017,Kolkata Knight Riders,14,291,48.5,432,18,13,0,117,0,2,4,7,7,226,112,94,8.91,38.49,24.0,16.17
Rashid Khan,2017,Sunrisers Hyderabad,14,324,54.0,368,18,4,0,121,0,2,3,4,1,63,259,46,6.81,36.89,20.44,18.0
P Negi,2017,Royal Challengers Bengaluru,12,193,32.2,202,17,7,0,80,0,2,3,0,7,12,152,38,6.28,40.0,11.88,11.35
Sandeep Sharma,2017,Punjab Kings,13,288,48.0,402,17,11,1,115,0,2,4,9,8,219,31,152,8.38,38.33,23.65,16.94
S Kaul,2017,Sunrisers Hyderabad,10,214,35.7,303,16,6,1,65,0,3,4,3,10,104,100,99,8.5,29.41,18.94,13.38
PJ Cummins,2017,Delhi Capitals,12,277,46.2,393,16,11,1,84,0,0,2,4,8,124,136,133,8.51,29.07,24.56,17.31
NM Coulter-Nile,2017,Kolkata Knight Riders,8,170,28.3,232,16,5,3,70,0,4,3,4,7,120,50,62,8.19,39.33,14.5,10.63
AR Patel,2017,Punjab Kings,14,288,48.0,366,15,6,0,82,0,1,3,2,3,44,287,35,7.63,27.89,24.4,19.2
Basil Thampi,2017,Gujarat Lions,12,268,44.7,428,15,10,0,76,0,1,4,2,10,161,79,188,9.58,27.34,28.53,17.87
YS Chahal,2017,Royal Challengers Bengaluru,13,261,43.5,351,14,8,2,92,0,2,3,2,2,116,192,43,8.07,33.95,25.07,18.64
CH Morris,2017,Delhi Capitals,9,186,31.0,241,14,3,0,71,0,3,4,5,8,103,37,101,7.77,37.57,17.21,13.29
BA Stokes,2017,Rising Pune Supergiants,12,264,44.0,327,14,10,0,108,0,2,3,5,7,97,130,100,7.43,39.42,23.36,18.86
SN Thakur,2017,Rising Pune Supergiants,12,229,38.2,319,13,10,0,85,0,3,4,5,3,126,129,64,8.36,35.56,24.54,17.62
MM Sharma,2017,Punjab Kings,14,274,45.7,412,13,2,1,87,0,0,2,3,5,142,96,174,9.02,31.41,31.69,21.08
KV Sharma,2017,Mumbai Indians,9,184,30.7,217,13,5,0,75,0,2,4,4,0,66,151,0,7.08,39.68,16.69,14.15
SP Narine,2017,Kolkata Knight Riders,15,354,59.0,412,12,8,0,133,0,0,2,3,3,139,201,72,6.98,36.74,34.33,29.5
DT Christian,2017,Rising Pune Supergiants,13,240,40.0,303,12,9,0,74,0,0,2,0,4,41,152,110,7.58,29.72,25.25,20.0
Kuldeep Yadav,2017,Kolkata Knight Riders,11,246,41.0,345,12,4,0,74,0,0,2,0,7,37,215,93,8.41,29.6,28.75,20.5
Z Khan,2017,Delhi Capitals,11,241,40.2,323,12,5,0,72,0,2,3,6,3,155,103,65,8.04,29.27,26.92,20.08
AJ Tye,2017,Gujarat Lions,6,126,21.0,146,12,2,0,44,1,2,5,3,6,40,28,78,6.95,34.38,12.17,10.5
SL Malinga,2017,Mumbai Indians,12,269,44.8,388,11,16,2,90,0,0,2,5,4,145,115,128,8.65,31.36,35.27,24.45
A Nehra,2017,Sunrisers Hyderabad,6,127,21.2,198,10,5,0,47,0,1,3,3,7,101,51,46,9.35,35.61,19.8,12.7
Mohammed Siraj,2017,Sunrisers Hyderabad,6,138,23.0,214,10,3,0,48,0,1,4,3,2,110,37,67,9.3,34.04,21.4,13.8
KH Pandya,2017,Mumbai Indians,13,240,40.0,280,10,5,1,73,0,2,3,2,2,10,244,26,7.0,29.67,28.0,24.0
A Mishra,2017,Delhi Capitals,14,233,38.8,345,10,4,0,78,0,1,3,0,2,0,334,11,8.88,32.91,34.5,23.3
Washington Sundar,2017,Rising Pune Supergiants,10,180,30.0,189,9,2,0,81,0,1,3,5,1,122,61,6,6.3,44.51,21.0,20.0
S Badree,2017,Royal Challengers Bengaluru,7,150,25.0,191,9,1,0,62,0,1,4,6,0,111,76,4,7.64,41.06,21.22,16.67
JP Faulkner,2017,Gujarat Lions,8,158,26.3,268,9,1,0,34,0,1,3,1,3,68,110,90,10.18,21.38,29.78,17.56
MG Johnson,2017,Mumbai Indians,5,120,20.0,147,9,5,0,55,0,1,4,2,6,74,40,33,7.35,44.0,16.33,13.33
Mohammed Shami,2017,Delhi Capitals,8,156,26.0,248,8,9,0,55,0,0,2,2,4,111,91,46,9.54,33.33,31.0,19.5
Harbhajan Singh,2017,Mumbai Indians,11,246,41.0,269,8,1,0,96,0,1,3,1,0,53,216,0,6.56,38.87,33.63,30.75
K Rabada,2017,Delhi Capitals,6,128,21.3,198,8,7,2,48,0,1,3,4,3,109,8,81,9.28,35.04,24.75,16.0
VR Aaron,2017,Punjab Kings,6,120,20.0,170,7,8,1,51,0,0,2,2,2,59,69,42,8.5,39.53,24.29,17.14
GJ Maxwell,2017,Punjab Kings,8,114,19.0,126,7,1,0,38,0,0,2,0,1,18,90,18,6.63,33.04,18.0,16.29
A Zampa,2017,Rising Pune Supergiants,6,119,19.8,164,7,3,0,38,0,0,2,0,4,0,133,31,8.27,31.15,23.43,17.0
PJ Sangwan,2017,Gujarat Lions,5,108,18.0,183,6,2,0,44,0,0,2,6,0,110,27,46,10.17,40.0,30.5,18.0
S Nadeem,2017,Delhi Capitals,7,107,17.8,119,6,3,0,47,0,0,2,2,0,49,70,0,6.67,42.73,19.83,17.83
P Kumar,2017,Gujarat Lions,6,99,16.5,154,6,9,0,40,0,0,2,5,1,109,6,39,9.33,37.04,25.67,16.5
PP Chawla,2017,Kolkata Knight Riders,6,120,20.0,179,6,2,0,36,0,0,2,4,0,26,142,11,8.95,29.51,29.83,20.0
HH Pandya,2017,Mumbai Indians,13,156,26.0,219,6,6,0,45,0,0,2,0,3,52,112,55,8.42,27.78,36.5,26.0
S Aravind,2017,Royal Challengers Bengaluru,10,183,30.5,278,5,6,1,58,0,0,2,1,3,143,51,84,9.11,30.53,55.6,36.6
RA Jadeja,2017,Gujarat Lions,12,228,38.0,352,5,1,0,57,0,0,2,0,0,9,295,48,9.26,24.89,70.4,45.6
SR Watson,2017,Royal Challengers Bengaluru,8,161,26.8,246,5,4,0,47,0,0,1,1,4,55,94,97,9.17,28.48,49.2,32.2
TA Boult,2017,Kolkata Knight Riders,6,143,23.8,222,5,5,0,53,0,0,2,1,4,83,7,132,9.31,35.81,44.4,28.6
A Choudhary,2017,Royal Challengers Bengaluru,5,101,16.8,144,5,6,1,42,0,0,2,3,1,46,58,40,8.55,38.89,28.8,20.2
LH Ferguson,2017,Rising Pune Supergiants,4,78,13.0,96,5,9,0,40,0,1,3,1,0,51,22,23,7.38,45.98,19.2,15.6
TS Mills,2017,Royal Challengers Bengaluru,5,107,17.8,157,5,4,0,41,0,0,2,3,2,58,38,61,8.8,36.94,31.4,21.4
KC Cariappa,2017,Punjab Kings,4,90,15.0,127,4,3,1,22,0,0,2,0,1,7,102,18,8.47,23.4,31.75,22.5
AF Milne,2017,Royal Challengers Bengaluru,4,84,14.0,141,4,6,0,25,0,1,3,0,4,50,53,38,10.07,27.78,35.25,21.0
C de Grandhomme,2017,Kolkata Knight Riders,9,96,16.0,136,4,4,2,33,0,1,3,0,0,13,116,7,8.5,32.35,34.0,24.0
Ankit Soni,2017,Gujarat Lions,6,109,18.2,145,4,3,0,37,0,0,2,1,0,3,138,4,7.98,33.04,36.25,27.25
CJ Anderson,2017,Delhi Capitals,8,113,18.8,187,4,8,0,20,0,0,1,0,1,7,110,70,9.93,16.53,46.75,28.25
STR Binny,2017,Royal Challengers Bengaluru,4,36,6.0,50,4,1,0,9,0,0,1,2,0,12,38,0,8.33,24.32,12.5,9.0
AS Rajpoot,2017,Kolkata Knight Riders,5,84,14.0,113,4,3,0,27,0,1,3,0,1,0,75,38,8.07,31.03,28.25,21.0
TM Head,2017,Royal Challengers Bengaluru,5,48,8.0,81,3,0,0,7,0,0,2,0,3,0,54,27,10.13,14.58,27.0,16.0
Bipul Sharma,2017,Sunrisers Hyderabad,7,98,16.3,131,3,2,0,28,0,0,1,1,0,30,89,12,8.02,28.0,43.67,32.67
R Tewatia,2017,Punjab Kings,3,54,9.0,51,3,1,0,23,0,0,2,0,0,6,45,0,5.67,41.82,17.0,18.0
DS Kulkarni,2017,Gujarat Lions,6,113,18.8,173,3,5,0,35,0,0,1,0,2,84,58,31,9.19,29.66,57.67,37.67
HV Patel,2017,Royal Challengers Bengaluru,1,24,4.0,43,3,1,0,8,0,1,3,0,1,15,14,14,10.75,32.0,14.33,8.0
TG Southee,2017,Mumbai Indians,3,60,10.0,97,3,5,1,21,0,0,2,1,1,62,14,21,9.7,31.82,32.33,20.0
Mohammad Nabi,2017,Sunrisers Hyderabad,3,66,11.0,59,2,0,0,34,0,0,1,1,0,35,24,0,5.36,51.52,29.5,33.0
R Vinay Kumar,2017,Mumbai Indians,1,18,3.0,31,2,2,0,6,0,0,2,0,0,0,31,0,10.33,30.0,15.5,9.0
MJ Henry,2017,Punjab Kings,2,30,5.0,71,2,1,0,7,0,0,2,0,2,36,0,35,14.2,22.58,35.5,15.0
B Stanlake,2017,Royal Challengers Bengaluru,2,48,8.0,70,2,2,0,17,0,0,2,1,0,48,22,0,8.75,34.0,35.0,24.0
DR Smith,2017,Gujarat Lions,9,78,13.0,151,2,4,0,17,0,0,1,0,1,17,100,34,11.62,20.73,75.5,39.0
Yuvraj Singh,2017,Sunrisers Hyderabad,2,12,2.0,23,2,0,0,2,0,0,2,0,0,0,23,0,11.5,16.67,11.5,6.0
T Natarajan,2017,Punjab Kings,6,76,12.7,116,2,6,0,24,0,0,1,0,0,33,67,16,9.16,29.27,58.0,38.0
RD Chahar,2017,Rising Pune Supergiants,2,42,7.0,59,2,4,0,16,0,0,1,0,0,0,57,2,8.43,34.78,29.5,21.0
IK Pathan,2017,Gujarat Lions,1,12,2.0,26,2,0,0,4,0,0,2,0,2,16,0,10,13.0,33.33,13.0,6.0
AB Dinda,2017,Rising Pune Supergiants,3,60,10.0,121,2,5,0,21,0,0,1,1,1,52,0,69,12.1,32.31,60.5,30.0
BCJ Cutting,2017,Sunrisers Hyderabad,4,76,12.7,123,2,3,0,20,0,0,1,0,1,18,36,69,9.71,25.32,61.5,38.0
MC Henriques,2017,Sunrisers Hyderabad,12,144,24.0,248,2,3,1,27,0,0,1,0,0,33,203,12,10.33,18.24,124.0,72.0
MP Stoinis,2017,Punjab Kings,5,63,10.5,111,2,6,0,10,0,0,1,1,0,14,59,38,10.57,14.49,55.5,31.5
R Bhatia,2017,Rising Pune Supergiants,3,42,7.0,55,2,1,0,9,0,0,2,0,0,0,55,0,7.86,20.93,27.5,21.0
Iqbal Abdulla,2017,Royal Challengers Bengaluru,2,30,5.0,55,2,4,0,6,0,0,2,0,0,19,36,0,11.0,17.65,27.5,15.0
DJ Hooda,2017,Sunrisers Hyderabad,3,24,4.0,42,2,0,0,7,0,0,1,0,0,17,25,0,10.5,29.17,21.0,12.0
DL Chahar,2017,Rising Pune Supergiants,3,42,7.0,75,1,2,0,12,0,0,1,1,0,75,0,0,10.71,27.27,75.0,42.0
Avesh Khan,2017,Royal Challengers Bengaluru,1,24,4.0,24,1,0,0,11,0,0,1,1,0,6,4,14,6.0,45.83,24.0,24.0
YK Pathan,2017,Kolkata Knight Riders,4,24,4.0,41,1,0,0,8,0,0,1,0,0,17,24,0,10.25,33.33,41.0,24.0
CJ Jordan,2017,Sunrisers Hyderabad,1,6,1.0,10,1,1,0,2,0,0,1,1,0,10,0,0,10.0,28.57,10.0,6.0
CR Brathwaite,2017,Delhi Capitals,2,36,6.0,67,1,2,0,6,0,0,1,0,1,0,38,29,11.17,15.79,67.0,36.0
SK Raina,2017,Gujarat Lions,6,72,12.0,102,1,0,0,20,0,0,1,1,0,50,52,0,8.5,27.78,102.0,72.0
NB Singh,2017,Gujarat Lions,2,24,4.0,18,1,1,0,13,0,0,1,1,0,18,0,0,4.5,52.0,18.0,24.0
SS Agarwal,2017,Gujarat Lions,1,24,4.0,42,1,0,0,7,0,0,1,0,0,11,31,0,10.5,29.17,42.0,24.0
Swapnil Singh,2017,Punjab Kings,4,42,7.0,61,1,1,0,7,0,0,1,0,0,0,61,0,8.71,16.28,61.0,42.0
MM Patel,2017,Gujarat Lions,2,42,7.0,58,1,0,0,10,0,0,1,0,0,7,51,0,8.29,23.81,58.0,42.0
Anureet Singh,2017,Punjab Kings,1,12,2.0,26,0,0,0,2,0,0,0,0,0,10,16,0,13.0,16.67,,
MN Samuels,2017,Delhi Capitals,2,18,3.0,34,0,0,0,5,0,0,0,0,0,0,34,0,11.33,27.78,,
KA Pollard,2017,Mumbai Indians,1,11,1.8,30,0,1,0,0,0,0,0,0,0,0,15,15,16.36,0.0,,
SB Jakati,2017,Gujarat Lions,2,30,5.0,52,0,2,0,4,0,0,0,0,0,12,40,0,10.4,12.5,,
AD Mathews,2017,Delhi Capitals,2,30,5.0,57,0,1,0,3,0,0,0,0,0,0,32,25,11.4,9.68,,
Tejas Baroka,2017,Gujarat Lions,1,21,3.5,33,0,0,0,6,0,0,0,0,0,8,16,9,9.43,28.57,,
BB Sran,2017,Sunrisers Hyderabad,1,12,2.0,29,0,1,0,4,0,0,0,0,0,9,20,0,14.5,30.77,,
Ankit Sharma,2017,Rising Pune Supergiants,1,6,1.0,16,0,0,0,1,0,0,0,0,0,16,0,0,16.0,16.67,,
MS Gony,2017,Gujarat Lions,1,12,2.0,32,0,3,0,4,0,0,0,0,0,17,15,0,16.0,26.67,,
I Sharma,2017,Punjab Kings,6,108,18.0,190,0,5,1,32,0,0,0,0,0,117,53,20,10.56,28.07,,
Mustafizur Rahman,2017,Sunrisers Hyderabad,1,16,2.7,34,0,1,0,3,0,0,0,0,0,19,11,4,12.75,17.65,,
S Kaushik,2017,Gujarat Lions,3,66,11.0,109,0,2,0,20,0,0,0,0,0,29,80,0,9.91,29.41,,
J Yadav,2017,Delhi Capitals,2,36,6.0,43,0,0,1,13,0,0,0,0,0,30,13,0,7.17,35.14,,
RA Tripathi,2017,Rising Pune Supergiants,1,6,1.0,12,0,0,0,0,0,0,0,0,0,0,12,0,12.0,0.0,,
Shakib Al Hasan,2017,Kolkata Knight Riders,1,18,3.0,34,0,0,0,5,0,0,0,0,0,34,0,0,11.33,27.78,,
AJ Tye,2018,Punjab Kings,14,336,56.0,459,28,15,2,108,1,4,5,7,16,125,133,201,8.2,30.59,16.39,12.0
S Kaul,2018,Sunrisers Hyderabad,17,396,66.0,558,24,5,1,120,0,2,3,5,13,148,188,222,8.45,29.85,23.25,16.5
Rashid Khan,2018,Sunrisers Hyderabad,17,408,68.0,466,23,3,0,162,0,4,3,1,5,42,266,158,6.85,39.42,20.26,17.74
UT Yadav,2018,Royal Challengers Bengaluru,14,319,53.2,424,20,10,2,142,0,3,3,14,1,215,122,87,7.97,42.9,21.2,15.95
TA Boult,2018,Delhi Capitals,14,316,52.7,476,20,10,1,111,0,1,3,6,11,224,69,183,9.04,33.94,23.8,15.8
HH Pandya,2018,Mumbai Indians,13,256,42.7,391,19,13,1,94,0,3,3,4,8,152,144,95,9.16,34.81,20.58,13.47
DJ Bravo,2018,Chennai Super Kings,16,321,53.5,538,18,17,0,85,0,1,4,0,11,0,203,335,10.06,25.15,29.89,17.83
Kuldeep Yadav,2018,Kolkata Knight Riders,16,308,51.3,423,18,4,0,90,0,3,4,0,1,31,361,31,8.24,28.85,23.5,17.11
SP Narine,2018,Kolkata Knight Riders,16,366,61.0,473,17,5,0,131,0,1,3,2,3,147,186,140,7.75,35.31,27.82,21.53
JJ Bumrah,2018,Mumbai Indians,14,324,54.0,383,17,7,2,128,0,1,3,2,13,123,88,172,7.09,38.44,22.53,19.06
SN Thakur,2018,Chennai Super Kings,13,280,46.7,433,17,15,0,111,0,0,2,3,11,117,85,231,9.28,37.63,25.47,16.47
MJ McClenaghan,2018,Mumbai Indians,11,240,40.0,340,16,9,1,98,0,1,3,10,4,191,57,92,8.5,39.2,21.25,15.0
Shakib Al Hasan,2018,Sunrisers Hyderabad,17,342,57.0,458,16,3,0,96,0,0,2,5,0,110,307,41,8.04,27.83,28.63,21.38
JC Archer,2018,Rajasthan Royals,10,233,38.8,329,15,14,2,93,0,2,3,4,7,117,65,147,8.47,37.35,21.93,15.53
M Markande,2018,Mumbai Indians,14,264,44.0,376,15,4,0,80,0,2,4,0,1,0,314,62,8.55,29.85,25.07,17.6
Mujeeb Ur Rahman,2018,Punjab Kings,11,248,41.3,292,15,6,0,90,0,1,3,4,2,65,139,88,7.06,35.43,19.47,16.53
KH Pandya,2018,Mumbai Indians,13,241,40.2,288,14,5,0,82,0,2,3,3,4,99,155,34,7.17,33.33,20.57,17.21
PP Chawla,2018,Kolkata Knight Riders,15,294,49.0,419,14,2,0,106,0,1,3,5,6,180,175,64,8.55,35.81,29.93,21.0
Sandeep Sharma,2018,Sunrisers Hyderabad,12,264,44.0,334,14,9,0,115,0,0,2,5,4,178,147,9,7.59,42.12,23.86,18.86
L Ngidi,2018,Chennai Super Kings,7,156,26.0,162,13,7,0,74,0,1,4,6,5,88,4,70,6.23,45.4,12.46,12.0
AD Russell,2018,Kolkata Knight Riders,15,227,37.8,360,13,11,1,74,0,2,3,4,3,143,133,84,9.52,30.96,27.69,17.46
A Mishra,2018,Delhi Capitals,10,222,37.0,265,13,4,0,73,0,2,3,0,2,32,198,35,7.16,32.3,20.38,17.08
RA Jadeja,2018,Chennai Super Kings,14,246,41.0,310,12,4,0,78,0,1,3,2,0,38,226,46,7.56,31.2,25.83,20.5
JD Unadkat,2018,Rajasthan Royals,15,302,50.3,486,12,7,1,97,0,1,3,2,8,145,142,199,9.66,31.29,40.5,25.17
M Prasidh Krishna,2018,Kolkata Knight Riders,7,168,28.0,261,12,9,0,59,1,1,5,0,12,105,29,127,9.32,33.33,21.75,14.0
K Gowtham,2018,Rajasthan Royals,15,240,40.0,321,12,4,0,87,0,0,2,9,0,185,130,6,8.03,35.66,26.75,20.0
S Gopal,2018,Rajasthan Royals,10,186,31.0,239,12,2,0,65,0,2,4,0,1,14,221,4,7.71,34.57,19.92,15.5
YS Chahal,2018,Royal Challengers Bengaluru,14,300,50.0,374,12,10,3,120,0,0,2,4,2,77,234,63,7.48,38.34,31.17,25.0
Mohammed Siraj,2018,Royal Challengers Bengaluru,11,246,41.0,372,12,18,0,85,0,2,3,2,9,59,128,185,9.07,32.2,31.0,20.5
R Ashwin,2018,Punjab Kings,14,304,50.7,411,11,10,0,76,0,0,2,1,4,64,283,64,8.11,24.2,37.36,27.64
AS Rajpoot,2018,Punjab Kings,8,157,26.2,230,11,7,2,76,1,1,5,7,3,132,51,47,8.79,45.78,20.91,14.27
DL Chahar,2018,Chennai Super Kings,12,229,38.2,281,10,17,2,114,0,1,3,10,0,239,42,0,7.36,45.97,28.1,22.9
B Kumar,2018,Sunrisers Hyderabad,12,277,46.2,357,10,7,2,121,0,1,3,4,6,151,51,155,7.73,42.31,35.7,27.7
BA Stokes,2018,Rajasthan Royals,12,222,37.0,307,9,9,1,73,0,1,3,3,4,83,133,91,8.3,31.47,34.11,24.67
B Laughlin,2018,Rajasthan Royals,7,126,21.0,212,9,7,1,33,0,0,2,3,5,61,56,95,10.1,24.63,23.56,14.0
Mustafizur Rahman,2018,Mumbai Indians,7,165,27.5,232,9,0,2,57,0,1,3,2,5,56,79,97,8.44,34.13,25.78,18.33
TG Southee,2018,Royal Challengers Bengaluru,8,174,29.0,263,8,8,1,57,1,1,5,2,6,129,19,115,9.07,31.15,32.88,21.75
CR Woakes,2018,Royal Challengers Bengaluru,5,110,18.3,196,8,8,0,44,0,1,3,2,6,78,18,100,10.69,37.29,24.5,13.75
MM Sharma,2018,Punjab Kings,9,178,29.7,328,7,6,2,44,0,0,2,4,2,135,56,137,11.06,23.66,46.86,25.43
Harbhajan Singh,2018,Chennai Super Kings,12,191,31.8,270,7,2,0,68,0,0,2,2,0,85,185,0,8.48,35.23,38.57,27.29
HV Patel,2018,Delhi Capitals,5,105,17.5,169,7,4,0,34,0,1,3,1,3,48,81,40,9.66,31.19,24.14,15.0
SR Watson,2018,Chennai Super Kings,11,168,28.0,252,7,8,0,56,0,1,3,1,1,106,112,34,9.0,31.82,36.0,24.0
Shivam Mavi,2018,Kolkata Knight Riders,9,168,28.0,273,7,10,1,61,0,0,2,1,3,125,52,96,9.75,34.08,39.0,24.0
MM Ali,2018,Royal Challengers Bengaluru,5,79,13.2,98,6,2,0,26,0,1,4,0,1,14,83,1,7.44,32.1,16.33,13.17
TK Curran,2018,Kolkata Knight Riders,5,61,10.2,118,6,1,2,15,0,0,2,1,4,23,53,42,11.61,23.44,19.67,10.17
Imran Tahir,2018,Chennai Super Kings,6,124,20.7,193,6,2,0,38,0,0,2,0,0,12,164,17,9.34,30.16,32.17,20.67
CR Brathwaite,2018,Sunrisers Hyderabad,4,61,10.2,96,6,3,0,21,0,0,2,0,5,0,55,41,9.44,32.81,16.0,10.17
R Tewatia,2018,Delhi Capitals,8,132,22.0,174,6,2,0,40,0,1,3,0,3,9,144,21,7.91,29.85,29.0,22.0
BB Sran,2018,Punjab Kings,6,132,22.0,231,6,12,2,45,0,0,2,1,4,99,54,78,10.5,30.82,38.5,22.0
CJ Anderson,2018,Royal Challengers Bengaluru,3,52,8.7,117,5,4,0,14,0,1,3,0,4,0,27,90,13.5,25.0,23.4,10.4
IS Sodhi,2018,Rajasthan Royals,6,138,23.0,137,5,0,0,49,0,0,1,0,0,0,135,2,5.96,35.51,27.4,27.6
B Stanlake,2018,Sunrisers Hyderabad,4,96,16.0,130,5,4,0,47,0,0,2,1,0,63,56,11,8.13,47.0,26.0,19.2
S Lamichhane,2018,Delhi Capitals,3,72,12.0,86,5,1,0,29,0,1,3,2,0,26,45,15,7.17,39.73,17.2,14.4
GJ Maxwell,2018,Delhi Capitals,10,96,16.0,132,5,2,0,32,0,0,2,2,1,50,74,8,8.25,32.65,26.4,19.2
Basil Thampi,2018,Sunrisers Hyderabad,4,61,10.2,115,5,1,0,16,0,0,2,0,3,17,53,45,11.31,25.81,23.0,12.2
S Nadeem,2018,Delhi Capitals,6,90,15.0,162,5,2,0,20,0,1,3,2,0,86,76,0,10.8,21.74,32.4,18.0
LE Plunkett,2018,Delhi Capitals,7,150,25.0,228,4,4,0,39,0,1,3,1,2,72,85,71,9.12,25.32,57.0,37.5
Washington Sundar,2018,Royal Challengers Bengaluru,7,120,20.0,194,4,2,0,27,0,0,2,0,0,77,112,5,9.7,22.13,48.5,30.0
DT Christian,2018,Delhi Capitals,4,71,11.8,106,4,0,0,20,0,0,2,0,4,18,44,44,8.96,28.17,26.5,17.75
DS Kulkarni,2018,Rajasthan Royals,8,119,19.8,189,4,7,0,53,0,0,2,2,0,142,43,4,9.53,42.06,47.25,29.75
Avesh Khan,2018,Delhi Capitals,6,114,19.0,205,4,2,1,43,0,0,2,2,1,151,31,23,10.79,36.75,51.25,28.5
KV Sharma,2018,Chennai Super Kings,5,57,9.5,90,4,1,0,15,0,0,2,0,2,0,77,13,9.47,25.86,22.5,14.25
N Rana,2018,Kolkata Knight Riders,5,37,6.2,44,4,1,0,17,0,0,2,0,0,6,38,0,7.14,44.74,11.0,9.25
AR Patel,2018,Punjab Kings,8,156,26.0,221,3,2,0,38,0,0,1,2,0,48,155,18,8.5,24.05,73.67,52.0
Mohammed Shami,2018,Delhi Capitals,4,83,13.8,144,3,2,0,28,0,0,1,0,2,26,76,42,10.41,32.94,48.0,27.67
M Ashwin,2018,Royal Challengers Bengaluru,2,42,7.0,54,3,3,0,19,0,0,2,0,0,0,34,20,7.71,42.22,18.0,14.0
CH Morris,2018,Delhi Capitals,4,84,14.0,148,3,3,0,29,0,0,2,1,1,50,38,60,10.57,33.33,49.33,28.0
MP Stoinis,2018,Punjab Kings,6,66,11.0,121,3,0,0,14,0,0,1,0,0,11,90,20,11.0,21.21,40.33,22.0
KM Asif,2018,Chennai Super Kings,2,36,6.0,75,3,2,0,16,0,0,2,3,0,36,21,18,12.5,42.11,25.0,12.0
C de Grandhomme,2018,Royal Challengers Bengaluru,7,90,15.0,132,3,7,0,23,0,0,1,0,0,0,109,23,8.8,23.71,44.0,30.0
Anureet Singh,2018,Rajasthan Royals,3,24,4.0,42,2,0,0,4,0,0,1,0,0,0,42,0,10.5,16.67,21.0,12.0
JPR Scantlebury-Searles,2018,Kolkata Knight Riders,3,42,7.0,89,2,3,0,7,0,0,1,0,1,13,56,20,12.71,15.56,44.5,21.0
R Vinay Kumar,2018,Kolkata Knight Riders,2,23,3.8,65,2,1,1,8,0,0,2,0,2,30,0,35,16.96,32.0,32.5,11.5
K Khejroliya,2018,Royal Challengers Bengaluru,3,65,10.8,110,2,5,0,15,0,0,2,0,0,19,66,25,10.15,21.43,55.0,32.5
MG Johnson,2018,Kolkata Knight Riders,6,126,21.0,218,2,7,0,44,0,0,1,0,2,86,64,68,10.38,33.08,109.0,63.0
BCJ Cutting,2018,Mumbai Indians,7,102,17.0,169,2,3,0,23,0,0,1,0,0,10,95,64,9.94,21.9,84.5,51.0
DJ Willey,2018,Chennai Super Kings,3,60,10.0,96,2,1,0,19,0,0,1,0,1,39,26,31,9.6,31.15,48.0,30.0
P Negi,2018,Royal Challengers Bengaluru,2,24,4.0,49,1,0,0,9,0,0,1,1,0,8,41,0,12.25,37.5,49.0,24.0
DJM Short,2018,Rajasthan Royals,2,18,3.0,23,1,0,0,7,0,0,1,0,0,0,23,0,7.67,38.89,23.0,18.0
YK Pathan,2018,Sunrisers Hyderabad,1,12,2.0,14,1,0,0,2,0,0,1,0,0,0,14,0,7.0,16.67,14.0,12.0
Mohammad Nabi,2018,Sunrisers Hyderabad,2,30,5.0,47,1,0,0,12,0,0,1,1,0,35,12,0,9.4,40.0,47.0,30.0
V Shankar,2018,Delhi Capitals,4,30,5.0,58,1,3,1,8,0,0,1,0,0,0,58,0,11.6,23.53,58.0,30.0
Yuvraj Singh,2018,Punjab Kings,2,12,2.0,23,0,1,0,0,0,0,0,0,0,0,23,0,11.5,0.0,,
KK Ahmed,2018,Sunrisers Hyderabad,1,18,3.0,39,0,1,0,6,0,0,0,0,0,25,0,14,13.0,31.58,,
JP Duminy,2018,Mumbai Indians,2,18,3.0,36,0,0,0,6,0,0,0,0,0,28,8,0,12.0,33.33,,
Ankit Sharma,2018,Rajasthan Royals,1,6,1.0,11,0,0,0,1,0,0,0,0,0,11,0,0,11.0,16.67,,
MA Wood,2018,Chennai Super Kings,1,24,4.0,50,0,1,0,5,0,0,0,0,0,0,14,36,12.5,20.0,,
PJ Sangwan,2018,Mumbai Indians,1,12,2.0,20,0,0,0,4,0,0,0,0,0,20,0,0,10.0,33.33,,
MK Tiwary,2018,Punjab Kings,1,6,1.0,10,0,1,0,0,0,0,0,0,0,0,10,0,10.0,0.0,,
A Dananjaya,2018,Mumbai Indians,1,24,4.0,47,0,1,0,6,0,0,0,0,0,12,35,0,11.75,24.0,,
MK Lomror,2018,Rajasthan Royals,2,18,3.0,27,0,0,0,2,0,0,0,0,0,0,27,0,9.0,11.11,,
DJ Hooda,2018,Sunrisers Hyderabad,2,18,3.0,25,0,1,0,5,0,0,0,0,0,0,25,0,8.33,26.32,,
CJ Dala,2018,Delhi Capitals,1,18,3.0,34,0,1,0,7,0,0,0,0,0,17,17,0,11.33,36.84,,
CJ Jordan,2018,Sunrisers Hyderabad,1,24,4.0,35,0,1,0,10,0,0,0,0,0,18,4,13,8.75,40.0,,
STR Binny,2018,Rajasthan Royals,1,12,2.0,33,0,1,1,2,0,0,0,0,0,14,19,0,16.5,14.29,,
K Rabada,2019,Delhi Capitals,12,282,47.0,375,28,10,0,107,0,4,4,4,21,137,33,205,7.98,36.64,13.39,10.07
Imran Tahir,2019,Chennai Super Kings,17,386,64.3,440,26,2,0,146,0,3,4,0,2,14,304,122,6.84,37.63,16.92,14.85
DL Chahar,2019,Chennai Super Kings,17,387,64.5,486,22,10,3,186,0,2,3,15,7,370,37,79,7.53,46.5,22.09,17.59
Mohammed Shami,2019,Punjab Kings,14,324,54.0,477,22,6,1,111,0,2,3,3,17,191,67,219,8.83,33.53,21.68,14.73
JJ Bumrah,2019,Mumbai Indians,16,370,61.7,425,21,4,4,156,0,2,4,3,14,110,73,242,6.89,41.27,20.24,17.62
KK Ahmed,2019,Sunrisers Hyderabad,9,209,34.8,292,20,13,0,83,0,6,3,7,8,171,54,67,8.38,37.39,14.6,10.45
S Gopal,2019,Rajasthan Royals,14,288,48.0,350,20,0,1,104,0,3,3,5,4,40,266,44,7.29,35.99,17.5,14.4
Rashid Khan,2019,Sunrisers Hyderabad,15,360,60.0,387,19,4,0,160,0,1,3,2,7,50,250,87,6.45,43.96,20.37,18.95
SL Malinga,2019,Mumbai Indians,12,269,44.8,452,18,9,2,84,1,4,5,2,14,158,68,226,10.08,30.0,25.11,14.94
YS Chahal,2019,Royal Challengers Bengaluru,14,296,49.3,394,18,12,0,113,0,1,4,2,6,85,246,63,7.99,36.69,21.89,16.44
Harbhajan Singh,2019,Chennai Super Kings,11,264,44.0,315,18,5,0,114,0,3,4,9,3,193,106,16,7.16,42.38,17.5,14.67
R Ashwin,2019,Punjab Kings,14,330,55.0,400,17,12,0,100,0,1,3,2,3,91,276,33,7.27,29.24,23.53,19.41
HH Pandya,2019,Mumbai Indians,16,255,42.5,397,16,13,1,90,0,1,3,1,7,48,206,143,9.34,33.46,24.81,15.94
RA Jadeja,2019,Chennai Super Kings,16,324,54.0,347,15,2,0,124,0,1,3,0,5,23,280,44,6.43,38.04,23.13,21.6
B Kumar,2019,Sunrisers Hyderabad,15,354,59.0,466,14,12,1,163,0,0,2,4,9,185,47,234,7.9,44.41,33.29,25.29
I Sharma,2019,Delhi Capitals,13,276,46.0,364,14,9,0,113,0,2,3,9,4,241,50,73,7.91,39.65,26.0,19.71
Sandeep Sharma,2019,Sunrisers Hyderabad,11,256,42.7,355,13,9,0,79,0,1,4,1,8,120,140,95,8.32,29.81,27.31,19.69
RD Chahar,2019,Mumbai Indians,13,282,47.0,310,13,5,0,123,0,2,3,3,0,52,255,3,6.6,42.86,23.85,21.69
CH Morris,2019,Delhi Capitals,9,198,33.0,314,13,6,2,66,0,2,3,2,10,109,79,126,9.52,32.04,24.15,15.23
DJ Bravo,2019,Chennai Super Kings,12,247,41.2,336,13,14,2,71,0,1,3,0,12,8,160,168,8.16,27.0,25.85,19.0
JC Archer,2019,Rajasthan Royals,11,259,43.2,306,12,4,1,113,0,2,3,3,7,82,47,177,7.09,42.8,25.5,21.58
AR Patel,2019,Delhi Capitals,14,306,51.0,368,12,1,0,109,0,0,2,1,2,84,226,58,7.22,35.5,30.67,25.5
Navdeep Saini,2019,Royal Challengers Bengaluru,13,288,48.0,410,12,6,5,135,0,0,2,3,9,200,67,143,8.54,45.15,34.17,24.0
KH Pandya,2019,Mumbai Indians,16,276,46.0,337,12,6,0,92,0,1,3,3,2,79,213,45,7.33,32.62,28.08,23.0
JD Unadkat,2019,Rajasthan Royals,11,224,37.3,404,11,12,0,55,0,0,2,3,6,59,157,188,10.82,23.31,36.73,20.36
SM Curran,2019,Punjab Kings,9,198,33.0,325,11,8,1,58,0,2,4,1,8,98,100,127,9.85,28.02,29.55,18.0
SP Narine,2019,Kolkata Knight Riders,12,266,44.3,353,11,7,0,90,0,0,2,6,2,77,193,83,7.96,32.97,32.09,24.18
A Mishra,2019,Delhi Capitals,11,240,40.0,271,11,3,0,82,0,1,3,0,1,0,238,33,6.78,33.74,24.64,21.82
AD Russell,2019,Kolkata Knight Riders,12,181,30.2,288,11,1,0,60,0,0,2,2,4,86,132,70,9.55,32.97,26.18,16.45
KMA Paul,2019,Delhi Capitals,8,163,27.2,239,10,12,5,52,0,2,4,0,5,16,145,78,8.8,28.89,23.9,16.3
PP Chawla,2019,Kolkata Knight Riders,13,267,44.5,405,10,0,0,84,0,1,3,1,2,79,260,66,9.1,31.46,40.5,26.7
S Lamichhane,2019,Delhi Capitals,6,138,23.0,211,9,0,0,46,0,1,3,3,1,78,96,37,9.17,33.33,23.44,15.33
UT Yadav,2019,Royal Challengers Bengaluru,11,227,37.8,375,9,10,1,87,0,2,3,4,4,183,60,132,9.91,36.55,41.67,25.22
SN Thakur,2019,Chennai Super Kings,9,180,30.0,285,9,10,0,61,0,1,3,3,4,155,14,116,9.5,32.11,31.67,20.0
Mohammad Nabi,2019,Sunrisers Hyderabad,8,175,29.2,201,8,0,0,65,0,1,4,5,0,59,113,29,6.89,37.14,25.13,21.88
GC Viljoen,2019,Punjab Kings,6,138,23.0,229,8,8,0,43,0,1,3,3,2,55,82,92,9.96,29.45,28.63,17.25
Mohammed Siraj,2019,Royal Challengers Bengaluru,9,169,28.2,271,8,8,2,67,0,0,2,0,6,71,74,126,9.62,37.43,33.88,21.13
HF Gurney,2019,Kolkata Knight Riders,8,162,27.0,239,7,6,1,50,0,0,2,2,4,66,62,111,8.85,29.59,34.14,23.14
MM Ali,2019,Royal Challengers Bengaluru,9,150,25.0,169,7,1,0,63,0,0,2,0,1,17,118,34,6.76,41.72,24.14,21.43
DS Kulkarni,2019,Rajasthan Royals,10,210,35.0,336,6,8,1,76,0,0,1,3,2,196,62,78,9.6,34.7,56.0,35.0
BA Stokes,2019,Rajasthan Royals,6,101,16.8,200,6,7,1,26,0,0,2,1,4,40,76,84,11.88,23.85,33.33,16.83
S Kaul,2019,Sunrisers Hyderabad,7,162,27.0,243,6,5,2,55,0,0,2,0,2,42,120,81,9.0,32.54,40.5,27.0
AS Joseph,2019,Mumbai Indians,3,52,8.7,89,6,3,0,23,1,1,6,1,4,34,45,10,10.27,41.82,14.83,8.67
TA Boult,2019,Delhi Capitals,5,114,19.0,163,5,6,0,44,0,0,2,0,3,65,13,85,8.58,36.67,32.6,22.8
JP Behrendorff,2019,Mumbai Indians,5,114,19.0,168,5,3,0,51,0,0,2,3,0,123,28,17,8.84,43.59,33.6,22.8
Kuldeep Yadav,2019,Kolkata Knight Riders,9,198,33.0,286,5,4,0,54,0,1,3,0,5,0,227,59,8.67,26.73,57.2,39.6
M Ashwin,2019,Punjab Kings,10,204,34.0,257,5,6,1,57,0,0,2,0,1,9,231,17,7.56,27.01,51.4,40.8
O Thomas,2019,Rajasthan Royals,4,60,10.0,85,5,1,2,17,0,0,2,2,2,58,9,18,8.5,26.98,17.0,12.0
M Prasidh Krishna,2019,Kolkata Knight Riders,11,242,40.3,384,4,8,4,88,0,0,1,2,1,169,62,153,9.52,34.65,96.0,60.5
Washington Sundar,2019,Royal Challengers Bengaluru,3,54,9.0,75,4,0,0,20,0,1,3,0,1,10,61,4,8.33,37.04,18.75,13.5
MJ Santner,2019,Chennai Super Kings,4,84,14.0,94,4,3,1,37,0,0,2,2,1,37,47,10,6.71,42.05,23.5,21.0
VR Aaron,2019,Rajasthan Royals,5,72,12.0,128,4,2,0,25,0,0,2,2,2,63,42,23,10.67,33.78,32.0,18.0
DW Steyn,2019,Royal Challengers Bengaluru,2,48,8.0,74,4,0,0,18,0,0,2,4,0,43,0,31,9.25,37.5,18.5,12.0
IS Sodhi,2019,Rajasthan Royals,2,43,7.2,67,4,1,0,15,0,1,3,2,0,17,44,6,9.35,34.09,16.75,10.75
MJ McClenaghan,2019,Mumbai Indians,5,108,18.0,143,3,6,0,44,0,1,3,2,1,80,36,27,7.94,38.6,47.67,36.0
N Rana,2019,Kolkata Knight Riders,6,48,8.0,73,3,2,0,14,0,0,1,0,1,0,68,5,9.13,28.0,24.33,16.0
AS Rajpoot,2019,Punjab Kings,4,96,16.0,157,3,1,5,32,0,0,2,0,3,87,41,29,9.81,31.37,52.33,32.0
Mujeeb Ur Rahman,2019,Punjab Kings,5,114,19.0,193,3,9,0,36,0,0,2,1,2,77,70,46,10.16,29.27,64.33,38.0
Arshdeep Singh,2019,Punjab Kings,3,60,10.0,117,3,5,0,15,0,0,2,1,2,80,13,24,11.7,23.08,39.0,20.0
AJ Tye,2019,Punjab Kings,6,132,22.0,233,3,5,0,30,0,0,1,1,2,50,81,102,10.59,21.9,77.67,44.0
HV Patel,2019,Delhi Capitals,2,48,8.0,77,3,3,1,15,0,0,2,1,0,6,44,27,9.63,28.85,25.67,16.0
S Nadeem,2019,Sunrisers Hyderabad,3,54,9.0,91,3,0,0,9,0,0,1,0,1,18,60,13,10.11,16.67,30.33,18.0
P Negi,2019,Royal Challengers Bengaluru,4,67,11.2,103,3,3,0,24,0,0,2,0,0,0,80,23,9.22,34.29,34.33,22.33
J Suchith,2019,Delhi Capitals,1,24,4.0,28,2,0,0,11,0,0,2,1,0,5,23,0,7.0,45.83,14.0,12.0
S Sandeep Warrier,2019,Kolkata Knight Riders,3,72,12.0,86,2,0,1,29,0,0,2,2,0,66,20,0,7.17,39.73,43.0,36.0
LH Ferguson,2019,Kolkata Knight Riders,5,102,17.0,185,2,5,0,28,0,0,1,1,1,68,31,86,10.88,26.17,92.5,51.0
V Shankar,2019,Sunrisers Hyderabad,5,48,8.0,70,2,3,1,14,0,0,1,0,1,0,41,29,8.75,26.92,35.0,24.0
MP Stoinis,2019,Royal Challengers Bengaluru,6,100,16.7,147,2,3,0,30,0,0,1,0,0,0,103,44,8.82,29.13,73.5,50.0
R Tewatia,2019,Delhi Capitals,3,38,6.3,42,2,1,0,19,0,0,1,0,1,0,42,0,6.63,48.72,21.0,19.0
SC Kuggeleijn,2019,Chennai Super Kings,2,48,8.0,71,2,2,0,17,0,0,2,0,2,11,27,33,8.88,34.0,35.5,24.0
Shakib Al Hasan,2019,Sunrisers Hyderabad,3,65,10.8,95,2,1,0,22,0,0,1,1,0,25,52,18,8.77,33.33,47.5,32.5
R Parag,2019,Rajasthan Royals,7,84,14.0,121,2,0,0,18,0,0,1,1,0,10,111,0,8.64,21.43,60.5,42.0
MM Sharma,2019,Chennai Super Kings,1,18,3.0,27,1,0,0,8,0,0,1,0,1,1,10,16,9.0,44.44,27.0,18.0
STR Binny,2019,Rajasthan Royals,5,42,7.0,44,1,1,0,13,0,0,1,0,0,6,38,0,6.29,30.23,44.0,42.0
AS Roy,2019,Mumbai Indians,1,12,2.0,11,1,3,0,4,0,0,1,0,0,0,11,0,5.5,26.67,11.0,12.0
M Markande,2019,Mumbai Indians,3,36,6.0,59,1,1,0,11,0,0,1,0,0,0,59,0,9.83,29.73,59.0,36.0
Y Prithvi Raj,2019,Kolkata Knight Riders,2,30,5.0,57,1,3,0,8,0,0,1,0,0,33,24,0,11.4,24.24,57.0,30.0
CV Varun,2019,Punjab Kings,1,18,3.0,35,1,0,0,8,0,0,1,0,0,25,10,0,11.67,44.44,35.0,18.0
TG Southee,2019,Royal Challengers Bengaluru,3,54,9.0,123,1,4,0,17,0,0,1,1,0,83,0,40,13.67,29.31,123.0,54.0
J Yadav,2019,Mumbai Indians,2,42,7.0,50,1,0,1,17,0,0,1,1,0,22,28,0,7.14,39.53,50.0,42.0
K Khejroliya,2019,Royal Challengers Bengaluru,2,30,5.0,47,1,1,0,10,0,0,1,0,1,18,24,5,9.4,32.26,47.0,30.0
Abhishek Sharma,2019,Sunrisers Hyderabad,2,12,2.0,21,1,0,1,1,0,0,1,0,0,0,21,0,10.5,7.69,21.0,12.0
SE Rutherford,2019,Delhi Capitals,6,41,6.8,60,1,5,0,7,0,0,1,0,0,0,58,2,8.78,15.22,60.0,41.0
K Gowtham,2019,Rajasthan Royals,7,120,20.0,171,1,2,0,34,0,0,1,0,0,88,83,0,8.55,27.87,171.0,120.0
DJ Hooda,2019,Sunrisers Hyderabad,2,12,2.0,21,1,1,0,1,0,0,1,0,0,0,21,0,10.5,7.69,21.0,12.0
BCJ Cutting,2019,Mumbai Indians,1,12,2.0,27,1,0,0,2,0,0,1,0,0,0,27,0,13.5,16.67,27.0,12.0
KV Sharma,2019,Chennai Super Kings,1,17,2.8,33,1,0,0,4,0,0,1,0,1,0,20,13,11.65,23.53,33.0,17.0
C de Grandhomme,2019,Royal Challengers Bengaluru,3,30,5.0,55,0,1,0,2,0,0,0,0,0,0,55,0,11.0,6.45,,
P Ray Barman,2019,Royal Challengers Bengaluru,1,24,4.0,56,0,0,0,2,0,0,0,0,0,0,36,20,14.0,8.33,,
CR Brathwaite,2019,Kolkata Knight Riders,2,18,3.0,29,0,3,0,6,0,0,0,0,0,5,24,0,9.67,28.57,,
GH Vihari,2019,Delhi Capitals,1,6,1.0,9,0,0,0,0,0,0,0,0,0,0,9,0,9.0,0.0,,
YK Pathan,2019,Sunrisers Hyderabad,1,6,1.0,8,0,0,0,1,0,0,0,0,0,0,8,0,8.0,16.67,,
Mandeep Singh,2019,Punjab Kings,2,12,2.0,26,0,0,0,1,0,0,0,0,0,0,26,0,13.0,8.33,,
Avesh Khan,2019,Delhi Capitals,1,18,3.0,30,0,1,0,7,0,0,0,0,0,12,18,0,10.0,36.84,,
Rasikh Salam,2019,Mumbai Indians,1,24,4.0,42,0,1,2,8,0,0,0,0,0,17,4,21,10.5,29.63,,
BB Sran,2019,Mumbai Indians,2,24,4.0,51,0,1,0,7,0,0,0,0,0,38,13,0,12.75,28.0,,
Basil Thampi,2019,Sunrisers Hyderabad,3,72,12.0,115,0,0,1,17,0,0,0,0,0,0,79,36,9.58,23.29,,
SN Khan,2019,Punjab Kings,1,2,0.3,6,0,0,0,0,0,0,0,0,0,0,0,6,18.0,0.0,,
LS Livingstone,2019,Rajasthan Royals,1,6,1.0,13,0,0,0,3,0,0,0,0,0,0,13,0,13.0,50.0,,
S Midhun,2019,Rajasthan Royals,1,12,2.0,29,0,1,0,3,0,0,0,0,0,0,29,0,14.5,23.08,,
Harpreet Brar,2019,Punjab Kings,2,30,5.0,48,0,0,0,7,0,0,0,0,0,24,24,0,9.6,23.33,,
KC Cariappa,2019,Kolkata Knight Riders,1,12,2.0,34,0,1,0,1,0,0,0,0,0,20,14,0,17.0,7.69,,
SK Raina,2019,Chennai Super Kings,1,6,1.0,6,0,0,0,1,0,0,0,0,0,0,6,0,6.0,16.67,,
S Dube,2019,Royal Challengers Bengaluru,2,10,1.7,8,0,1,0,3,0,0,0,0,0,0,5,3,4.8,27.27,,
JJ Bumrah,2021,Mumbai Indians,29,690,115.0,842,50,23,6,299,0,8,4,10,28,255,183,404,7.32,41.59,16.84,13.8
K Rabada,2021,Delhi Capitals,32,731,121.8,1027,46,22,4,279,0,6,4,6,26,312,314,401,8.43,36.86,22.33,15.89
Mohammed Shami,2021,Punjab Kings,28,638,106.3,874,42,15,3,273,0,5,4,12,25,418,105,351,8.22,41.62,20.81,15.19
YS Chahal,2021,Royal Challengers Bengaluru,30,661,110.2,795,41,8,2,235,0,4,3,2,10,83,560,152,7.22,35.02,19.39,16.12
TA Boult,2021,Mumbai Indians,29,652,108.7,867,40,14,1,291,0,4,4,21,16,445,73,349,7.98,43.63,21.68,16.3
Rashid Khan,2021,Sunrisers Hyderabad,30,720,120.0,742,39,10,0,283,0,4,3,2,5,42,588,112,6.18,38.77,19.03,18.46
CV Varun,2021,Kolkata Knight Riders,30,720,120.0,813,37,6,3,252,1,2,5,6,7,156,521,136,6.78,34.57,21.97,19.46
HV Patel,2021,Royal Challengers Bengaluru,15,338,56.3,461,35,16,7,120,1,7,6,1,24,37,181,243,8.18,33.24,13.17,9.66
A Nortje,2021,Delhi Capitals,24,548,91.3,727,35,15,0,228,0,2,4,12,15,308,127,292,7.96,40.5,20.77,15.66
SN Thakur,2021,Chennai Super Kings,25,553,92.2,810,32,34,4,199,0,2,3,7,15,165,328,317,8.79,33.67,25.31,17.28
JO Holder,2021,Sunrisers Hyderabad,15,359,59.8,487,31,20,0,129,0,6,4,6,19,202,123,162,8.14,34.04,15.71,11.58
Arshdeep Singh,2021,Punjab Kings,20,397,66.2,567,31,23,1,137,1,4,5,12,17,244,100,223,8.57,32.54,18.29,12.81
RD Chahar,2021,Mumbai Indians,26,576,96.0,763,29,8,0,190,0,2,4,0,4,34,685,44,7.95,32.53,26.31,19.86
DL Chahar,2021,Chennai Super Kings,29,636,106.0,855,28,24,0,243,1,2,5,19,5,616,142,97,8.07,36.82,30.54,22.71
Ravi Bishnoi,2021,Punjab Kings,23,522,87.0,621,27,16,0,200,0,3,3,3,8,77,472,72,7.14,37.17,23.0,19.33
AR Patel,2021,Delhi Capitals,27,582,97.0,637,27,5,0,195,0,1,3,6,4,136,451,50,6.57,33.22,23.59,21.56
Avesh Khan,2021,Delhi Capitals,17,390,65.0,508,27,17,1,153,0,5,3,6,15,156,98,254,7.82,37.5,18.81,14.44
SM Curran,2021,Chennai Super Kings,22,450,75.0,680,24,20,4,159,0,3,3,8,13,332,81,267,9.07,33.54,28.33,18.75
SP Narine,2021,Kolkata Knight Riders,24,564,94.0,677,24,8,2,187,0,2,4,0,10,166,384,127,7.2,32.58,28.21,23.5
R Ashwin,2021,Delhi Capitals,28,574,95.7,727,23,15,1,191,0,1,3,10,3,197,470,60,7.6,32.37,31.61,24.96
DJ Bravo,2021,Chennai Super Kings,17,328,54.7,444,22,28,0,107,0,3,4,0,16,0,206,238,8.12,30.06,20.18,14.91
Mohammed Siraj,2021,Royal Challengers Bengaluru,24,475,79.2,610,22,17,1,212,0,2,3,11,8,313,88,209,7.71,43.0,27.73,21.59
Shivam Mavi,2021,Kolkata Knight Riders,17,349,58.2,456,21,14,3,146,0,1,4,7,8,223,84,149,7.84,39.89,21.71,16.62
PJ Cummins,2021,Kolkata Knight Riders,21,473,78.8,661,21,16,0,193,0,3,4,9,8,315,162,184,8.38,39.47,31.48,22.52
T Natarajan,2021,Sunrisers Hyderabad,18,425,70.8,590,21,13,1,136,0,2,3,5,14,131,162,297,8.33,30.98,28.1,20.24
LH Ferguson,2021,Kolkata Knight Riders,13,299,49.8,377,21,8,3,119,0,3,3,5,9,93,155,129,7.57,38.39,17.95,14.24
JC Archer,2021,Rajasthan Royals,14,335,55.8,373,20,9,1,171,0,2,3,10,6,113,49,211,6.68,49.57,18.65,16.75
RA Jadeja,2021,Chennai Super Kings,29,512,85.3,665,19,7,2,159,0,1,3,0,1,0,616,49,7.79,30.52,35.0,26.95
R Tewatia,2021,Rajasthan Royals,27,498,83.0,669,19,15,2,142,0,3,3,0,0,0,651,18,8.06,27.57,35.21,26.21
AD Russell,2021,Kolkata Knight Riders,15,222,37.0,367,18,12,2,74,1,2,5,0,14,22,121,224,9.92,31.36,20.39,12.33
Mustafizur Rahman,2021,Rajasthan Royals,14,311,51.8,448,18,14,2,106,0,3,3,4,9,147,97,204,8.64,32.42,24.89,17.28
Sandeep Sharma,2021,Sunrisers Hyderabad,20,453,75.5,578,17,8,1,170,0,1,3,9,4,306,124,148,7.66,36.8,34.0,26.65
CH Morris,2021,Rajasthan Royals,11,246,41.0,396,17,16,0,83,1,2,5,2,10,122,112,162,9.66,31.68,23.29,14.47
M Prasidh Krishna,2021,Kolkata Knight Riders,16,337,56.2,522,16,16,9,134,0,2,3,2,6,186,156,180,9.29,37.02,32.63,21.06
L Ngidi,2021,Chennai Super Kings,7,168,28.0,298,15,9,2,57,0,3,3,2,9,74,72,152,10.64,31.84,19.87,11.2
MP Stoinis,2021,Delhi Capitals,21,245,40.8,411,15,7,1,59,0,1,3,4,8,68,208,135,10.07,23.32,27.4,16.33
CJ Jordan,2021,Punjab Kings,13,261,43.5,412,15,14,1,81,0,1,3,1,9,71,125,216,9.47,29.35,27.47,17.4
KK Ahmed,2021,Sunrisers Hyderabad,14,316,52.7,470,15,9,1,112,0,2,3,6,7,219,103,148,8.92,34.36,31.33,21.07
Kartik Tyagi,2021,Rajasthan Royals,14,313,52.2,497,14,19,2,114,0,0,2,4,7,187,142,168,9.53,34.13,35.5,22.36
C Sakariya,2021,Rajasthan Royals,14,312,52.0,434,14,18,4,108,0,2,3,3,6,162,122,150,8.35,32.34,31.0,22.29
NM Coulter-Nile,2021,Mumbai Indians,12,276,46.0,337,13,9,1,118,0,2,4,3,7,92,106,139,7.33,41.26,25.92,21.23
JR Hazlewood,2021,Chennai Super Kings,12,270,45.0,374,12,6,0,110,0,1,3,5,4,223,63,88,8.31,39.86,31.17,22.5
CH Morris,2021,Royal Challengers Bengaluru,9,190,31.7,212,12,14,0,89,0,2,4,2,9,96,34,82,6.69,43.63,17.67,15.83
Washington Sundar,2021,Royal Challengers Bengaluru,21,396,66.0,419,12,3,1,143,0,1,3,5,2,153,241,25,6.35,35.75,34.92,33.0
JL Pattinson,2021,Mumbai Indians,10,213,35.5,321,11,9,0,77,0,0,2,4,4,149,112,60,9.04,34.68,29.18,19.36
B Kumar,2021,Sunrisers Hyderabad,15,337,56.2,437,11,9,1,140,0,0,2,6,5,181,43,213,7.78,40.35,39.73,30.64
KH Pandya,2021,Mumbai Indians,28,500,83.3,654,11,23,2,161,0,0,2,5,2,142,447,65,7.85,30.67,59.45,45.45
M Ashwin,2021,Punjab Kings,12,255,42.5,340,11,6,1,84,0,1,3,0,3,29,247,64,8.0,32.06,30.91,23.18
KA Pollard,2021,Mumbai Indians,20,205,34.2,285,10,17,1,59,0,0,2,0,2,0,235,50,8.34,26.46,28.5,20.5
S Kaul,2021,Sunrisers Hyderabad,9,204,34.0,317,10,1,2,73,0,0,2,2,8,105,93,119,9.32,35.27,31.7,20.4
S Gopal,2021,Rajasthan Royals,17,342,57.0,513,10,5,0,95,0,0,2,2,0,93,413,7,9.0,27.38,51.3,34.2
KA Jamieson,2021,Royal Challengers Bengaluru,9,168,28.0,271,9,8,3,69,0,1,3,4,2,152,37,82,9.68,38.55,30.11,18.67
Shahbaz Ahmed,2021,Royal Challengers Bengaluru,8,120,20.0,137,9,1,0,29,0,1,3,0,4,23,94,20,6.85,23.97,15.22,13.33
JD Unadkat,2021,Rajasthan Royals,13,270,45.0,397,9,8,0,86,0,1,3,4,4,180,125,92,8.82,30.94,44.11,30.0
A Mishra,2021,Delhi Capitals,7,144,24.0,181,9,0,1,42,0,1,4,0,1,10,155,16,7.54,28.97,20.11,16.0
I Udana,2021,Royal Challengers Bengaluru,10,174,29.0,286,8,8,0,45,0,0,2,2,3,104,87,95,9.86,24.73,35.75,21.75
V Shankar,2021,Sunrisers Hyderabad,10,145,24.2,182,8,8,3,53,0,0,2,0,2,14,132,36,7.53,33.97,22.75,18.13
PP Chawla,2021,Chennai Super Kings,7,126,21.0,191,7,1,1,37,0,0,2,1,0,3,158,30,9.1,28.91,27.29,18.0
S Nadeem,2021,Sunrisers Hyderabad,8,156,26.0,215,7,2,3,39,0,0,2,1,0,47,168,0,8.27,24.22,30.71,22.29
Navdeep Saini,2021,Royal Challengers Bengaluru,15,298,49.7,438,7,12,3,117,0,0,2,3,2,165,149,124,8.82,37.38,62.57,42.57
MM Ali,2021,Chennai Super Kings,10,152,25.3,163,7,1,1,48,0,1,3,0,0,0,152,11,6.43,31.17,23.29,21.71
Abhishek Sharma,2021,Sunrisers Hyderabad,12,120,20.0,158,6,4,0,33,0,0,2,0,0,22,125,11,7.9,26.61,26.33,20.0
SS Cottrell,2021,Punjab Kings,6,120,20.0,177,6,11,0,58,0,0,2,4,2,108,21,48,8.85,44.27,29.5,20.0
S Dube,2021,Royal Challengers Bengaluru,5,54,9.0,75,5,1,0,13,0,1,3,0,4,0,27,48,8.33,23.64,15.0,10.8
KV Sharma,2021,Chennai Super Kings,5,114,19.0,165,5,4,0,27,0,0,2,0,1,0,119,46,8.68,22.88,33.0,22.8
Shakib Al Hasan,2021,Kolkata Knight Riders,8,156,26.0,188,5,1,0,49,0,0,2,2,0,81,107,0,7.23,31.21,37.6,31.2
Harpreet Brar,2021,Punjab Kings,8,162,27.0,183,5,4,0,60,0,1,3,0,0,15,168,0,6.78,36.14,36.6,32.4
TG Southee,2021,Kolkata Knight Riders,3,72,12.0,95,5,2,0,23,0,1,3,1,4,45,12,38,7.92,31.08,19.0,14.4
CR Woakes,2021,Delhi Capitals,3,66,11.0,85,5,0,1,30,0,0,2,3,2,38,0,47,7.73,44.78,17.0,13.2
KL Nagarkoti,2021,Kolkata Knight Riders,10,168,28.0,258,5,4,0,46,0,0,2,0,1,29,171,58,9.21,26.74,51.6,33.6
JDS Neesham,2021,Mumbai Indians,3,54,9.0,68,5,0,0,19,0,1,3,0,0,0,68,0,7.56,35.19,13.6,10.8
Lalit Yadav,2021,Delhi Capitals,5,84,14.0,101,4,0,0,21,0,0,2,1,0,10,91,0,7.21,25.0,25.25,21.0
MC Henriques,2021,Punjab Kings,5,60,10.0,47,4,1,0,29,0,1,3,1,0,24,17,6,4.7,47.54,11.75,15.0
Imran Tahir,2021,Chennai Super Kings,4,90,15.0,94,4,2,0,32,0,1,3,0,0,5,77,12,6.27,34.78,23.5,22.5
DT Christian,2021,Royal Challengers Bengaluru,9,100,16.7,156,4,4,0,28,0,0,2,0,0,15,121,20,9.36,26.92,39.0,25.0
AF Milne,2021,Mumbai Indians,4,84,14.0,135,4,2,1,28,0,1,3,3,1,71,30,34,9.64,32.18,33.75,21.0
RP Meredith,2021,Punjab Kings,5,102,17.0,171,4,5,1,36,0,0,1,1,1,60,62,49,10.06,33.33,42.75,25.5
J Yadav,2021,Mumbai Indians,7,144,24.0,174,4,4,0,56,0,0,2,3,0,64,103,7,7.25,37.84,43.5,36.0
TK Curran,2021,Delhi Capitals,3,68,11.3,104,4,4,0,19,0,1,3,0,1,3,37,64,9.18,26.39,26.0,17.0
VR Iyer,2021,Kolkata Knight Riders,4,51,8.5,71,3,2,1,12,0,0,2,0,2,0,40,31,8.35,22.22,23.67,17.0
JA Richardson,2021,Punjab Kings,3,66,11.0,122,3,3,0,22,0,0,2,0,1,41,54,27,11.09,31.88,40.67,22.0
HV Patel,2021,Delhi Capitals,5,90,15.0,135,3,7,1,22,0,0,2,0,1,31,79,25,9.0,22.45,45.0,30.0
M Jansen,2021,Mumbai Indians,2,36,6.0,47,3,3,1,12,0,1,3,0,1,31,9,7,7.83,30.0,15.67,12.0
TU Deshpande,2021,Delhi Capitals,5,102,17.0,193,3,7,1,28,0,0,2,1,1,62,86,45,11.35,25.45,64.33,34.0
GJ Maxwell,2021,Punjab Kings,7,126,21.0,171,3,0,0,35,0,0,1,1,0,44,106,21,8.14,27.78,57.0,42.0
GJ Maxwell,2021,Royal Challengers Bengaluru,6,96,16.0,135,3,3,0,25,0,0,2,0,0,42,85,8,8.44,25.25,45.0,32.0
GHS Garton,2021,Royal Challengers Bengaluru,5,90,15.0,136,3,5,2,31,0,0,1,1,1,108,11,17,9.07,31.96,45.33,30.0
TK Curran,2021,Rajasthan Royals,5,109,18.2,210,3,6,1,23,0,0,1,0,2,41,42,127,11.56,19.83,70.0,36.33
R Parag,2021,Rajasthan Royals,8,49,8.2,100,2,3,0,10,0,0,1,0,0,0,96,4,12.24,19.23,50.0,24.5
MJ Santner,2021,Chennai Super Kings,2,42,7.0,53,2,0,0,12,0,0,1,0,0,22,31,0,7.57,28.57,26.5,21.0
Abdul Samad,2021,Sunrisers Hyderabad,4,48,8.0,105,2,1,0,10,0,0,1,0,0,0,85,20,13.13,20.41,52.5,24.0
JDS Neesham,2021,Punjab Kings,5,90,15.0,149,2,3,0,25,0,0,1,1,0,37,72,40,9.93,26.88,74.5,45.0
BA Stokes,2021,Rajasthan Royals,7,96,16.0,171,2,4,2,21,0,0,2,0,1,52,49,70,10.69,20.59,85.5,48.0
DJ Hooda,2021,Punjab Kings,8,102,17.0,146,2,0,0,32,0,0,1,1,0,18,79,49,8.59,31.37,73.0,51.0
Mujeeb Ur Rahman,2021,Sunrisers Hyderabad,1,24,4.0,30,2,2,0,9,0,0,2,0,1,13,9,8,7.5,34.62,15.0,12.0
A Zampa,2021,Royal Challengers Bengaluru,3,66,11.0,92,2,1,0,20,0,0,1,0,0,0,65,27,8.36,29.85,46.0,33.0
AS Rajpoot,2021,Rajasthan Royals,6,103,17.2,206,2,11,1,31,0,0,1,0,1,126,12,68,12.0,26.96,103.0,51.5
AJ Tye,2021,Rajasthan Royals,1,25,4.2,54,2,2,0,5,0,0,2,1,1,8,11,35,12.96,18.52,27.0,12.5
Umran Malik,2021,Sunrisers Hyderabad,3,72,12.0,96,2,3,0,31,0,0,1,0,0,25,47,24,8.0,41.33,48.0,36.0
Mohammad Nabi,2021,Sunrisers Hyderabad,4,72,12.0,110,2,2,0,17,0,0,2,0,2,28,79,3,9.17,22.97,55.0,36.0
PP Chawla,2021,Mumbai Indians,1,24,4.0,38,1,0,0,3,0,0,1,0,0,16,22,0,9.5,12.5,38.0,24.0
MM Sharma,2021,Delhi Capitals,1,24,4.0,45,1,0,1,7,0,0,1,1,0,14,14,17,11.25,28.0,45.0,24.0
K Gowtham,2021,Punjab Kings,2,48,8.0,84,1,0,0,11,0,0,1,0,0,12,47,25,10.5,22.92,84.0,48.0
NT Ellis,2021,Punjab Kings,3,66,11.0,91,1,2,0,23,0,0,1,0,1,18,30,43,8.27,33.82,91.0,66.0
DR Sams,2021,Royal Challengers Bengaluru,2,36,6.0,39,1,2,0,15,0,0,1,0,0,23,10,6,6.5,39.47,39.0,36.0
Basil Thampi,2021,Sunrisers Hyderabad,1,24,4.0,46,1,0,0,5,0,0,1,0,1,20,0,26,11.5,20.83,46.0,24.0
DW Steyn,2021,Royal Challengers Bengaluru,3,70,11.7,134,1,5,0,23,0,0,1,0,1,50,26,58,11.49,30.67,134.0,70.0
MK Lomror,2021,Rajasthan Royals,4,42,7.0,47,1,1,0,13,0,0,1,1,0,11,36,0,6.71,30.23,47.0,42.0
Kuldeep Yadav,2021,Kolkata Knight Riders,4,72,12.0,95,1,2,1,16,0,0,1,0,1,0,74,21,7.92,21.33,95.0,72.0
KW Richardson,2021,Royal Challengers Bengaluru,1,18,3.0,29,1,1,0,5,0,0,1,0,1,10,11,8,9.67,26.32,29.0,18.0
GD Phillips,2021,Rajasthan Royals,2,12,2.0,20,1,1,0,4,0,0,1,0,0,0,20,0,10.0,30.77,20.0,12.0
LI Meriwala,2021,Delhi Capitals,1,18,3.0,32,1,0,1,6,0,0,1,0,0,28,4,0,10.67,31.58,32.0,18.0
FA Allen,2021,Punjab Kings,3,66,11.0,90,1,1,0,20,0,0,1,0,0,21,69,0,8.18,29.85,90.0,66.0
IC Porel,2021,Punjab Kings,1,24,4.0,42,1,2,0,7,0,0,1,0,0,26,16,0,10.5,26.92,42.0,24.0
J Suchith,2021,Sunrisers Hyderabad,2,42,7.0,66,1,0,0,11,0,0,1,0,0,3,63,0,9.43,26.19,66.0,42.0
I Sharma,2021,Delhi Capitals,4,90,15.0,124,1,2,0,29,0,0,1,1,0,61,38,25,8.27,31.52,124.0,90.0
MM Ali,2021,Royal Challengers Bengaluru,3,30,5.0,42,1,2,0,8,0,0,1,0,0,0,42,0,8.4,25.0,42.0,30.0
UT Yadav,2021,Royal Challengers Bengaluru,2,43,7.2,86,1,3,0,13,0,0,1,1,0,39,47,0,12.0,28.26,86.0,43.0
KM Asif,2021,Chennai Super Kings,1,13,2.2,18,1,0,1,2,0,0,1,0,0,0,16,2,8.31,14.29,18.0,13.0
AK Markram,2021,Punjab Kings,2,24,4.0,23,0,1,0,9,0,0,0,0,0,18,5,0,5.75,36.0,,
MR Marsh,2021,Sunrisers Hyderabad,1,4,0.7,6,0,0,0,1,0,0,0,0,0,6,0,0,9.0,25.0,,
CH Gayle,2021,Punjab Kings,1,5,0.8,5,0,0,0,0,0,0,0,0,0,0,0,5,6.0,0.0,,
DS Kulkarni,2021,Mumbai Indians,2,42,7.0,70,0,4,0,13,0,0,0,0,0,30,9,31,10.0,28.26,,
AU Rashid,2021,Punjab Kings,1,18,3.0,35,0,0,0,6,0,0,0,0,0,0,35,0,11.67,33.33,,
S Sandeep Warrier,2021,Kolkata Knight Riders,2,30,5.0,49,0,3,0,14,0,0,0,0,0,39,10,0,9.8,42.42,,
P Dubey,2021,Delhi Capitals,3,48,8.0,72,0,0,0,12,0,0,0,0,0,0,61,11,9.0,25.0,,
N Rana,2021,Kolkata Knight Riders,4,24,4.0,35,0,1,0,5,0,0,0,0,0,5,30,0,8.75,20.0,,
DA Warner,2021,Sunrisers Hyderabad,1,1,0.2,2,0,1,0,0,0,0,0,0,0,0,2,0,12.0,0.0,,
CJ Green,2021,Kolkata Knight Riders,1,17,2.8,24,0,0,0,6,0,0,0,0,0,16,0,8,8.47,35.29,,
S Dube,2021,Rajasthan Royals,4,30,5.0,53,0,1,0,6,0,0,0,0,0,0,53,0,10.6,19.35,,
RG Sharma,2021,Mumbai Indians,2,7,1.2,13,0,0,0,0,0,0,0,0,0,0,9,4,11.14,0.0,,
KS Williamson,2021,Sunrisers Hyderabad,1,12,2.0,24,0,0,0,0,0,0,0,0,0,0,24,0,12.0,0.0,,
T Shamsi,2021,Rajasthan Royals,1,24,4.0,34,0,0,0,2,0,0,0,0,0,0,34,0,8.5,8.33,,
Harbhajan Singh,2021,Kolkata Knight Riders,3,42,7.0,63,0,2,1,19,0,0,0,0,0,34,11,18,9.0,42.22,,
PWH de Silva,2021,Royal Challengers Bengaluru,2,36,6.0,60,0,0,0,11,0,0,0,0,0,19,30,11,10.0,30.56,,
Akash Singh,2021,Rajasthan Royals,1,24,4.0,39,0,0,0,7,0,0,0,0,0,18,4,17,9.75,29.17,,
K Yadav,2021,Rajasthan Royals,1,12,2.0,17,0,0,0,4,0,0,0,0,0,13,4,0,8.5,33.33,,
M Markande,2021,Rajasthan Royals,1,18,3.0,26,0,0,0,4,0,0,0,0,0,0,26,0,8.67,22.22,,
Monu Kumar,2021,Chennai Super Kings,1,12,2.0,20,0,3,1,4,0,0,0,0,0,7,0,13,10.0,25.0,,
Mujeeb Ur Rahman,2021,Punjab Kings,2,48,8.0,83,0,1,0,12,0,0,0,0,0,12,71,0,10.38,24.49,,
DR Sams,2021,Delhi Capitals,3,72,12.0,114,0,4,1,22,0,0,0,0,0,38,32,44,9.5,28.57,,
VR Aaron,2021,Rajasthan Royals,3,48,8.0,96,0,4,2,19,0,0,0,0,0,82,0,14,12.0,35.19,,
RV Patel,2021,Delhi Capitals,1,18,3.0,22,0,2,0,5,0,0,0,0,0,0,11,11,7.33,25.0,,
Jalaj S Saxena,2021,Punjab Kings,1,18,3.0,27,0,0,0,5,0,0,0,0,0,10,17,0,9.0,27.78,,
YS Chahal,2022,Rajasthan Royals,17,408,68.0,536,29,21,0,128,1,5,5,0,14,10,369,157,7.88,29.84,18.48,14.07
PWH de Silva,2022,Royal Challengers Bengaluru,16,342,57.0,439,27,4,0,137,1,2,5,0,7,37,299,103,7.7,39.6,16.26,12.67
K Rabada,2022,Punjab Kings,13,288,48.0,414,23,12,3,128,0,3,4,10,10,228,65,121,8.63,42.24,18.0,12.52
Umran Malik,2022,Sunrisers Hyderabad,14,296,49.3,455,23,14,3,131,2,4,5,0,6,42,365,48,9.22,41.85,19.78,12.87
Kuldeep Yadav,2022,Delhi Capitals,14,298,49.7,420,21,8,0,96,0,3,4,0,6,0,375,45,8.46,31.37,20.0,14.19
JR Hazlewood,2022,Royal Challengers Bengaluru,12,279,46.5,380,21,10,0,120,0,4,4,7,11,172,23,185,8.17,41.52,18.1,13.29
HV Patel,2022,Royal Challengers Bengaluru,15,321,53.5,421,21,17,0,123,1,2,5,0,11,9,192,220,7.87,36.39,20.05,15.29
AD Russell,2022,Kolkata Knight Riders,13,169,28.2,282,21,6,1,57,0,3,4,3,11,29,112,141,10.01,32.39,13.43,8.05
Mohammed Shami,2022,Gujarat Titans,16,366,61.0,491,21,12,0,169,0,2,3,11,9,267,72,152,8.05,44.71,23.38,17.43
M Prasidh Krishna,2022,Rajasthan Royals,17,399,66.5,564,21,30,3,193,0,2,3,11,8,249,77,238,8.48,44.68,26.86,19.0
Rashid Khan,2022,Gujarat Titans,16,383,63.8,428,20,3,0,123,1,2,5,0,8,58,299,71,6.7,31.87,21.4,19.15
T Natarajan,2022,Sunrisers Hyderabad,11,258,43.0,410,20,14,0,78,0,3,3,6,12,104,96,210,9.53,28.68,20.5,12.9
Avesh Khan,2022,Lucknow Super Giants,13,286,47.7,423,19,13,1,122,0,3,4,7,6,155,76,192,8.87,40.67,22.26,15.05
TA Boult,2022,Rajasthan Royals,16,372,62.0,501,18,15,0,170,0,0,2,11,3,306,64,131,8.08,43.93,27.83,20.67
DJ Bravo,2022,Chennai Super Kings,10,206,34.3,303,17,20,3,66,0,3,3,0,12,19,127,157,8.83,28.82,17.82,12.12
SN Thakur,2022,Delhi Capitals,14,290,48.3,485,16,24,1,101,0,2,4,4,8,177,99,209,10.03,32.06,30.31,18.13
TG Southee,2022,Kolkata Knight Riders,9,210,35.0,284,16,9,1,84,0,3,3,5,8,99,65,120,8.11,38.18,17.75,13.13
JO Holder,2022,Lucknow Super Giants,12,249,41.5,399,16,17,0,72,0,3,4,1,8,117,118,164,9.61,27.07,24.94,15.56
LH Ferguson,2022,Gujarat Titans,13,286,47.7,433,16,11,1,110,0,2,4,6,6,76,185,172,9.08,36.91,27.06,17.88
Mukesh Choudhary,2022,Chennai Super Kings,13,273,45.5,425,16,18,0,118,0,3,4,11,2,274,62,89,9.34,40.55,26.56,17.06
JJ Bumrah,2022,Mumbai Indians,14,320,53.3,392,16,6,1,133,1,3,5,5,8,145,98,149,7.35,40.67,24.5,20.0
UT Yadav,2022,Kolkata Knight Riders,12,288,48.0,354,16,4,5,135,0,2,4,8,1,213,105,36,7.38,45.45,22.13,18.0
KK Ahmed,2022,Delhi Capitals,10,235,39.2,315,16,6,1,110,0,2,3,4,6,110,79,126,8.04,45.45,19.69,14.69
Mohsin Khan,2022,Lucknow Super Giants,9,198,33.0,202,14,8,0,105,0,3,4,6,5,89,44,69,6.12,50.97,14.43,14.14
RD Chahar,2022,Punjab Kings,13,280,46.7,365,14,10,0,97,0,1,3,0,6,0,303,62,7.82,33.45,26.07,20.0
Ravi Bishnoi,2022,Lucknow Super Giants,14,324,54.0,462,14,13,3,110,0,1,3,0,5,30,326,106,8.56,32.35,33.0,23.14
DR Sams,2022,Mumbai Indians,11,252,42.0,375,14,21,1,105,0,2,4,8,2,153,121,101,8.93,38.32,26.79,18.0
R Ashwin,2022,Rajasthan Royals,17,402,67.0,506,13,16,1,119,0,1,3,3,2,102,343,61,7.55,28.4,38.92,30.92
Yash Dayal,2022,Gujarat Titans,9,192,32.0,296,13,10,3,76,0,2,3,5,5,140,76,80,9.25,37.07,22.77,14.77
B Kumar,2022,Sunrisers Hyderabad,14,313,52.2,394,13,15,2,129,0,1,3,3,10,181,21,192,7.55,39.09,30.31,24.08
M Theekshana,2022,Chennai Super Kings,9,210,35.0,267,12,2,0,65,0,2,4,6,4,123,102,42,7.63,30.66,22.25,17.5
Arshdeep Singh,2022,Punjab Kings,14,300,50.0,402,12,13,4,102,0,1,3,3,4,148,74,180,8.04,32.18,33.5,25.0
OC McCoy,2022,Rajasthan Royals,7,156,26.0,242,11,16,1,47,0,1,3,0,8,14,144,84,9.31,27.17,22.0,14.18
KH Pandya,2022,Lucknow Super Giants,12,228,38.0,269,11,4,0,68,0,1,4,1,3,83,169,17,7.08,29.31,24.45,20.73
PVD Chameera,2022,Lucknow Super Giants,12,264,44.0,393,11,12,2,117,0,1,3,7,4,202,80,111,8.93,42.09,35.73,24.0
SP Narine,2022,Kolkata Knight Riders,14,336,56.0,319,10,6,0,138,0,0,2,0,2,54,218,47,5.7,40.35,31.9,33.6
RP Meredith,2022,Mumbai Indians,8,168,28.0,241,10,13,0,71,0,1,3,1,8,55,90,96,8.61,39.23,24.1,16.8
Mohammed Siraj,2022,Royal Challengers Bengaluru,15,306,51.0,525,9,16,3,122,0,0,2,5,1,319,55,151,10.29,37.54,58.33,34.0
M Ashwin,2022,Mumbai Indians,8,174,29.0,233,9,5,0,65,0,0,2,2,0,69,161,3,8.03,36.31,25.89,19.33
A Nortje,2022,Delhi Capitals,6,134,22.3,219,9,5,4,47,0,1,3,3,5,94,55,70,9.81,32.87,24.33,14.89
Mustafizur Rahman,2022,Delhi Capitals,8,192,32.0,248,9,7,0,72,0,2,3,2,7,87,12,149,7.75,36.18,27.56,21.33
GJ Maxwell,2022,Royal Challengers Bengaluru,10,144,24.0,166,8,2,0,62,0,0,2,4,0,62,97,7,6.92,42.47,20.75,18.0
HH Pandya,2022,Gujarat Titans,10,183,30.5,226,8,5,1,72,0,1,3,2,2,63,117,46,7.41,38.1,28.25,22.88
MM Ali,2022,Chennai Super Kings,10,143,23.8,159,8,3,0,55,0,1,3,0,0,7,148,4,6.67,37.67,19.88,17.88
AS Joseph,2022,Gujarat Titans,9,180,30.0,269,8,4,1,67,0,0,2,1,5,95,95,79,8.97,36.22,33.63,22.5
KR Sen,2022,Rajasthan Royals,7,151,25.2,240,8,6,0,56,0,1,4,2,3,34,114,92,9.54,35.67,30.0,18.88
PJ Cummins,2022,Kolkata Knight Riders,5,119,19.8,219,8,8,0,33,0,1,4,1,3,74,46,99,11.04,25.98,27.38,14.88
M Jansen,2022,Sunrisers Hyderabad,8,192,32.0,278,7,9,0,79,0,1,3,5,1,158,79,41,8.69,39.3,39.71,27.43
OF Smith,2022,Punjab Kings,6,90,15.0,179,7,4,1,35,0,1,4,1,4,21,112,46,11.93,36.84,25.57,12.86
D Pretorius,2022,Chennai Super Kings,6,126,21.0,213,7,12,0,34,0,0,2,0,3,0,84,129,10.14,24.64,30.43,18.0
JD Unadkat,2022,Mumbai Indians,5,120,20.0,191,7,3,0,35,0,0,2,0,4,46,54,91,9.55,28.46,27.29,17.14
J Suchith,2022,Sunrisers Hyderabad,5,108,18.0,141,7,7,0,48,0,0,2,1,1,27,97,17,7.83,41.74,20.14,15.43
LS Livingstone,2022,Punjab Kings,12,138,23.0,202,6,6,0,38,0,1,3,1,0,10,171,21,8.78,26.39,33.67,23.0
R Sai Kishore,2022,Gujarat Titans,5,96,16.0,122,6,2,0,26,0,0,2,0,2,0,102,20,7.63,26.53,20.33,16.0
CV Varun,2022,Kolkata Knight Riders,11,235,39.2,338,6,8,2,86,0,0,1,0,1,43,236,59,8.63,35.1,56.33,39.17
Akash Deep,2022,Royal Challengers Bengaluru,5,113,18.8,206,6,4,2,39,0,1,3,2,1,45,104,57,10.94,32.77,34.33,18.83
RA Jadeja,2022,Chennai Super Kings,10,198,33.0,252,6,5,0,64,0,1,3,0,2,0,237,15,7.64,31.53,42.0,33.0
TS Mills,2022,Mumbai Indians,5,102,17.0,192,6,5,0,28,0,1,3,3,2,48,95,49,11.29,26.17,32.0,17.0
AR Patel,2022,Delhi Capitals,13,258,43.0,323,6,3,0,85,0,0,2,2,0,58,234,31,7.51,32.57,53.83,43.0
R Dhawan,2022,Punjab Kings,6,114,19.0,164,6,5,0,31,0,0,2,2,1,31,118,15,8.63,26.05,27.33,19.0
Ramandeep Singh,2022,Mumbai Indians,3,36,6.0,55,6,5,0,12,0,1,3,0,4,0,23,32,9.17,29.27,9.17,6.0
Washington Sundar,2022,Sunrisers Hyderabad,8,168,28.0,239,6,1,1,47,0,0,2,3,0,62,125,52,8.54,27.65,39.83,28.0
K Kartikeya,2022,Mumbai Indians,4,78,13.0,103,5,0,0,29,0,0,2,1,0,16,87,0,7.92,37.18,20.6,15.6
Basil Thampi,2022,Mumbai Indians,5,96,16.0,158,5,6,0,38,0,1,3,0,2,59,58,41,9.88,37.25,31.6,19.2
Shivam Mavi,2022,Kolkata Knight Riders,6,132,22.0,229,5,8,2,47,0,0,1,1,4,73,49,107,10.41,33.1,45.8,26.4
K Gowtham,2022,Lucknow Super Giants,4,72,12.0,101,5,0,0,31,0,0,2,0,0,22,63,16,8.42,43.06,20.2,14.4
NT Ellis,2022,Punjab Kings,2,36,6.0,57,4,3,1,14,0,1,4,0,3,17,13,27,9.5,35.0,14.25,9.0
Simarjeet Singh,2022,Chennai Super Kings,6,108,18.0,143,4,4,1,55,0,0,2,3,1,127,4,12,7.94,48.67,35.75,27.0
MR Marsh,2022,Delhi Capitals,4,72,12.0,102,4,4,0,25,0,0,2,0,1,1,72,29,8.5,32.89,25.5,18.0
Shahbaz Ahmed,2022,Royal Challengers Bengaluru,14,210,35.0,341,4,9,1,56,0,0,2,0,0,93,248,0,9.74,25.45,85.25,52.5
MP Stoinis,2022,Lucknow Super Giants,5,42,7.0,79,4,2,0,13,0,1,3,0,2,0,47,32,11.29,29.55,19.75,10.5
MJ Santner,2022,Chennai Super Kings,6,114,19.0,135,4,0,0,41,0,0,1,0,0,51,84,0,7.11,35.96,33.75,28.5
Harpreet Brar,2022,Punjab Kings,5,96,16.0,148,4,4,0,36,0,1,3,0,0,34,103,11,9.25,36.0,37.0,24.0
VG Arora,2022,Punjab Kings,5,107,17.8,165,4,3,0,38,0,0,2,3,1,105,31,29,9.25,34.55,41.25,26.75
R Shepherd,2022,Sunrisers Hyderabad,3,54,9.0,98,4,3,0,23,0,1,3,1,2,15,60,23,10.89,40.35,24.5,13.5
Lalit Yadav,2022,Delhi Capitals,8,108,18.0,152,4,1,1,37,0,0,2,1,1,48,82,22,8.44,33.64,38.0,27.0
KA Pollard,2022,Mumbai Indians,6,84,14.0,130,4,3,0,19,0,0,2,0,1,0,85,45,9.29,21.84,32.5,21.0
AJ Tye,2022,Lucknow Super Giants,3,66,11.0,113,3,3,0,21,0,1,3,1,2,37,29,47,10.27,30.43,37.67,22.0
PJ Sangwan,2022,Gujarat Titans,3,54,9.0,66,3,2,0,21,0,0,2,1,0,20,46,0,7.33,37.5,22.0,18.0
Navdeep Saini,2022,Rajasthan Royals,2,36,6.0,73,3,2,1,9,0,0,2,1,1,16,52,5,12.17,23.08,24.33,12.0
CJ Jordan,2022,Chennai Super Kings,4,77,12.8,136,3,1,2,22,0,1,3,1,2,23,39,74,10.6,27.5,45.33,25.67
Sandeep Sharma,2022,Punjab Kings,5,120,20.0,156,3,6,0,58,0,0,1,2,0,66,41,49,7.8,46.03,52.0,40.0
C Sakariya,2022,Delhi Capitals,3,66,11.0,87,3,5,0,18,0,0,2,2,1,30,27,30,7.91,25.35,29.0,22.0
HR Shokeen,2022,Mumbai Indians,5,90,15.0,130,2,4,0,41,0,0,2,1,1,26,80,24,8.67,43.62,65.0,45.0
PH Solanki,2022,Chennai Super Kings,2,36,6.0,39,2,0,0,11,0,0,2,0,1,0,24,15,6.5,30.56,19.5,18.0
Fazalhaq Farooqi,2022,Sunrisers Hyderabad,3,72,12.0,110,2,4,0,24,0,0,2,1,0,29,33,48,9.17,31.58,55.0,36.0
A Badoni,2022,Lucknow Super Giants,2,12,2.0,12,2,0,0,3,0,0,1,0,0,0,12,0,6.0,25.0,6.0,6.0
DG Nalkande,2022,Gujarat Titans,2,31,5.2,59,2,2,0,8,0,0,2,0,0,0,53,6,11.42,24.24,29.5,15.5
M Pathirana,2022,Chennai Super Kings,2,41,6.8,56,2,7,0,16,0,0,2,0,0,0,26,30,8.2,33.33,28.0,20.5
VR Aaron,2022,Gujarat Titans,2,30,5.0,53,2,3,0,6,0,0,2,1,1,19,25,9,10.6,18.18,26.5,15.0
FA Allen,2022,Mumbai Indians,1,24,4.0,46,1,0,0,6,0,0,1,1,0,11,35,0,11.5,25.0,46.0,24.0
AK Markram,2022,Sunrisers Hyderabad,4,36,6.0,64,1,0,0,8,0,0,1,0,0,0,64,0,10.67,22.22,64.0,36.0
DJ Hooda,2022,Lucknow Super Giants,2,24,4.0,43,1,0,0,5,0,0,1,0,0,0,21,22,10.75,20.83,43.0,24.0
D Brevis,2022,Mumbai Indians,1,3,0.5,8,1,0,0,1,0,0,1,0,1,0,0,8,16.0,33.33,8.0,3.0
V Shankar,2022,Gujarat Titans,2,9,1.5,15,1,1,0,4,0,0,1,0,0,0,14,1,10.0,40.0,15.0,9.0
DJ Willey,2022,Royal Challengers Bengaluru,4,66,11.0,75,1,0,0,24,0,0,1,1,0,61,14,0,6.82,36.36,75.0,66.0
S Gopal,2022,Sunrisers Hyderabad,1,18,3.0,34,1,0,0,7,0,0,1,0,0,0,34,0,11.33,38.89,34.0,18.0
AS Roy,2022,Kolkata Knight Riders,2,42,7.0,55,1,0,0,11,0,0,1,0,0,24,31,0,7.86,26.19,55.0,42.0
Harshit Rana,2022,Kolkata Knight Riders,2,30,5.0,52,1,0,1,11,0,0,1,1,0,23,29,0,10.4,35.48,52.0,30.0
R Parag,2022,Rajasthan Royals,4,24,4.0,59,1,2,0,3,0,0,1,0,0,0,45,14,14.75,11.54,59.0,24.0
R Tewatia,2022,Gujarat Titans,5,36,6.0,76,1,0,0,6,0,0,1,0,0,0,67,9,12.67,16.67,76.0,36.0
Kartik Tyagi,2022,Sunrisers Hyderabad,2,48,8.0,79,1,4,2,20,0,0,1,0,1,28,31,20,9.88,37.04,79.0,48.0
TU Deshpande,2022,Chennai Super Kings,2,42,7.0,67,1,1,0,17,0,0,1,0,0,44,23,0,9.57,39.53,67.0,42.0
M Markande,2022,Mumbai Indians,2,42,7.0,61,1,0,0,10,0,0,1,0,0,0,61,0,8.71,23.81,61.0,42.0
SA Abbott,2022,Sunrisers Hyderabad,1,24,4.0,47,1,3,0,7,0,0,1,1,0,17,12,18,11.75,25.93,47.0,24.0
NM Coulter-Nile,2022,Rajasthan Royals,1,18,3.0,49,0,1,1,3,0,0,0,0,0,0,24,25,16.33,15.0,,
Rasikh Salam,2022,Kolkata Knight Riders,2,24,4.0,28,0,0,0,8,0,0,0,0,0,20,8,0,7.0,33.33,,
Abdul Samad,2022,Sunrisers Hyderabad,1,6,1.0,8,0,0,0,1,0,0,0,0,0,0,8,0,8.0,16.67,,
YBK Jaiswal,2022,Rajasthan Royals,1,1,0.2,6,0,0,0,0,0,0,0,0,0,0,0,6,36.0,0.0,,
MK Lomror,2022,Royal Challengers Bengaluru,2,12,2.0,18,0,0,0,3,0,0,0,0,0,0,18,0,9.0,25.0,,
Abhishek Sharma,2022,Sunrisers Hyderabad,3,24,4.0,39,0,0,0,3,0,0,0,0,0,0,39,0,9.75,12.5,,
R Powell,2022,Delhi Capitals,1,6,1.0,17,0,1,0,0,0,0,0,0,0,0,17,0,17.0,0.0,,
R Sanjay Yadav,2022,Mumbai Indians,1,12,2.0,23,0,2,0,6,0,0,0,0,0,8,15,0,11.5,42.86,,
VR Iyer,2022,Kolkata Knight Riders,4,24,4.0,46,0,0,0,3,0,0,0,0,0,0,22,24,11.5,12.5,,
S Dube,2022,Chennai Super Kings,2,12,2.0,40,0,2,0,0,0,0,0,0,0,0,15,25,20.0,0.0,,
DJ Mitchell,2022,Rajasthan Royals,2,12,2.0,27,0,1,0,1,0,0,0,0,0,0,27,0,13.5,7.69,,
AF Milne,2022,Chennai Super Kings,1,15,2.5,19,0,0,0,9,0,0,0,0,0,12,0,7,7.6,60.0,,
Tilak Varma,2022,Mumbai Indians,2,12,2.0,13,0,0,0,5,0,0,0,0,0,7,6,0,6.5,41.67,,
KL Nagarkoti,2022,Delhi Capitals,1,12,2.0,29,0,1,0,4,0,0,0,0,0,16,13,0,14.5,30.77,,
Shashank Singh,2022,Sunrisers Hyderabad,2,12,2.0,20,0,1,0,1,0,0,0,0,0,0,20,0,10.0,7.69,,
Aman Hakim Khan,2022,Kolkata Knight Riders,1,6,1.0,13,0,0,0,1,0,0,0,0,0,0,13,0,13.0,16.67,,
N Rana,2022,Kolkata Knight Riders,2,12,2.0,23,0,0,0,1,0,0,0,0,0,0,23,0,11.5,8.33,,
SS Iyer,2022,Kolkata Knight Riders,1,6,1.0,7,0,0,0,4,0,0,0,0,0,0,0,7,7.0,66.67,,
JDS Neesham,2022,Rajasthan Royals,1,18,3.0,29,0,0,0,5,0,0,0,0,0,12,17,0,9.67,27.78,,
S Kaul,2022,Royal Challengers Bengaluru,1,24,4.0,43,0,0,0,6,0,0,0,0,0,14,8,21,10.75,25.0,,
MM Sharma,2023,Gujarat Titans,14,265,44.2,362,31,3,0,86,1,6,5,0,18,28,165,169,8.2,32.09,11.68,8.55
Rashid Khan,2023,Gujarat Titans,17,402,67.0,557,28,5,0,129,0,4,4,3,10,115,326,116,8.31,31.7,19.89,14.36
Mohammed Shami,2023,Gujarat Titans,17,391,65.2,532,28,11,1,184,0,5,4,17,9,335,46,151,8.16,45.66,19.0,13.96
TU Deshpande,2023,Chennai Super Kings,16,342,57.0,580,24,23,3,128,0,3,3,8,13,261,18,301,10.18,34.78,24.17,14.25
M Pathirana,2023,Chennai Super Kings,12,278,46.3,386,23,31,1,95,0,3,3,0,22,0,139,247,8.33,30.65,16.78,12.09
PP Chawla,2023,Mumbai Indians,16,366,61.0,499,23,5,0,120,0,1,3,2,0,83,398,18,8.18,32.35,21.7,15.91
YS Chahal,2023,Rajasthan Royals,14,317,52.8,434,22,9,0,95,0,4,4,1,12,12,310,112,8.21,29.14,19.73,14.41
Mohammed Siraj,2023,Royal Challengers Bengaluru,14,300,50.0,395,20,27,2,151,0,3,4,11,8,192,64,139,7.9,45.9,19.75,15.0
RA Jadeja,2023,Chennai Super Kings,16,342,57.0,432,20,6,0,106,0,2,3,0,0,0,399,33,7.58,30.46,21.6,17.1
CV Varun,2023,Kolkata Knight Riders,14,316,52.7,445,20,7,0,115,0,3,4,5,4,138,192,115,8.45,35.6,22.25,15.8
B Kumar,2023,Sunrisers Hyderabad,14,306,51.0,432,19,13,0,121,1,2,6,7,12,216,40,176,8.47,37.93,22.74,16.11
Arshdeep Singh,2023,Punjab Kings,14,305,50.8,497,18,19,0,110,0,2,4,6,9,228,108,161,9.78,33.95,27.61,16.94
Ravi Bishnoi,2023,Lucknow Super Giants,14,303,50.5,394,17,7,2,94,0,1,3,0,4,16,310,68,7.8,30.13,23.18,17.82
JP Behrendorff,2023,Mumbai Indians,12,252,42.0,395,17,10,0,88,0,3,4,8,8,214,71,110,9.4,33.59,23.24,14.82
Noor Ahmad,2023,Gujarat Titans,13,283,47.2,375,16,15,1,100,0,1,3,0,4,42,280,53,7.95,33.44,23.44,17.69
Akash Madhwal,2023,Mumbai Indians,8,153,25.5,222,16,2,5,50,1,3,6,3,7,36,91,95,8.71,31.25,13.88,9.56
Yash Thakur,2023,Lucknow Super Giants,9,191,31.8,297,15,14,2,63,0,3,4,2,10,56,102,139,9.33,30.43,19.8,12.73
Sandeep Sharma,2023,Rajasthan Royals,12,276,46.0,398,15,10,4,94,0,3,4,2,12,195,59,144,8.65,32.41,26.53,18.4
HV Patel,2023,Royal Challengers Bengaluru,13,283,47.2,468,15,15,4,77,0,1,3,0,11,0,231,237,9.92,25.5,31.2,18.87
R Ashwin,2023,Rajasthan Royals,13,294,49.0,370,15,15,0,88,0,0,2,1,2,111,234,25,7.55,28.48,24.67,19.6
DL Chahar,2023,Chennai Super Kings,10,204,34.0,302,13,11,0,80,0,2,3,10,0,228,17,57,8.88,37.21,23.23,15.69
T Natarajan,2023,Sunrisers Hyderabad,12,270,45.0,416,13,6,0,72,0,1,3,2,11,104,93,219,9.24,26.09,32.0,20.77
NT Ellis,2023,Punjab Kings,10,228,38.0,342,13,3,2,65,0,1,4,4,5,74,136,132,9.0,27.9,26.31,17.54
TA Boult,2023,Rajasthan Royals,10,228,38.0,316,13,7,0,103,0,1,3,10,1,180,71,65,8.32,43.83,24.31,17.54
MR Marsh,2023,Delhi Capitals,8,121,20.2,172,12,10,1,34,0,2,4,2,3,14,126,32,8.53,25.76,14.33,10.08
M Markande,2023,Sunrisers Hyderabad,10,228,38.0,300,12,2,0,76,0,1,4,0,2,0,240,60,7.89,33.04,25.0,19.0
Suyash Sharma,2023,Kolkata Knight Riders,11,234,39.0,330,11,4,1,80,0,2,3,3,1,22,240,68,8.46,33.47,30.0,21.27
Vijaykumar Vyshak,2023,Royal Challengers Bengaluru,7,144,24.0,253,11,8,1,40,0,1,3,2,4,57,121,75,10.54,26.14,23.0,13.09
Naveen-ul-Haq,2023,Lucknow Super Giants,7,169,28.2,227,11,5,1,64,0,3,4,2,6,82,21,124,8.06,36.57,20.64,15.36
AR Patel,2023,Delhi Capitals,13,282,47.0,344,11,6,0,102,0,0,2,2,0,86,241,17,7.32,35.42,31.27,25.64
MA Wood,2023,Lucknow Super Giants,4,96,16.0,142,11,5,1,42,1,2,5,2,7,40,24,78,8.88,41.18,12.91,8.73
SM Curran,2023,Punjab Kings,14,287,47.8,497,11,11,1,80,0,1,3,0,8,167,153,177,10.39,26.76,45.18,26.09
M Theekshana,2023,Chennai Super Kings,13,294,49.0,401,11,4,0,81,0,0,2,3,4,123,197,81,8.18,27.18,36.45,26.73
SP Narine,2023,Kolkata Knight Riders,14,288,48.0,389,11,8,0,84,0,1,3,2,3,69,251,69,8.1,28.38,35.36,26.18
A Nortje,2023,Delhi Capitals,10,240,40.0,370,11,8,3,90,0,1,3,5,6,126,56,188,9.25,35.86,33.64,21.82
KV Sharma,2023,Royal Challengers Bengaluru,7,129,21.5,229,11,3,0,37,0,1,3,0,2,0,207,22,10.65,28.03,20.82,11.73
KK Ahmed,2023,Delhi Capitals,9,198,33.0,309,10,12,2,81,0,0,2,2,7,133,41,135,9.36,38.21,30.9,19.8
M Jansen,2023,Sunrisers Hyderabad,8,163,27.2,273,10,11,4,67,0,0,2,7,0,171,85,17,10.05,37.64,27.3,16.3
I Sharma,2023,Delhi Capitals,8,150,25.0,210,10,6,1,65,0,0,2,6,2,137,24,49,8.4,41.4,21.0,15.0
Kuldeep Yadav,2023,Delhi Capitals,14,294,49.0,366,10,6,0,82,0,0,2,0,1,0,311,55,7.47,27.33,36.6,29.4
A Zampa,2023,Rajasthan Royals,6,132,22.0,189,9,1,0,39,0,1,3,3,3,39,113,37,8.59,29.32,21.0,14.67
PWH de Silva,2023,Royal Challengers Bengaluru,8,174,29.0,259,9,1,0,54,0,0,2,4,2,43,212,4,8.93,30.86,28.78,19.33
MM Ali,2023,Chennai Super Kings,11,156,26.0,198,9,1,0,54,0,1,4,2,1,10,185,3,7.62,34.39,22.0,17.33
J Little,2023,Gujarat Titans,10,204,34.0,296,9,7,0,73,0,1,3,2,2,88,118,90,8.71,34.6,32.89,22.67
KH Pandya,2023,Lucknow Super Giants,12,252,42.0,320,9,1,0,92,0,1,3,2,0,154,156,10,7.62,36.36,35.56,28.0
Mukesh Kumar,2023,Delhi Capitals,10,186,31.0,328,9,10,1,63,0,0,2,1,6,103,71,154,10.58,31.98,36.44,20.67
Harpreet Brar,2023,Punjab Kings,11,163,27.2,219,9,3,0,57,0,1,4,0,2,74,94,51,8.06,34.34,24.33,18.11
WD Parnell,2023,Royal Challengers Bengaluru,7,151,25.2,237,9,5,1,55,0,2,3,6,2,142,47,48,9.42,35.03,26.33,16.78
C Green,2023,Mumbai Indians,16,228,38.0,370,8,10,1,79,0,0,2,2,3,138,123,109,9.74,33.05,46.25,28.5
RD Chahar,2023,Punjab Kings,14,298,49.7,388,8,3,0,93,0,0,2,0,2,9,322,57,7.81,30.9,48.5,37.25
Avesh Khan,2023,Lucknow Super Giants,9,174,29.0,287,8,2,0,58,0,1,3,0,7,131,39,117,9.9,32.95,35.88,21.75
RP Meredith,2023,Mumbai Indians,5,118,19.7,209,7,7,1,40,0,0,2,0,5,43,67,99,10.63,31.75,29.86,16.86
AS Joseph,2023,Gujarat Titans,7,144,24.0,226,7,6,0,56,0,0,2,0,4,18,137,71,9.42,37.33,32.29,20.57
K Rabada,2023,Punjab Kings,6,139,23.2,243,7,6,2,58,0,0,2,4,1,114,48,81,10.49,39.46,34.71,19.86
SN Thakur,2023,Kolkata Knight Riders,9,126,21.0,222,7,4,2,32,0,0,2,1,3,51,82,89,10.57,24.24,31.71,18.0
AD Russell,2023,Kolkata Knight Riders,9,91,15.2,173,7,5,3,31,0,1,3,4,2,73,39,61,11.41,31.31,24.71,13.0
A Mishra,2023,Lucknow Super Giants,7,114,19.0,151,7,1,0,30,0,0,2,0,3,0,111,40,7.95,26.09,21.57,16.29
Harshit Rana,2023,Kolkata Knight Riders,6,102,17.0,153,6,5,1,44,0,0,2,5,0,117,15,21,9.0,40.74,25.5,17.0
MG Bracewell,2023,Royal Challengers Bengaluru,5,66,11.0,95,6,0,0,26,0,0,2,3,0,13,82,0,8.64,39.39,15.83,11.0
Umran Malik,2023,Sunrisers Hyderabad,8,120,20.0,219,6,4,0,41,0,0,2,0,1,28,136,55,10.95,33.06,36.5,20.0
VG Arora,2023,Kolkata Knight Riders,5,96,16.0,149,5,7,4,30,0,0,2,0,3,80,1,68,9.31,28.04,29.8,19.2
Akash Singh,2023,Chennai Super Kings,6,114,19.0,188,5,3,0,46,0,0,2,3,1,144,34,10,9.89,39.32,37.6,22.8
Arshad Khan,2023,Mumbai Indians,6,85,14.2,192,5,12,0,25,0,1,3,1,2,90,32,70,13.55,25.77,38.4,17.0
MP Stoinis,2023,Lucknow Super Giants,5,65,10.8,101,5,4,0,22,0,0,2,1,2,33,46,22,9.32,31.88,20.2,13.0
K Kartikeya,2023,Mumbai Indians,8,156,26.0,231,5,7,0,40,0,0,2,0,0,0,182,49,8.88,24.54,46.2,31.2
HH Pandya,2023,Gujarat Titans,11,150,25.0,241,4,5,1,59,0,0,1,4,0,175,66,0,9.64,37.82,60.25,37.5
Arjun Tendulkar,2023,Mumbai Indians,4,59,9.8,95,4,8,1,23,0,0,2,1,2,47,12,36,9.66,33.82,23.75,14.75
JO Holder,2023,Rajasthan Royals,8,171,28.5,290,4,5,0,40,0,0,2,0,1,45,107,138,10.18,22.73,72.5,42.75
Fazalhaq Farooqi,2023,Sunrisers Hyderabad,4,80,13.3,119,4,6,0,32,0,0,2,2,1,65,31,23,8.93,37.21,29.75,20.0
DJ Willey,2023,Royal Challengers Bengaluru,4,90,15.0,106,4,4,0,36,0,0,2,2,1,55,18,33,7.07,38.3,26.5,22.5
MJ Santner,2023,Chennai Super Kings,3,72,12.0,82,3,0,0,21,0,0,2,0,0,18,57,7,6.83,29.17,27.33,24.0
Sikandar Raza,2023,Punjab Kings,6,73,12.2,124,3,3,0,19,0,0,1,0,0,28,96,0,10.19,25.0,41.33,24.33
KM Asif,2023,Rajasthan Royals,4,85,14.2,139,3,6,0,28,0,0,2,0,0,35,59,45,9.81,30.77,46.33,28.33
C Sakariya,2023,Delhi Capitals,2,48,8.0,89,3,6,1,17,0,0,2,1,1,14,18,57,11.13,30.91,29.67,16.0
Lalit Yadav,2023,Delhi Capitals,4,78,13.0,120,3,4,0,22,0,0,1,0,0,40,56,24,9.23,26.83,40.0,26.0
Washington Sundar,2023,Sunrisers Hyderabad,7,106,17.7,146,3,0,0,35,0,1,3,0,0,56,77,13,8.26,33.02,48.67,35.33
Yudhvir Singh,2023,Lucknow Super Giants,3,48,8.0,73,3,2,0,23,0,0,2,3,0,62,11,0,9.13,46.0,24.33,16.0
Mohsin Khan,2023,Lucknow Super Giants,4,60,10.0,111,3,4,0,22,0,0,1,0,3,62,22,27,11.1,34.38,37.0,20.0
JR Hazlewood,2023,Royal Challengers Bengaluru,3,54,9.0,76,3,1,2,29,0,0,2,2,1,51,17,8,8.44,50.88,25.33,18.0
AS Roy,2023,Kolkata Knight Riders,3,48,8.0,65,3,3,0,20,0,0,2,0,1,0,59,6,8.13,39.22,21.67,16.0
K Gowtham,2023,Lucknow Super Giants,6,96,16.0,118,3,4,0,39,0,0,1,2,0,56,58,4,7.38,39.0,39.33,32.0
HR Shokeen,2023,Mumbai Indians,8,114,19.0,190,3,3,2,37,0,0,2,1,0,41,149,0,10.0,31.09,63.33,38.0
GJ Maxwell,2023,Royal Challengers Bengaluru,7,62,10.3,95,3,2,0,18,0,0,1,1,1,21,57,17,9.19,28.13,31.67,20.67
N Rana,2023,Kolkata Knight Riders,6,53,8.8,75,3,1,0,18,0,0,2,0,1,26,27,22,8.49,33.33,25.0,17.67
RS Hangargekar,2023,Chennai Super Kings,2,36,6.0,60,3,6,1,14,0,1,3,1,1,12,32,16,10.0,32.56,20.0,12.0
Navdeep Saini,2023,Rajasthan Royals,1,24,4.0,40,3,1,0,9,0,1,3,1,0,12,20,8,10.0,36.0,13.33,8.0
CJ Jordan,2023,Mumbai Indians,6,132,22.0,241,3,8,0,41,0,0,1,1,2,56,66,119,10.95,29.29,80.33,44.0
TG Southee,2023,Kolkata Knight Riders,2,36,6.0,79,2,0,0,12,0,0,2,1,0,51,13,15,13.17,33.33,39.5,18.0
AU Rashid,2023,Sunrisers Hyderabad,2,42,7.0,56,2,0,0,14,0,0,2,0,0,0,46,10,8.0,33.33,28.0,21.0
Yash Dayal,2023,Gujarat Titans,5,84,14.0,165,2,4,0,24,0,0,1,1,0,39,72,54,11.79,27.27,82.5,42.0
K Yadav,2023,Rajasthan Royals,2,42,7.0,68,2,0,0,9,0,0,1,0,2,13,27,28,9.71,21.43,34.0,21.0
Abhishek Sharma,2023,Sunrisers Hyderabad,5,72,12.0,127,2,3,0,21,0,0,1,0,1,12,84,31,10.58,28.0,63.5,36.0
K Khejroliya,2023,Kolkata Knight Riders,2,26,4.3,64,2,0,2,7,0,0,2,0,2,27,0,37,14.77,25.0,32.0,13.0
JC Archer,2023,Mumbai Indians,5,120,20.0,202,2,7,2,43,0,0,1,0,1,81,51,70,10.1,33.33,101.0,60.0
LS Livingstone,2023,Punjab Kings,5,42,7.0,94,2,0,0,5,0,0,1,0,0,0,94,0,13.43,11.9,47.0,21.0
JD Unadkat,2023,Lucknow Super Giants,3,48,8.0,92,1,4,0,15,0,0,1,0,1,34,14,44,11.5,28.85,92.0,48.0
UT Yadav,2023,Kolkata Knight Riders,8,114,19.0,190,1,2,0,41,0,0,1,0,0,124,53,13,10.0,35.34,190.0,114.0
Mayank Dagar,2023,Sunrisers Hyderabad,3,66,11.0,83,1,0,0,22,0,0,1,0,0,9,62,12,7.55,33.33,83.0,66.0
RJW Topley,2023,Royal Challengers Bengaluru,1,12,2.0,14,1,0,0,7,0,0,1,1,0,14,0,0,7.0,58.33,14.0,12.0
Kartik Tyagi,2023,Sunrisers Hyderabad,3,37,6.2,92,1,3,4,10,0,0,1,1,0,49,28,15,14.92,22.73,92.0,37.0
T Stubbs,2023,Mumbai Indians,1,12,2.0,14,1,0,0,3,0,0,1,0,0,0,9,5,7.0,25.0,14.0,12.0
Shahbaz Ahmed,2023,Royal Challengers Bengaluru,5,42,7.0,95,1,0,0,9,0,0,1,0,0,41,35,19,13.57,21.43,95.0,42.0
D Jansen,2023,Mumbai Indians,1,24,4.0,53,1,4,0,6,0,0,1,0,1,16,13,24,13.25,21.43,53.0,24.0
P Dubey,2023,Delhi Capitals,1,18,3.0,19,1,1,0,8,0,0,1,0,0,0,19,0,6.33,42.11,19.0,18.0
Mustafizur Rahman,2023,Delhi Capitals,2,42,7.0,79,1,0,0,13,0,0,1,0,1,23,21,35,11.29,30.95,79.0,42.0
GD Phillips,2023,Sunrisers Hyderabad,2,18,3.0,20,1,0,0,6,0,0,1,1,0,4,16,0,6.67,33.33,20.0,18.0
R Dhawan,2023,Punjab Kings,4,42,7.0,64,1,0,0,19,0,0,1,1,0,49,15,0,9.14,45.24,64.0,42.0
AK Markram,2023,Sunrisers Hyderabad,6,49,8.2,71,1,0,0,11,0,0,1,0,0,17,53,1,8.69,22.45,71.0,49.0
Akash Deep,2023,Royal Challengers Bengaluru,2,30,5.0,63,1,1,2,10,0,0,1,1,0,25,26,12,12.6,30.3,63.0,30.0
SSB Magala,2023,Chennai Super Kings,2,36,6.0,52,1,1,0,5,0,0,1,0,1,28,14,10,8.67,13.51,52.0,36.0
R Powell,2023,Delhi Capitals,1,12,2.0,18,1,1,1,4,0,0,1,0,0,0,4,14,9.0,28.57,18.0,12.0
DG Nalkande,2023,Gujarat Titans,1,24,4.0,45,1,0,1,8,0,0,1,0,0,22,23,0,11.25,32.0,45.0,24.0
MK Lomror,2023,Royal Challengers Bengaluru,2,12,2.0,17,1,0,0,3,0,0,1,0,0,0,17,0,8.5,25.0,17.0,12.0
LH Ferguson,2023,Kolkata Knight Riders,3,46,7.7,98,1,2,2,14,0,0,1,0,1,21,39,38,12.78,28.0,98.0,46.0
AJ Hosein,2023,Sunrisers Hyderabad,1,24,4.0,41,1,0,0,5,0,0,1,0,0,31,10,0,10.25,20.83,41.0,24.0
Gurnoor Brar,2023,Punjab Kings,1,18,3.0,42,0,1,2,7,0,0,0,0,0,18,24,0,14.0,33.33,,
A Badoni,2023,Lucknow Super Giants,1,1,0.2,0,0,0,0,1,0,0,0,0,0,0,0,0,0.0,100.0,,
KR Sen,2023,Rajasthan Royals,2,18,3.0,29,0,0,1,5,0,0,0,0,0,3,26,0,9.67,26.32,,
Vivrant Sharma,2023,Sunrisers Hyderabad,2,18,3.0,37,0,2,1,5,0,0,0,0,0,0,37,0,12.33,23.81,,
DJ Hooda,2023,Lucknow Super Giants,1,6,1.0,8,0,0,0,1,0,0,0,0,0,0,8,0,8.0,16.67,,
Nithish Kumar Reddy,2023,Sunrisers Hyderabad,2,30,5.0,54,0,0,1,10,0,0,0,0,0,19,35,0,10.8,32.26,,
M Ashwin,2023,Rajasthan Royals,2,24,4.0,53,0,0,1,3,0,0,0,0,0,0,42,11,13.25,12.0,,
H Sharma,2023,Royal Challengers Bengaluru,1,18,3.0,33,0,0,0,2,0,0,0,0,0,0,33,0,11.0,11.11,,
OC McCoy,2023,Rajasthan Royals,1,6,1.0,13,0,1,0,2,0,0,0,0,0,0,0,13,13.0,28.57,,
Mohit Rathee,2023,Punjab Kings,1,12,2.0,29,0,0,0,3,0,0,0,0,0,0,29,0,14.5,25.0,,
KR Mayers,2023,Lucknow Super Giants,6,42,7.0,59,0,2,2,14,0,0,0,0,0,43,16,0,8.43,30.43,,
Swapnil Singh,2023,Lucknow Super Giants,2,12,2.0,18,0,0,0,2,0,0,0,0,0,0,18,0,9.0,16.67,,
MW Short,2023,Punjab Kings,3,24,4.0,25,0,1,0,11,0,0,0,0,0,14,11,0,6.25,44.0,,
NA Saini,2023,Rajasthan Royals,1,12,2.0,35,0,0,3,2,0,0,0,0,0,0,12,23,17.5,13.33,,
R Tewatia,2023,Gujarat Titans,2,13,2.2,15,0,1,0,7,0,0,0,0,0,0,8,7,6.92,50.0,,
D Wiese,2023,Kolkata Knight Riders,1,18,3.0,38,0,0,0,3,0,0,0,0,0,23,15,0,12.67,16.67,,
D Pretorius,2023,Chennai Super Kings,1,24,4.0,29,0,4,0,8,0,0,0,0,0,0,9,20,7.25,28.57,,
JE Root,2023,Rajasthan Royals,1,12,2.0,15,0,0,0,1,0,0,0,0,0,0,15,0,7.5,8.33,,
R Goyal,2023,Mumbai Indians,1,24,4.0,34,0,0,0,6,0,0,0,0,0,0,34,0,8.5,25.0,,
J Yadav,2023,Gujarat Titans,1,24,4.0,26,0,0,0,8,0,0,0,0,0,16,7,3,6.5,33.33,,
BA Stokes,2023,Chennai Super Kings,1,6,1.0,18,0,0,0,0,0,0,0,0,0,18,0,0,18.0,0.0,,
Tilak Varma,2023,Mumbai Indians,1,6,1.0,7,0,1,0,3,0,0,0,0,0,0,7,0,7.0,42.86,,
HV Patel,2024,Punjab Kings,14,294,49.0,485,30,21,2,80,0,6,4,1,22,71,189,225,9.9,25.24,16.17,9.8
Mukesh Kumar,2024,Delhi Capitals,10,213,35.5,379,22,7,3,67,0,4,4,4,14,114,81,184,10.68,30.04,17.23,9.68
Avesh Khan,2024,Rajasthan Royals,15,329,54.8,533,22,16,1,97,0,2,4,5,11,138,194,201,9.72,28.03,24.23,14.95
CV Varun,2024,Kolkata Knight Riders,14,301,50.2,411,21,7,1,121,0,3,3,2,2,34,305,72,8.19,39.16,19.57,14.33
JJ Bumrah,2024,Mumbai Indians,13,311,51.8,341,21,13,4,144,1,5,5,6,11,128,101,112,6.58,43.9,16.24,14.81
T Natarajan,2024,Sunrisers Hyderabad,14,308,51.3,469,20,24,0,108,0,2,4,4,11,139,138,192,9.14,32.53,23.45,15.4
MA Starc,2024,Kolkata Knight Riders,13,251,41.8,450,20,16,0,102,0,3,4,11,9,297,18,135,10.76,38.2,22.5,12.55
Arshdeep Singh,2024,Punjab Kings,14,302,50.3,514,20,24,0,108,0,1,4,7,11,244,70,200,10.21,33.13,25.7,15.1
Harshit Rana,2024,Kolkata Knight Riders,11,253,42.2,385,20,11,0,93,0,3,3,4,8,140,115,130,9.13,35.23,19.25,12.65
AD Russell,2024,Kolkata Knight Riders,14,176,29.3,304,19,12,0,60,0,2,3,0,7,0,212,92,10.36,31.91,16.0,9.26
YS Chahal,2024,Rajasthan Royals,15,348,58.0,548,19,13,1,98,0,1,3,0,6,0,378,170,9.45,27.07,28.84,18.32
PJ Cummins,2024,Sunrisers Hyderabad,16,366,61.0,571,18,9,0,123,0,1,3,5,5,182,175,214,9.36,32.8,31.72,20.33
SP Narine,2024,Kolkata Knight Riders,14,330,55.0,376,18,4,0,122,0,0,2,1,3,65,280,31,6.84,36.53,20.89,18.33
TU Deshpande,2024,Chennai Super Kings,13,288,48.0,435,18,20,2,111,0,2,4,6,11,212,60,163,9.06,35.81,24.17,16.0
KK Ahmed,2024,Delhi Capitals,14,300,50.0,493,17,23,1,120,0,0,2,8,7,285,70,138,9.86,37.04,29.0,17.65
TA Boult,2024,Rajasthan Royals,15,320,53.3,448,16,13,0,132,0,2,3,12,4,271,82,95,8.4,39.64,28.0,20.0
SM Curran,2024,Punjab Kings,13,246,41.0,422,16,7,1,81,0,1,3,3,7,170,95,157,10.29,31.89,26.38,15.38
Kuldeep Yadav,2024,Delhi Capitals,11,258,43.0,376,16,8,1,80,0,2,4,0,4,20,275,81,8.74,29.96,23.5,16.13
MM Sharma,2024,Gujarat Titans,11,234,39.0,428,16,10,1,53,0,3,4,1,11,51,160,217,10.97,21.63,26.75,14.63
Yash Dayal,2024,Royal Challengers Bengaluru,14,302,50.3,472,16,18,2,116,0,1,4,7,9,277,40,155,9.38,36.02,29.5,18.88
Naveen-ul-Haq,2024,Lucknow Super Giants,10,219,36.5,375,15,10,3,69,0,1,3,4,6,150,83,142,10.27,29.74,25.0,14.6
Sandeep Sharma,2024,Rajasthan Royals,10,228,38.0,314,15,8,0,72,1,2,5,5,9,116,60,138,8.26,30.51,20.93,15.2
Mohammed Siraj,2024,Royal Challengers Bengaluru,14,324,54.0,507,15,26,0,121,0,1,3,5,5,274,93,140,9.39,34.57,33.8,21.6
Mustafizur Rahman,2024,Chennai Super Kings,9,207,34.5,324,14,15,3,76,0,1,4,3,7,102,58,164,9.39,33.78,23.14,14.79
HH Pandya,2024,Mumbai Indians,12,216,36.0,389,13,10,0,63,0,3,3,2,8,97,218,74,10.81,27.88,29.92,16.62
PP Chawla,2024,Mumbai Indians,11,210,35.0,312,13,5,0,65,0,2,3,1,2,32,261,19,8.91,30.23,24.0,16.15
M Pathirana,2024,Chennai Super Kings,6,132,22.0,175,13,13,0,49,0,2,4,0,5,0,72,103,7.95,33.79,13.46,10.15
G Coetzee,2024,Mumbai Indians,10,201,33.5,357,13,14,1,71,0,2,4,3,7,120,123,114,10.66,32.87,27.46,15.46
C Green,2024,Royal Challengers Bengaluru,13,211,35.2,305,12,12,0,70,0,0,2,1,2,5,215,85,8.67,31.39,25.42,17.58
Yash Thakur,2024,Lucknow Super Giants,10,213,35.5,405,12,11,1,65,1,1,5,5,5,87,140,178,11.41,28.89,33.75,17.75
I Sharma,2024,Delhi Capitals,9,162,27.0,266,12,19,1,62,0,2,3,9,2,168,51,47,9.85,34.07,22.17,13.5
AR Patel,2024,Delhi Capitals,14,264,44.0,340,11,1,0,77,0,0,2,2,0,54,270,16,7.73,29.06,30.91,24.0
K Rabada,2024,Punjab Kings,11,252,42.0,386,11,10,0,93,0,0,2,4,4,177,116,93,9.19,35.5,35.09,22.91
B Kumar,2024,Sunrisers Hyderabad,16,342,57.0,555,11,14,1,126,0,1,3,10,1,347,58,150,9.74,35.29,50.45,31.09
VG Arora,2024,Kolkata Knight Riders,10,181,30.2,284,11,15,5,76,0,1,3,9,2,218,33,33,9.41,37.81,25.82,16.45
Rashid Khan,2024,Gujarat Titans,12,262,43.7,372,10,0,0,79,0,0,2,3,5,59,202,111,8.52,30.15,37.2,26.2
RD Chahar,2024,Punjab Kings,9,186,31.0,280,10,2,1,55,0,1,3,0,3,0,225,55,9.03,29.1,28.0,18.6
Mohsin Khan,2024,Lucknow Super Giants,10,228,38.0,385,10,9,0,82,0,0,2,5,3,164,79,142,10.13,34.6,38.5,22.8
LH Ferguson,2024,Royal Challengers Bengaluru,7,144,24.0,260,10,0,3,38,0,1,3,2,3,62,119,79,10.83,25.85,26.0,14.4
Ravi Bishnoi,2024,Lucknow Super Giants,14,262,43.7,384,10,8,0,88,0,0,2,0,3,29,276,79,8.79,32.59,38.4,26.2
Rasikh Salam,2024,Delhi Capitals,8,147,24.5,271,9,9,0,40,0,2,3,0,3,43,138,90,11.06,25.64,30.11,16.33
UT Yadav,2024,Gujarat Titans,7,126,21.0,211,9,3,0,55,0,0,2,6,2,150,30,31,10.05,42.64,23.44,14.0
JD Unadkat,2024,Sunrisers Hyderabad,11,187,31.2,321,9,13,0,42,0,1,3,0,2,29,207,85,10.3,21.0,35.67,20.78
R Ashwin,2024,Rajasthan Royals,14,330,55.0,469,9,16,0,87,0,1,3,2,1,95,280,94,8.53,25.14,52.11,36.67
RA Jadeja,2024,Chennai Super Kings,14,282,47.0,371,8,2,1,73,0,2,3,0,0,0,363,8,7.89,25.61,46.38,35.25
Noor Ahmad,2024,Gujarat Titans,10,209,34.8,297,8,5,0,71,0,0,2,1,1,6,277,14,8.53,33.18,37.13,26.13
M Markande,2024,Sunrisers Hyderabad,7,132,22.0,259,8,9,1,29,0,0,2,0,0,0,202,57,11.77,20.42,32.38,16.5
MP Yadav,2024,Lucknow Super Giants,4,73,12.2,88,8,2,1,39,0,2,4,2,2,19,65,4,7.23,51.32,11.0,9.13
N Thushara,2024,Mumbai Indians,7,156,26.0,259,8,14,2,49,0,2,3,6,2,126,33,100,9.96,28.49,32.38,19.5
Harpreet Brar,2024,Punjab Kings,13,228,38.0,309,7,2,0,69,0,0,2,0,1,29,263,17,8.13,30.0,44.14,32.57
N Burger,2024,Rajasthan Royals,5,102,17.0,152,7,3,0,46,0,0,2,4,1,105,34,13,8.94,43.81,21.71,14.57
Shahbaz Ahmed,2024,Sunrisers Hyderabad,15,165,27.5,277,7,0,1,48,0,1,3,2,0,78,199,0,10.07,28.92,39.57,23.57
GJ Maxwell,2024,Royal Challengers Bengaluru,6,96,16.0,129,7,2,0,34,0,0,2,2,0,45,74,10,8.06,34.69,18.43,13.71
KV Sharma,2024,Royal Challengers Bengaluru,9,144,24.0,256,7,5,0,39,0,0,2,0,0,0,237,19,10.67,26.17,36.57,20.57
A Nortje,2024,Delhi Capitals,6,132,22.0,298,7,7,1,36,0,1,3,2,3,70,67,161,13.55,25.71,42.57,18.86
R Sai Kishore,2024,Gujarat Titans,5,90,15.0,137,7,3,0,30,0,1,4,1,2,19,72,46,9.13,32.26,19.57,12.86
Akash Madhwal,2024,Mumbai Indians,5,109,18.2,209,6,8,2,33,0,1,3,2,1,56,70,83,11.5,27.73,34.83,18.17
KH Pandya,2024,Lucknow Super Giants,12,198,33.0,258,6,7,0,55,0,1,3,0,0,54,175,29,7.82,26.83,43.0,33.0
KR Sen,2024,Rajasthan Royals,3,72,12.0,127,6,6,1,22,0,1,3,0,1,29,52,46,10.58,27.85,21.17,12.0
Swapnil Singh,2024,Royal Challengers Bengaluru,7,90,15.0,133,6,1,1,27,0,0,2,5,0,62,71,0,8.87,29.35,22.17,15.0
Vijaykumar Vyshak,2024,Royal Challengers Bengaluru,4,87,14.5,143,6,3,0,23,0,1,4,0,3,0,122,21,9.86,25.56,23.83,14.5
S Sandeep Warrier,2024,Gujarat Titans,5,66,11.0,122,6,3,1,29,0,1,3,6,0,107,15,0,11.09,41.43,20.33,11.0
Simarjeet Singh,2024,Chennai Super Kings,4,72,12.0,122,6,8,0,27,0,1,3,0,1,12,75,35,10.17,33.75,20.33,12.0
DL Chahar,2024,Chennai Super Kings,8,141,23.5,202,5,5,0,60,0,0,2,5,0,169,27,6,8.6,41.1,40.4,28.2
SN Thakur,2024,Chennai Super Kings,9,190,31.7,315,5,4,3,45,0,0,2,0,4,106,83,126,9.95,22.84,63.0,38.0
MP Stoinis,2024,Lucknow Super Giants,7,84,14.0,127,5,3,0,32,0,0,1,1,1,29,83,15,9.07,36.78,25.4,16.8
SH Johnson,2024,Gujarat Titans,5,96,16.0,155,4,3,0,34,0,0,2,1,2,56,61,38,9.69,34.34,38.75,24.0
Nithish Kumar Reddy,2024,Sunrisers Hyderabad,7,79,13.2,154,4,7,1,19,0,0,2,0,3,9,87,58,11.7,21.84,38.5,19.75
Azmatullah Omarzai,2024,Gujarat Titans,7,126,21.0,194,4,5,0,52,0,0,2,3,0,168,10,16,9.24,39.69,48.5,31.5
J Little,2024,Gujarat Titans,1,24,4.0,45,4,1,0,9,0,1,4,1,0,34,11,0,11.25,36.0,11.25,6.0
RJW Topley,2024,Royal Challengers Bengaluru,4,90,15.0,168,4,5,0,31,0,0,2,1,2,56,43,69,11.2,32.63,42.0,22.5
T Stubbs,2024,Delhi Capitals,2,12,2.0,15,3,1,0,6,0,0,2,0,0,0,15,0,7.5,46.15,5.0,4.0
LS Livingstone,2024,Punjab Kings,4,72,12.0,86,3,3,0,25,0,0,2,0,0,7,79,0,7.17,33.33,28.67,24.0
DG Nalkande,2024,Gujarat Titans,3,29,4.8,46,3,2,0,6,0,0,2,0,1,0,21,25,9.52,19.35,15.33,9.67
MJ Santner,2024,Chennai Super Kings,3,54,9.0,64,3,0,0,23,0,0,2,0,0,20,44,0,7.11,42.59,21.33,18.0
S Gopal,2024,Mumbai Indians,3,42,7.0,67,3,0,0,10,0,0,1,0,0,0,67,0,9.57,23.81,22.33,14.0
KA Maharaj,2024,Rajasthan Royals,2,36,6.0,39,2,0,0,11,0,0,2,0,0,8,31,0,6.5,30.56,19.5,18.0
Abhishek Sharma,2024,Sunrisers Hyderabad,4,42,7.0,51,2,0,0,12,0,0,2,0,0,27,13,11,7.29,28.57,25.5,21.0
M Theekshana,2024,Chennai Super Kings,5,120,20.0,146,2,1,0,44,0,0,1,0,0,60,72,14,7.3,36.36,73.0,60.0
M Jansen,2024,Sunrisers Hyderabad,3,60,10.0,134,2,6,2,18,0,0,1,2,0,53,66,15,13.4,26.47,67.0,30.0
A Kamboj,2024,Mumbai Indians,3,60,10.0,115,2,6,2,19,0,0,1,1,0,62,53,0,11.5,27.94,57.5,30.0
WG Jacks,2024,Royal Challengers Bengaluru,5,54,9.0,100,2,1,0,11,0,0,1,1,0,34,66,0,11.11,20.0,50.0,27.0
Mohammad Nabi,2024,Mumbai Indians,6,74,12.3,110,2,0,0,18,0,0,1,0,0,22,85,3,8.92,24.32,55.0,37.0
R Shepherd,2024,Mumbai Indians,5,72,12.0,162,2,4,0,15,0,0,2,1,1,22,89,51,13.5,19.74,81.0,36.0
MM Ali,2024,Chennai Super Kings,4,48,8.0,71,2,1,0,12,0,0,2,0,1,0,52,19,8.88,24.49,35.5,24.0
V Kaverappa,2024,Punjab Kings,1,24,4.0,36,2,0,0,11,0,0,2,2,0,20,16,0,9.0,45.83,18.0,12.0
MR Marsh,2024,Delhi Capitals,3,48,8.0,103,1,6,0,9,0,0,1,0,0,16,50,37,12.88,16.67,103.0,48.0
S Dube,2024,Chennai Super Kings,1,6,1.0,14,1,0,0,1,0,0,1,0,0,0,14,0,14.0,16.67,14.0,6.0
AS Joseph,2024,Royal Challengers Bengaluru,3,58,9.7,123,1,6,0,16,0,0,1,0,0,35,33,55,12.72,25.0,123.0,58.0
Akash Deep,2024,Royal Challengers Bengaluru,1,21,3.5,55,1,2,0,6,0,0,1,0,0,9,35,11,15.71,26.09,55.0,21.0
V Viyaskanth,2024,Sunrisers Hyderabad,3,60,10.0,90,1,0,0,16,0,0,1,0,0,0,90,0,9.0,26.67,90.0,60.0
KT Maphaka,2024,Mumbai Indians,2,36,6.0,90,1,3,0,11,0,0,1,1,0,52,20,18,15.0,28.21,90.0,36.0
NT Ellis,2024,Punjab Kings,1,24,4.0,24,1,0,0,10,0,0,1,0,0,3,3,18,6.0,41.67,24.0,24.0
Yudhvir Singh,2024,Lucknow Super Giants,2,24,4.0,52,1,0,0,5,0,0,1,0,1,16,0,36,13.0,20.83,52.0,24.0
Arshad Khan,2024,Lucknow Super Giants,3,49,8.2,90,1,7,0,19,0,0,1,1,0,66,0,24,11.02,33.93,90.0,49.0
M Siddharth,2024,Lucknow Super Giants,3,55,9.2,72,1,1,2,22,0,0,1,1,0,63,9,0,7.85,37.93,72.0,55.0
Shashank Singh,2024,Punjab Kings,1,6,1.0,5,1,0,0,1,0,0,1,0,0,0,5,0,5.0,16.67,5.0,6.0
DJ Mitchell,2024,Chennai Super Kings,2,36,6.0,70,1,2,0,4,0,0,1,0,0,0,70,0,11.67,10.53,70.0,36.0
LB Williams,2024,Delhi Capitals,2,37,6.2,74,1,4,1,12,0,0,1,0,0,56,4,14,12.0,28.57,74.0,37.0
AS Roy,2024,Kolkata Knight Riders,3,34,5.7,60,1,0,0,13,0,0,1,1,0,51,3,6,10.59,38.24,60.0,34.0
Mayank Dagar,2024,Royal Challengers Bengaluru,5,71,11.8,122,1,1,0,21,0,0,1,0,0,20,92,10,10.31,29.17,122.0,71.0
RJ Gleeson,2024,Chennai Super Kings,2,47,7.8,72,1,3,1,19,0,0,1,1,0,29,10,33,9.19,37.25,72.0,47.0
A Mishra,2024,Lucknow Super Giants,1,12,2.0,20,1,0,0,5,0,0,1,0,0,0,20,0,10.0,41.67,20.0,12.0
Washington Sundar,2024,Sunrisers Hyderabad,2,30,5.0,73,1,0,0,3,0,0,1,1,0,46,27,0,14.6,10.0,73.0,30.0
MJ Henry,2024,Lucknow Super Giants,4,72,12.0,112,1,2,0,24,0,0,1,1,0,94,8,10,9.33,32.43,112.0,72.0
L Wood,2024,Mumbai Indians,2,36,6.0,94,1,1,1,8,0,0,1,0,0,26,23,45,15.67,21.05,94.0,36.0
Umran Malik,2024,Sunrisers Hyderabad,1,6,1.0,15,0,1,0,2,0,0,0,0,0,0,15,0,15.0,28.57,,
Arjun Tendulkar,2024,Mumbai Indians,1,14,2.3,22,0,1,0,7,0,0,0,0,0,10,12,0,9.43,46.67,,
Naman Dhir,2024,Mumbai Indians,3,28,4.7,55,0,1,0,3,0,0,0,0,0,6,49,0,11.79,10.34,,
AK Markram,2024,Sunrisers Hyderabad,2,12,2.0,15,0,0,1,4,0,0,0,0,0,0,15,0,7.5,30.77,,
VR Iyer,2024,Kolkata Knight Riders,1,6,1.0,28,0,0,0,0,0,0,0,0,0,0,28,0,28.0,0.0,,
PVD Chameera,2024,Kolkata Knight Riders,1,18,3.0,49,0,1,0,5,0,0,0,0,0,31,0,18,16.33,26.32,,
K Gowtham,2024,Lucknow Super Giants,1,12,2.0,30,0,1,0,4,0,0,0,0,0,30,0,0,15.0,30.77,,
Mukesh Choudhary,2024,Chennai Super Kings,1,6,1.0,27,0,0,1,2,0,0,0,0,0,27,0,0,27.0,28.57,,
Ramandeep Singh,2024,Kolkata Knight Riders,1,4,0.7,9,0,0,0,0,0,0,0,0,0,0,0,9,13.5,0.0,,
Atharva Taide,2024,Punjab Kings,1,1,0.2,4,0,0,0,0,0,0,0,0,0,0,0,4,24.0,0.0,,
H Sharma,2024,Royal Challengers Bengaluru,1,12,2.0,29,0,0,0,0,0,0,0,0,0,0,29,0,14.5,0.0,,
R Parag,2024,Rajasthan Royals,2,18,3.0,27,0,1,0,5,0,0,0,0,0,0,27,0,9.0,26.32,,
N Wadhera,2024,Mumbai Indians,1,12,2.0,13,0,0,0,2,0,0,0,0,0,0,13,0,6.5,16.67,,
S Joseph,2024,Lucknow Super Giants,1,24,4.0,51,0,3,3,9,0,0,0,0,0,27,24,0,12.75,30.0,,
Gulbadin Naib,2024,Delhi Capitals,1,6,1.0,12,0,0,0,1,0,0,0,0,0,0,12,0,12.0,16.67,,
JA Richardson,2024,Delhi Capitals,1,24,4.0,40,0,1,0,8,0,0,0,0,0,13,15,12,10.0,32.0,,
TM Head,2024,Sunrisers Hyderabad,1,10,1.7,32,0,0,0,2,0,0,0,0,0,0,32,0,19.2,20.0,,
M Shahrukh Khan,2024,Gujarat Titans,2,12,2.0,16,0,0,0,3,0,0,0,0,0,0,9,7,8.0,25.0,,
DJ Hooda,2024,Lucknow Super Giants,2,18,3.0,22,0,1,0,4,0,0,0,0,0,0,22,0,7.33,21.05,,
R Dhawan,2024,Punjab Kings,1,18,3.0,39,0,1,0,4,0,0,0,0,0,39,0,0,13.0,21.05,,
Suyash Sharma,2024,Kolkata Knight Riders,2,24,4.0,51,0,1,0,5,0,0,0,0,0,0,51,0,12.75,20.0,,
MK Lomror,2024,Royal Challengers Bengaluru,1,6,1.0,18,0,3,0,1,0,0,0,0,0,0,18,0,18.0,11.11,,
R Ravindra,2024,Chennai Super Kings,2,12,2.0,7,0,0,0,5,0,0,0,0,0,0,7,0,3.5,41.67,,
Lalit Yadav,2024,Delhi Capitals,2,18,3.0,57,0,0,0,2,0,0,0,0,0,57,0,0,19.0,11.11,,
Arshad Khan (2),2024,Lucknow Super Giants,1,12,2.0,25,0,1,0,4,0,0,0,0,0,0,25,0,12.5,30.77,,
Sumit Kumar,2024,Delhi Capitals,2,20,3.3,38,0,2,0,4,0,0,0,0,0,0,30,8,11.4,18.18,,
SZ Mulani,2024,Mumbai Indians,2,30,5.0,57,0,3,0,7,0,0,0,0,0,12,24,21,11.4,21.21,,
Sikandar Raza,2024,Punjab Kings,1,12,2.0,22,0,0,0,2,0,0,0,0,0,0,22,0,11.0,16.67,,
MJ Suthar,2024,Gujarat Titans,1,12,2.0,26,0,0,0,4,0,0,0,0,0,26,0,0,13.0,33.33,,
Tilak Varma,2024,Mumbai Indians,1,4,0.7,8,0,0,0,0,0,0,0,0,0,0,0,8,12.0,0.0,,
A Badoni,2024,Lucknow Super Giants,2,12,2.0,25,0,0,0,1,0,0,0,0,0,0,19,6,12.5,8.33,,
Kartik Tyagi,2024,Gujarat Titans,1,24,4.0,52,0,2,0,4,0,0,0,0,0,10,23,19,13.0,15.38,,
